Round,Nr.1,Nr.2,Nr.3,Nr.4,Nr.5,Nr.6,Nr.7,Nr.8,Nr.9,Nr.10,Nr.11,Nr.12
1,1,2,3,7,8,11,14,16,18,19,21,23
2,5,6,7,8,9,10,12,15,17,18,19,24
3,1,2,3,8,9,11,13,14,20,21,22,24
4,2,5,7,9,11,12,13,17,19,21,23,24
5,3,4,5,7,8,10,11,14,16,17,18,22
6,3,5,9,10,11,12,16,17,20,22,23,24
7,1,2,4,6,9,13,14,18,19,20,21,22
8,2,4,5,6,7,8,9,13,15,17,18,20
9,2,5,6,10,11,12,13,15,16,18,22,23
10,1,2,3,6,9,12,15,16,18,19,23,24
11,3,4,5,10,11,13,14,15,16,20,21,23
12,5,6,8,9,10,11,12,13,16,19,21,24
13,2,4,5,9,10,13,15,17,19,22,23,24
14,1,2,5,7,9,10,11,14,15,17,21,22
15,1,2,3,5,11,12,13,15,16,17,21,24
16,1,2,7,10,11,13,14,15,19,21,22,24
17,2,3,7,10,11,12,14,15,17,18,20,21
18,2,3,4,5,8,14,16,17,18,19,20,21
19,1,2,6,9,11,12,13,15,17,18,20,21
20,2,3,7,8,10,12,13,18,19,20,21,23
21,2,4,5,6,8,9,12,15,17,19,20,24
22,1,2,6,7,8,9,13,17,18,20,21,24
23,4,7,8,10,11,12,14,15,16,19,21,22
24,1,6,7,9,10,11,13,15,16,19,20,24
25,1,4,7,8,11,12,13,14,16,18,20,24
26,1,3,7,9,10,12,14,17,18,19,20,24
27,1,4,5,6,8,13,14,18,19,21,22,24
28,1,3,4,5,6,7,8,9,17,19,22,23
29,1,2,10,11,12,13,14,15,17,21,22,24
30,2,6,9,10,11,12,14,15,18,19,20,23
31,1,4,5,6,13,15,16,18,19,21,22,23
32,4,8,9,10,13,14,15,16,18,19,22,24
33,1,2,6,7,9,10,11,13,14,16,23,24
34,4,5,6,7,8,11,13,14,15,16,17,22
35,2,3,6,8,9,10,11,13,15,17,19,24
36,2,3,6,7,9,12,13,16,17,19,21,22
37,1,2,3,4,11,12,14,16,18,21,22,24
38,3,4,8,9,13,14,15,17,18,20,22,24
39,4,5,6,7,10,11,15,16,18,20,21,22
40,4,7,8,9,11,12,14,16,19,20,21,23
41,1,2,5,8,9,11,14,18,19,20,21,22
42,3,4,5,8,9,10,12,13,16,18,21,22
43,2,3,4,7,11,12,13,18,19,20,21,23
44,3,9,11,13,14,15,17,20,21,22,23,24
45,2,4,5,6,11,13,14,16,17,18,20,24
46,1,2,4,5,7,9,10,11,13,17,22,24
47,3,4,12,13,14,15,17,19,20,21,22,24
48,1,7,8,10,13,14,16,18,20,22,23,24
49,4,5,6,9,11,13,16,17,18,20,23,24
50,3,5,10,11,12,15,17,18,19,20,23,24
51,1,2,4,7,12,14,15,16,17,19,22,24
52,1,5,6,8,11,12,15,16,18,20,22,23
53,2,3,4,6,7,8,14,17,18,19,21,22
54,4,6,11,13,15,16,17,18,20,21,23,24
55,2,5,6,10,11,12,13,15,16,20,21,24
56,2,3,7,13,14,15,17,19,20,21,22,23
57,1,2,3,6,8,9,10,13,14,15,16,18
58,3,5,7,8,10,15,16,17,18,20,21,22
59,1,3,4,5,6,7,10,11,15,18,21,24
60,3,5,8,9,10,12,14,17,20,21,22,24
61,1,2,3,5,6,7,10,11,12,14,16,20
62,4,5,7,9,10,11,12,13,15,17,19,20
63,1,2,4,7,9,12,13,17,20,22,23,24
64,1,3,7,8,12,13,14,17,18,20,22,23
65,2,5,6,8,10,11,17,18,19,22,23,24
66,1,3,4,5,6,10,11,13,16,17,18,20
67,1,4,5,6,7,11,12,13,18,19,20,24
68,1,2,4,5,10,12,14,15,18,20,23,24
69,1,7,9,12,13,14,15,16,17,20,21,22
70,1,6,7,9,10,14,16,17,18,22,23,24
71,1,3,5,7,9,10,13,17,18,19,20,22
72,1,3,4,5,6,8,9,10,11,13,15,24
73,5,7,8,9,12,13,14,15,16,20,22,23
74,1,3,4,5,6,8,11,12,13,17,19,23
75,3,4,5,6,10,13,14,15,17,20,21,23
76,1,2,5,9,10,15,16,18,20,22,23,24
77,1,2,5,7,10,12,13,15,18,21,23,24
78,4,6,7,8,11,13,15,19,20,21,22,24
79,2,3,4,6,8,11,13,14,20,22,23,24
80,1,2,4,5,6,8,9,15,18,20,21,22
81,2,5,7,8,9,12,13,17,19,21,22,23
82,2,8,9,10,11,13,15,16,17,20,21,24
83,1,2,11,13,14,16,17,18,20,21,22,24
84,4,5,6,8,14,17,18,19,20,22,23,24
85,4,5,6,10,11,13,15,17,18,19,22,24
86,2,5,6,7,9,12,13,16,18,19,20,23
87,1,6,7,9,11,12,14,16,17,20,21,23
88,1,2,5,8,9,12,13,15,16,20,22,24
89,1,3,5,7,8,11,13,17,20,21,22,24
90,1,2,3,4,6,7,11,12,14,17,18,23
91,1,3,4,6,8,9,10,14,16,19,20,23
92,2,3,8,10,13,15,16,19,21,22,23,24
93,4,5,7,8,9,10,12,13,16,19,21,24
94,3,4,5,6,10,12,13,15,21,22,23,24
95,2,3,5,6,8,9,10,15,18,19,20,23
96,5,8,9,10,12,13,14,15,16,18,20,22
97,1,2,3,7,8,11,12,14,15,17,18,22
98,1,2,4,6,8,10,11,14,16,18,19,20
99,1,9,10,11,12,13,14,18,19,20,23,24
100,2,6,8,11,12,13,14,15,16,21,22,24
101,3,6,7,8,14,16,17,18,19,20,22,23
102,1,5,6,9,10,11,15,16,17,19,20,21
103,1,3,4,7,12,13,14,15,18,19,23,24
104,1,2,3,5,7,9,15,17,18,20,22,23
105,1,9,10,11,12,13,15,16,17,18,19,21
106,1,6,8,9,12,14,16,17,20,22,23,24
107,1,7,8,9,10,11,14,18,20,21,23,24
108,3,6,8,10,11,13,15,18,19,21,22,23
109,2,4,5,7,9,11,13,16,18,19,22,23
110,5,6,9,10,11,13,15,17,19,21,23,24
111,1,2,10,11,12,13,14,18,20,21,23,24
112,2,4,7,9,10,11,12,13,14,17,22,23
113,2,7,10,11,12,14,16,17,18,21,23,24
114,1,2,5,6,7,9,10,11,13,17,22,24
115,2,3,5,8,9,11,13,15,16,17,18,23
116,1,5,8,11,12,16,17,18,19,22,23,24
117,2,3,4,5,9,10,13,15,19,20,21,24
118,3,4,5,6,7,8,9,10,14,15,16,22
119,2,5,7,8,9,11,12,14,17,20,21,22
120,2,3,8,9,10,11,14,15,17,18,19,20
121,1,2,3,4,5,7,8,13,18,19,21,22
122,1,4,6,8,9,11,16,20,21,22,23,24
123,2,3,5,7,10,12,15,17,18,20,23,24
124,1,3,4,6,10,11,13,15,18,19,20,23
125,1,2,7,8,9,12,14,16,17,18,21,24
126,1,2,4,5,11,12,13,14,15,21,22,23
127,1,2,4,5,7,10,13,14,16,19,23,24
128,1,2,3,4,7,8,9,10,12,18,20,24
129,1,2,3,4,5,6,8,9,17,19,20,22
130,1,3,4,6,9,10,11,16,17,18,19,23
131,3,5,6,8,9,10,12,13,16,20,21,24
132,1,2,3,4,6,8,9,14,16,18,20,23
133,1,3,6,7,8,9,11,13,21,22,23,24
134,2,4,5,7,8,13,14,15,17,18,21,23
135,1,5,6,7,8,12,15,17,19,21,22,23
136,1,2,4,5,8,9,14,15,16,20,22,24
137,1,2,3,5,6,7,15,16,18,20,21,22
138,1,2,3,4,6,7,12,17,19,20,21,22
139,2,4,7,8,10,11,12,18,19,20,22,23
140,1,2,7,10,11,12,17,18,19,20,21,24
141,3,5,7,10,11,12,13,14,16,18,19,24
142,1,7,8,10,11,13,15,16,20,21,22,24
143,2,3,5,9,10,11,13,16,17,20,23,24
144,1,6,7,8,12,14,16,17,18,20,23,24
145,1,2,3,4,5,8,9,14,16,17,19,21
146,2,5,6,8,12,15,17,18,19,20,22,23
147,1,6,7,9,10,11,16,18,20,21,22,24
148,3,4,5,7,8,9,13,14,16,19,20,22
149,2,6,11,12,13,14,15,16,17,19,22,23
150,1,3,5,7,10,12,14,15,17,18,21,23
151,1,3,5,6,7,9,13,16,18,19,20,23
152,2,6,9,10,12,13,14,18,19,21,23,24
153,3,6,7,9,11,12,14,16,17,20,22,23
154,4,5,6,7,8,11,15,16,17,18,21,22
155,2,5,7,8,10,13,14,15,16,18,21,23
156,1,2,3,7,8,12,13,15,18,19,21,24
157,4,5,6,9,10,12,15,16,17,21,22,24
158,1,3,6,7,9,10,13,14,15,16,22,23
159,3,6,8,9,13,15,16,17,19,21,22,23
160,3,5,7,9,10,11,14,17,19,21,22,23
161,2,7,11,12,13,15,16,19,20,22,23,24
162,3,5,6,7,8,10,11,14,15,16,19,23
163,1,4,6,8,9,12,14,16,17,18,21,22
164,1,2,3,9,10,12,14,16,17,19,20,22
165,3,6,7,9,10,12,14,16,19,21,22,23
166,1,2,4,5,6,10,11,13,14,17,21,23
167,1,2,3,5,8,11,17,18,20,21,22,24
168,1,2,3,5,8,11,12,13,14,17,19,24
169,1,3,4,5,7,9,11,13,14,16,17,21
170,1,3,5,6,14,16,17,19,20,21,22,23
171,1,2,3,6,10,11,13,14,19,22,23,24
172,1,3,4,7,8,11,14,16,21,22,23,24
173,1,4,6,7,13,14,17,18,20,21,22,24
174,3,4,6,7,10,12,13,16,20,21,22,23
175,1,2,3,4,6,10,12,15,16,18,20,22
176,1,6,7,8,9,10,12,14,15,17,19,21
177,1,2,5,6,9,11,15,17,18,19,22,23
178,1,6,7,9,12,15,16,17,20,21,22,23
179,1,4,6,8,9,12,13,14,17,18,21,23
180,1,4,6,8,9,11,12,15,18,19,23,24
181,2,3,4,6,10,12,13,16,17,21,22,23
182,1,2,4,5,6,8,12,13,15,17,19,22
183,2,3,4,5,8,11,12,13,16,17,18,24
184,1,3,7,8,9,10,11,15,16,19,20,24
185,1,2,4,6,8,9,10,11,12,13,17,18
186,5,6,10,12,13,14,15,18,19,20,22,23
187,2,6,9,10,11,13,15,16,18,20,21,24
188,1,3,8,9,10,12,13,14,15,16,18,19
189,3,4,6,8,9,10,11,14,16,18,19,23
190,1,4,5,7,10,12,15,16,17,19,21,22
191,1,2,3,5,11,12,15,16,17,19,21,22
192,2,3,7,10,12,13,14,16,19,21,22,23
193,1,3,4,5,9,15,16,17,18,20,21,22
194,2,5,7,8,9,10,12,13,16,18,21,23
195,2,4,6,8,10,11,13,14,17,19,20,24
196,2,3,5,6,9,13,14,15,17,18,19,24
197,3,4,8,10,13,15,16,17,20,21,22,24
198,2,8,11,14,15,16,17,19,20,21,22,24
199,2,3,4,7,8,9,10,12,14,15,16,22
200,2,4,7,8,9,11,13,15,19,22,23,24
201,1,3,7,8,10,15,16,17,20,21,22,24
202,2,3,5,6,7,9,11,15,16,18,21,22
203,1,3,7,8,9,11,12,15,20,21,23,24
204,1,3,4,5,6,11,15,17,18,20,21,24
205,2,5,8,10,11,12,15,16,17,18,19,24
206,1,2,6,8,9,11,12,13,14,15,22,24
207,2,4,7,8,11,13,14,15,18,20,21,24
208,1,3,4,5,8,11,12,13,15,16,17,23
209,2,3,4,6,8,9,10,11,12,16,17,21
210,2,3,5,6,8,11,13,14,17,19,21,24
211,1,2,3,6,7,9,13,14,17,18,19,20
212,1,3,9,12,14,15,16,17,19,20,22,23
213,1,2,3,4,6,8,9,13,16,17,19,22
214,1,5,10,11,12,13,14,16,20,22,23,24
215,5,7,8,10,11,13,15,16,17,20,21,24
216,1,3,7,8,9,11,12,14,15,16,19,22
217,1,4,6,7,10,11,12,15,17,18,20,23
218,1,4,6,8,9,11,13,16,17,19,20,23
219,1,4,5,6,8,12,13,15,18,21,22,23
220,1,2,4,10,12,14,16,18,19,20,21,22
221,1,7,8,10,11,13,15,16,18,20,21,22
222,1,2,4,8,13,15,19,20,21,22,23,24
223,2,3,5,8,9,10,11,18,19,21,22,23
224,3,4,5,6,10,11,15,16,18,19,21,23
225,1,3,5,6,8,9,10,11,12,17,20,24
226,5,6,8,10,13,15,16,17,18,19,21,23
227,4,9,10,11,12,13,14,15,17,19,20,21
228,3,5,6,7,9,10,11,12,15,17,18,19
229,1,3,5,7,10,12,16,18,19,20,21,24
230,1,2,4,6,10,14,16,17,18,21,22,23
231,2,5,7,8,11,12,13,15,16,17,21,22
232,1,9,10,11,12,13,14,15,16,18,22,24
233,3,5,6,8,9,10,13,14,18,22,23,24
234,2,5,6,7,9,10,11,13,15,20,21,24
235,3,4,5,7,8,9,10,12,13,15,17,23
236,1,3,4,6,12,13,14,15,16,17,20,23
237,2,3,5,6,7,9,10,14,16,17,18,21
238,2,6,8,10,12,13,16,17,19,21,22,24
239,1,3,4,5,6,7,9,14,18,19,21,24
240,1,5,9,10,12,13,14,15,16,17,19,21
241,2,3,7,10,11,12,13,16,18,22,23,24
242,1,3,5,6,9,10,11,12,15,16,18,24
243,1,3,8,10,12,14,15,16,17,18,20,23
244,1,6,7,8,11,13,15,16,18,19,20,21
245,1,2,3,5,6,8,12,14,17,19,21,22
246,2,5,6,10,11,12,14,16,17,18,20,22
247,2,5,6,7,8,9,10,11,19,20,22,24
248,4,5,6,8,9,10,11,14,20,21,22,23
249,3,4,7,8,10,11,12,13,16,18,21,22
250,2,4,5,6,7,8,9,10,14,15,23,24
251,1,5,6,7,9,10,11,12,15,17,18,24
252,4,5,6,11,12,13,14,15,18,20,21,23
253,1,2,3,4,11,12,13,14,15,20,21,22
254,2,3,5,6,9,10,11,13,14,17,18,19
255,1,2,7,8,10,11,12,15,17,18,21,22
256,1,2,5,9,14,16,17,18,19,22,23,24
257,1,2,3,4,7,9,10,12,18,19,21,23
258,2,4,5,7,8,12,13,17,18,21,22,24
259,1,2,3,4,5,6,9,12,21,22,23,24
260,9,10,12,13,14,15,16,17,20,21,23,24
261,2,5,8,10,12,14,16,19,20,21,22,23
262,9,11,12,13,14,15,16,17,20,21,23,24
263,3,6,10,14,15,17,18,19,20,21,22,24
264,2,4,7,8,9,10,11,12,13,14,20,21
265,3,4,5,7,8,10,13,16,17,18,21,24
266,2,3,6,8,9,11,13,15,16,17,20,22
267,1,2,6,9,10,12,14,17,19,20,21,22
268,1,4,8,11,13,18,19,20,21,22,23,24
269,2,3,5,6,11,12,13,15,16,19,20,24
270,1,2,3,4,6,8,9,11,13,16,19,22
271,1,8,9,10,13,15,16,18,19,20,22,23
272,2,4,5,8,10,11,12,15,16,18,20,22
273,1,2,4,6,9,10,15,16,18,21,22,23
274,1,4,6,7,8,12,13,14,17,21,22,24
275,3,5,7,10,11,12,13,16,17,20,22,24
276,4,6,7,10,12,13,14,16,19,21,22,24
277,3,7,9,11,12,13,15,16,20,21,22,24
278,2,3,5,6,7,9,12,16,17,19,21,24
279,1,3,6,7,9,11,13,15,17,19,21,23
280,1,2,5,7,8,9,10,12,16,21,22,23
281,3,4,5,7,10,11,13,15,17,18,19,21
282,1,4,7,8,10,11,13,14,15,17,20,21
283,1,2,3,4,7,8,11,12,17,19,20,23
284,2,5,8,10,11,15,16,20,21,22,23,24
285,1,2,3,4,6,7,9,11,14,18,19,22
286,3,5,6,9,11,12,17,19,20,21,22,23
287,1,5,6,9,10,13,16,18,19,20,21,23
288,1,2,3,4,7,8,12,17,18,20,23,24
289,3,4,7,9,12,13,14,15,17,18,20,24
290,1,2,3,8,11,15,18,19,20,21,23,24
291,1,2,3,4,6,7,8,14,18,19,21,24
292,2,5,6,9,10,11,12,13,14,17,23,24
293,1,2,3,5,7,8,9,10,12,15,17,18
294,4,5,8,9,10,11,14,15,17,18,19,22
295,1,2,5,7,8,9,13,15,16,18,22,23
296,2,3,7,8,9,11,14,16,18,21,22,24
297,1,3,6,8,9,12,13,14,16,19,23,24
298,1,2,4,5,6,7,8,15,17,19,22,24
299,5,6,7,8,9,11,13,15,17,18,23,24
300,2,3,5,6,10,14,15,17,19,20,22,24
301,3,4,5,7,9,12,13,15,16,17,19,21
302,3,4,6,10,13,15,16,18,19,21,23,24
303,1,2,5,7,12,13,15,17,19,20,23,24
304,4,6,7,8,9,10,13,16,18,19,21,24
305,1,2,5,9,10,11,13,14,16,20,21,24
306,2,4,7,8,10,13,14,15,16,17,21,23
307,1,4,6,7,10,11,13,14,16,17,18,23
308,1,3,4,5,8,9,11,13,14,16,17,19
309,6,7,9,10,11,12,14,16,20,21,23,24
310,1,2,5,7,11,12,13,16,17,18,19,21
311,3,4,5,6,8,11,13,18,19,20,23,24
312,1,3,5,7,8,10,11,13,15,16,18,20
313,3,7,8,12,13,14,16,18,19,20,22,24
314,1,4,6,8,9,10,14,15,19,20,21,23
315,2,3,6,7,10,13,15,16,18,21,22,24
316,1,3,4,5,9,13,15,16,18,20,21,23
317,1,2,3,4,5,6,9,15,16,18,22,23
318,1,3,5,6,7,8,9,13,14,16,20,24
319,1,2,4,6,8,9,10,16,18,21,23,24
320,2,4,5,6,8,9,13,15,20,21,22,24
321,1,2,4,7,8,9,15,16,18,21,22,24
322,3,4,5,7,8,9,11,13,17,19,20,22
323,1,3,4,5,7,8,11,13,14,15,18,23
324,1,3,4,7,9,11,12,13,15,16,17,19
325,1,2,3,5,9,11,14,15,18,21,22,24
326,1,3,7,8,9,10,13,17,18,20,21,23
327,1,4,5,7,8,10,13,17,19,20,22,23
328,1,3,6,7,9,11,13,14,15,16,19,24
329,1,3,4,5,8,9,10,13,19,21,22,24
330,1,2,3,8,11,12,17,18,19,20,22,24
331,1,3,4,5,6,7,8,16,18,20,21,23
332,1,3,5,7,9,11,12,13,16,18,20,21
333,2,3,5,6,7,9,10,11,12,16,22,23
334,4,5,8,9,10,11,13,15,16,17,18,22
335,3,5,6,7,9,11,15,18,19,21,23,24
336,1,2,4,5,7,9,11,12,16,17,18,20
337,1,3,4,5,9,11,12,14,15,17,19,20
338,2,5,6,7,8,10,11,15,16,17,22,23
339,1,2,6,7,11,14,15,17,20,21,23,24
340,1,5,7,8,11,16,17,18,19,20,22,23
341,5,6,7,9,11,13,14,16,18,20,21,24
342,2,3,8,9,10,12,14,17,18,21,23,24
343,2,4,6,8,9,11,13,16,17,18,19,21
344,1,5,6,7,10,11,12,15,16,17,22,24
345,1,4,5,6,7,9,12,14,16,18,21,23
346,1,2,7,9,10,11,13,14,16,21,23,24
347,4,5,7,8,10,12,13,15,16,17,18,24
348,2,5,6,7,11,12,17,19,20,21,22,24
349,1,2,6,8,9,10,11,14,16,17,21,22
350,2,4,6,8,9,11,12,16,18,20,22,24
351,1,2,4,6,7,11,12,17,19,20,21,23
352,3,7,8,11,14,15,17,18,19,20,22,23
353,1,3,6,9,10,13,14,16,17,20,21,24
354,1,2,8,9,11,12,14,16,17,18,20,24
355,1,2,5,8,10,11,14,15,16,17,18,20
356,3,4,6,9,10,13,16,18,19,21,22,24
357,1,3,5,7,10,11,13,17,18,19,21,23
358,1,3,5,6,7,8,13,14,16,18,20,21
359,2,4,6,7,11,14,15,17,19,21,23,24
360,2,3,4,5,7,8,9,10,11,13,15,20
361,2,3,5,11,12,14,16,18,20,21,22,24
362,1,3,4,7,8,9,11,12,14,19,23,24
363,4,5,7,8,10,14,16,17,19,20,21,24
364,1,2,5,6,7,9,10,12,13,14,15,23
365,1,2,3,4,5,8,12,14,15,21,23,24
366,1,4,5,9,10,11,13,15,20,21,22,23
367,1,2,3,7,8,10,12,13,20,21,23,24
368,1,5,6,9,10,11,13,15,16,22,23,24
369,2,3,4,5,6,7,9,12,17,20,21,22
370,1,5,6,7,8,9,11,13,14,15,18,22
371,1,2,6,8,9,10,13,15,16,18,19,21
372,2,3,6,8,9,11,13,14,19,21,22,24
373,1,2,4,9,10,11,14,16,17,19,20,22
374,1,3,5,6,7,8,9,15,17,18,19,22
375,1,2,3,4,5,6,14,17,18,21,23,24
376,5,6,8,9,10,11,12,14,17,18,20,22
377,5,6,7,9,10,11,17,19,20,21,22,23
378,5,7,8,9,10,12,13,15,16,18,22,23
379,5,8,9,10,12,13,17,18,20,22,23,24
380,2,4,6,8,12,13,14,17,18,19,22,24
381,1,2,5,10,12,15,16,18,19,22,23,24
382,4,5,6,7,9,10,13,15,20,21,22,23
383,2,3,4,5,6,7,8,10,15,17,20,23
384,1,2,3,5,7,8,9,11,15,17,23,24
385,2,4,5,8,9,11,14,17,18,20,22,24
386,1,2,3,6,7,9,10,11,12,15,20,24
387,1,2,3,6,8,10,12,15,17,21,23,24
388,1,3,4,7,10,12,13,17,18,20,21,23
389,2,3,4,5,7,8,9,10,14,15,21,24
390,1,3,6,7,10,11,14,15,17,18,21,24
391,1,3,5,6,7,10,12,13,14,17,20,21
392,1,2,3,4,7,8,9,12,13,17,21,22
393,2,4,5,7,9,16,17,18,19,22,23,24
394,2,3,5,6,8,9,13,16,18,20,21,22
395,1,4,5,6,11,14,15,16,20,22,23,24
396,2,3,4,7,9,12,13,15,16,21,23,24
397,1,2,5,6,11,12,15,16,17,20,22,23
398,2,3,5,7,10,11,15,16,18,19,21,24
399,2,3,5,7,8,9,12,13,17,18,19,24
400,1,2,3,4,5,6,9,12,13,15,21,22
401,1,2,3,6,7,12,13,15,16,17,18,19
402,1,2,5,6,7,8,9,10,12,14,18,21
403,2,4,6,8,9,10,12,13,14,18,19,21
404,2,3,4,5,9,11,14,17,18,19,20,24
405,1,5,7,8,9,12,13,15,17,20,21,24
406,1,2,7,9,11,12,13,16,17,18,22,24
407,1,2,3,5,6,12,13,16,17,21,22,23
408,1,3,6,8,10,11,14,19,20,21,22,23
409,1,5,6,9,11,12,13,14,15,16,17,19
410,3,5,6,11,13,15,17,18,19,21,22,24
411,2,4,6,7,10,14,17,19,20,21,23,24
412,3,5,6,7,8,12,13,14,16,17,19,21
413,1,2,5,6,7,9,14,17,18,20,22,23
414,1,3,4,5,7,9,11,12,13,14,16,19
415,2,3,4,8,9,10,12,13,14,15,16,21
416,4,7,8,9,10,12,13,15,16,22,23,24
417,2,3,4,5,7,8,10,14,16,17,20,21
418,5,6,7,8,11,13,17,19,21,22,23,24
419,1,2,3,6,8,13,15,17,19,20,21,24
420,1,2,3,4,5,12,13,15,18,19,21,23
421,4,6,7,10,11,12,13,16,17,18,22,24
422,1,10,11,13,14,18,19,20,21,22,23,24
423,3,4,7,8,9,12,14,15,16,17,22,23
424,1,2,3,7,8,9,10,14,16,19,21,24
425,1,2,4,5,8,11,12,14,15,20,22,23
426,2,5,6,7,9,11,12,14,17,18,21,24
427,1,3,4,6,7,9,11,12,13,19,21,23
428,1,5,7,11,12,13,14,15,17,20,22,24
429,1,2,3,5,6,7,14,15,17,18,20,22
430,1,2,3,4,5,8,9,11,12,14,15,17
431,2,5,7,8,9,11,12,13,16,18,20,24
432,4,7,11,12,13,15,16,18,19,21,22,23
433,1,3,5,6,7,8,9,14,15,19,22,24
434,4,8,11,12,13,15,16,17,18,20,21,24
435,2,5,7,8,11,14,15,16,17,19,20,24
436,1,3,4,11,12,13,15,19,20,21,22,23
437,2,4,7,9,10,12,13,14,19,20,21,23
438,1,2,3,4,5,6,7,8,11,16,20,24
439,1,2,3,4,6,7,8,11,13,20,22,24
440,1,3,5,10,12,14,15,17,19,20,21,22
441,5,6,7,8,10,11,14,18,19,22,23,24
442,2,3,4,6,12,13,14,15,18,20,22,24
443,1,2,5,6,7,11,12,13,16,19,23,24
444,1,3,4,6,8,10,12,13,14,18,21,23
445,1,5,7,9,10,11,13,14,16,21,22,24
446,1,2,3,4,5,6,11,12,13,14,23,24
447,4,5,9,11,12,13,16,17,19,20,21,22
448,1,3,7,9,11,13,14,16,17,18,23,24
449,2,3,4,5,6,7,11,14,18,19,20,23
450,5,6,9,11,13,16,18,19,20,22,23,24
451,1,3,7,8,12,16,18,20,21,22,23,24
452,1,2,3,9,11,12,13,14,16,20,21,24
453,1,4,5,6,11,12,15,16,17,20,23,24
454,3,5,7,10,11,12,16,20,21,22,23,24
455,1,3,4,7,9,11,12,15,17,18,19,23
456,1,3,4,5,7,9,14,15,18,20,21,22
457,4,5,8,12,13,15,18,19,20,22,23,24
458,5,6,8,9,11,13,14,17,20,21,22,23
459,1,2,4,5,8,10,11,12,20,22,23,24
460,1,2,3,5,6,8,10,13,15,16,21,24
461,2,4,6,9,10,11,12,15,18,19,20,21
462,2,3,4,6,7,10,11,13,14,19,21,24
463,2,6,7,8,10,12,13,14,18,20,23,24
464,2,4,5,7,9,11,15,16,21,22,23,24
465,2,3,5,8,10,11,12,13,14,21,22,23
466,1,3,4,7,8,9,12,14,16,17,21,22
467,1,4,5,7,10,14,15,16,20,22,23,24
468,2,3,6,9,10,11,12,13,15,17,20,22
469,1,4,8,10,11,12,13,16,17,18,20,21
470,2,3,4,5,6,7,8,10,13,15,18,23
471,3,5,8,9,10,11,13,14,17,20,21,23
472,2,4,5,6,8,13,15,16,18,19,21,22
473,1,4,6,7,8,9,10,11,12,14,15,21
474,3,4,6,7,8,9,11,16,17,21,22,23
475,1,3,4,5,6,7,9,12,13,14,23,24
476,1,3,6,7,14,15,16,17,18,19,20,24
477,2,3,4,5,6,8,10,12,13,21,22,23
478,1,4,6,8,9,10,12,15,16,18,20,21
479,2,4,5,6,7,8,11,13,16,21,22,24
480,2,3,4,5,8,10,11,16,17,18,19,22
481,1,4,5,6,8,9,10,13,16,20,23,24
482,1,2,5,6,8,10,11,15,18,19,21,23
483,1,2,3,6,8,11,12,13,17,19,20,21
484,1,3,4,6,7,9,12,15,18,19,20,24
485,2,4,5,7,9,10,12,13,16,20,22,23
486,2,3,4,5,8,9,12,13,14,15,17,20
487,3,4,5,6,7,11,13,15,17,18,21,24
488,1,2,3,4,5,6,8,11,21,22,23,24
489,6,8,9,11,12,13,14,15,16,18,19,21
490,1,3,5,6,7,10,13,15,16,19,20,24
491,1,2,4,6,8,10,12,18,20,21,22,24
492,4,5,6,8,9,10,12,13,20,21,22,23
493,2,5,6,10,11,14,16,17,18,20,22,23
494,1,5,7,9,12,13,14,15,16,17,22,24
495,2,7,8,9,11,14,15,16,19,21,23,24
496,5,7,8,9,10,11,13,16,17,18,21,22
497,3,5,7,8,10,11,12,14,16,17,22,24
498,1,2,3,4,5,7,15,18,19,20,22,23
499,2,3,9,10,11,13,14,16,17,18,19,20
500,1,2,3,6,7,8,9,10,12,15,22,23
501,1,5,8,9,11,13,14,16,21,22,23,24
502,3,6,7,9,11,12,14,16,18,21,23,24
503,4,6,8,12,13,14,16,17,18,19,21,24
504,2,5,7,9,10,11,12,13,18,20,21,23
505,2,4,7,9,10,13,17,18,20,22,23,24
506,1,3,5,6,9,10,13,16,17,20,21,24
507,4,5,6,8,9,12,13,17,18,19,20,21
508,1,2,4,5,7,8,11,14,15,18,19,21
509,2,4,7,8,12,13,15,16,18,22,23,24
510,1,2,4,7,13,14,15,16,18,19,23,24
511,2,3,8,9,10,11,14,16,17,18,20,24
512,4,9,10,11,13,14,15,16,17,18,22,24
513,1,2,3,4,10,12,15,16,19,20,21,23
514,3,4,6,7,8,9,15,17,19,21,23,24
515,1,3,7,8,9,11,12,14,16,19,22,24
516,1,2,3,5,9,11,15,16,18,19,20,21
517,2,4,5,8,12,13,14,16,18,19,22,24
518,2,3,4,5,10,11,12,14,19,22,23,24
519,1,2,3,5,6,7,10,12,14,18,20,22
520,6,8,9,10,12,13,14,16,18,19,20,23
521,2,4,7,9,10,12,14,15,18,21,23,24
522,1,6,7,8,12,14,16,17,18,19,20,22
523,1,5,6,8,9,10,11,14,18,22,23,24
524,4,5,6,7,9,10,11,12,15,18,20,24
525,1,2,5,7,8,10,12,16,18,20,21,22
526,1,2,11,12,15,16,17,19,20,22,23,24
527,2,4,7,9,11,13,14,15,17,18,20,22
528,2,4,6,7,8,14,16,17,19,20,21,24
529,1,2,3,9,12,15,16,19,21,22,23,24
530,1,3,9,11,12,13,14,15,17,20,22,23
531,3,5,7,8,10,12,14,16,20,21,22,24
532,1,5,6,8,9,10,13,15,16,18,22,24
533,1,2,3,5,8,9,13,14,19,20,22,24
534,2,3,5,8,9,10,14,15,16,17,19,24
535,1,3,4,5,8,9,12,13,17,21,22,23
536,1,2,4,5,6,9,11,16,17,19,21,24
537,1,2,4,7,9,10,12,15,17,19,22,23
538,4,6,7,8,9,13,16,17,18,20,22,23
539,2,4,5,6,7,8,10,12,16,17,18,21
540,2,6,9,10,11,12,13,16,18,22,23,24
541,1,5,8,10,11,13,14,17,18,19,21,24
542,2,5,6,7,9,10,11,12,13,16,20,23
543,5,6,8,9,12,13,15,16,17,21,22,24
544,3,4,5,8,10,11,12,13,15,17,18,22
545,5,6,7,10,11,12,14,15,16,20,22,24
546,1,2,4,5,6,11,13,14,15,16,18,20
547,3,4,9,10,11,16,17,18,19,20,21,22
548,1,4,7,8,9,10,12,13,14,17,18,20
549,1,2,5,6,7,8,9,10,13,19,23,24
550,1,3,5,6,7,9,11,12,13,18,20,21
551,3,4,5,10,11,16,19,20,21,22,23,24
552,1,2,6,13,14,15,16,17,19,21,22,24
553,6,10,11,12,13,16,17,19,20,21,22,23
554,1,2,3,4,5,6,7,10,12,16,19,22
555,2,5,7,8,9,10,11,12,15,16,17,24
556,2,3,4,5,6,13,14,15,16,20,23,24
557,1,7,9,10,12,15,18,20,21,22,23,24
558,1,4,6,7,8,9,10,12,13,16,17,23
559,2,3,6,7,9,10,14,15,19,21,22,23
560,3,4,5,6,7,11,12,14,17,18,21,22
561,1,4,5,6,8,10,12,14,17,18,20,21
562,1,2,3,4,5,8,9,10,15,19,22,24
563,1,3,5,7,11,12,13,15,16,19,21,24
564,2,3,4,7,9,11,12,15,16,20,22,24
565,2,4,7,9,10,14,15,16,17,18,21,24
566,2,4,8,12,13,15,17,18,19,20,23,24
567,4,6,7,8,10,13,14,16,18,20,21,23
568,1,2,4,5,6,7,8,13,19,22,23,24
569,1,4,6,8,11,12,13,16,18,19,20,23
570,1,2,4,5,9,10,11,12,13,14,16,19
571,1,2,9,10,12,14,17,18,19,21,23,24
572,1,2,6,7,12,13,16,18,19,20,22,24
573,1,4,7,8,9,13,14,16,18,19,21,24
574,2,3,6,8,9,11,14,15,17,20,23,24
575,1,2,4,5,6,7,8,10,16,21,22,23
576,2,3,4,7,8,12,13,14,16,19,20,23
577,1,6,8,10,11,12,15,16,17,19,21,22
578,1,2,3,4,7,10,15,16,17,18,22,24
579,2,3,4,5,8,10,14,15,18,19,21,23
580,1,2,3,7,9,10,11,13,14,16,19,21
581,3,11,12,13,15,17,18,19,20,21,23,24
582,2,3,4,7,10,12,13,14,15,17,20,24
583,1,3,5,6,7,8,10,11,13,16,21,24
584,1,4,7,10,13,15,17,19,20,22,23,24
585,2,5,8,9,14,15,18,19,20,21,23,24
586,1,4,6,8,10,12,14,16,18,19,20,21
587,1,2,5,10,11,12,13,14,18,19,20,24
588,2,3,7,8,9,10,11,13,15,19,20,21
589,1,2,4,5,6,7,8,10,16,18,19,20
590,2,5,9,10,14,16,17,18,19,20,23,24
591,1,2,3,4,7,8,11,12,13,15,23,24
592,5,6,9,10,12,13,15,17,19,21,22,23
593,1,2,4,6,7,8,11,12,13,17,19,24
594,2,3,4,10,11,15,16,17,21,22,23,24
595,1,3,5,6,8,9,12,14,15,17,23,24
596,1,2,5,7,9,13,14,15,17,21,22,24
597,1,5,7,8,9,13,14,17,18,19,22,23
598,3,4,5,6,9,10,13,14,20,22,23,24
599,1,2,3,6,7,8,15,17,18,19,21,24
600,1,2,3,5,6,7,9,10,12,16,17,23
601,1,2,5,8,9,11,12,15,17,19,21,22
602,1,5,6,10,11,12,15,16,17,18,19,23
603,1,4,6,7,8,9,10,14,21,22,23,24
604,1,2,3,4,5,6,7,10,14,16,18,19
605,5,6,7,9,10,13,14,15,17,18,19,24
606,1,2,4,6,14,18,19,20,21,22,23,24
607,3,4,6,7,8,9,10,13,16,19,22,23
608,2,3,5,10,11,13,15,17,19,20,21,24
609,1,7,8,10,11,13,15,16,17,18,19,20
610,1,2,4,5,7,8,9,19,20,21,23,24
611,2,6,7,8,10,11,13,15,17,18,21,24
612,1,2,3,4,7,11,12,15,17,20,22,24
613,1,2,3,5,6,8,9,10,12,19,20,21
614,1,3,4,8,10,12,16,19,20,21,22,24
615,1,3,4,7,8,13,15,16,17,19,20,23
616,3,4,5,7,9,10,12,13,18,20,22,23
617,1,3,6,10,11,12,13,14,16,18,19,20
618,4,7,8,9,10,11,12,15,18,20,21,22
619,1,3,4,5,6,8,9,13,19,21,22,24
620,2,4,5,6,8,9,12,15,17,18,20,24
621,1,4,7,8,10,11,14,16,17,19,20,24
622,2,4,6,7,8,9,10,11,15,17,18,21
623,2,3,4,5,7,8,10,11,14,18,21,24
624,1,2,3,7,8,9,11,14,16,20,22,24
625,1,3,8,9,10,13,14,18,19,20,21,22
626,2,3,5,6,7,8,11,14,15,20,22,24
627,1,2,3,6,7,9,14,15,16,18,20,22
628,1,2,4,8,11,12,14,15,16,17,19,22
629,1,3,4,6,7,8,10,12,13,19,21,23
630,1,5,6,7,8,10,11,17,18,19,21,24
631,2,3,4,7,10,11,13,15,17,19,22,23
632,4,8,9,10,12,14,15,16,17,18,19,22
633,1,2,4,8,10,12,14,16,18,21,23,24
634,2,3,5,6,8,9,14,15,16,20,22,24
635,1,2,3,5,6,11,13,16,17,20,21,23
636,4,8,9,10,11,12,16,19,20,21,23,24
637,1,5,6,7,9,11,15,16,18,19,22,24
638,1,5,6,7,8,11,12,14,19,21,22,24
639,2,3,6,9,10,12,13,14,16,21,22,23
640,2,7,11,14,15,16,18,19,20,21,23,24
641,1,6,8,11,12,13,16,18,19,22,23,24
642,2,3,6,7,13,14,15,17,19,20,22,23
643,1,2,5,7,9,11,12,14,16,22,23,24
644,3,5,6,10,12,13,14,15,17,19,23,24
645,2,3,4,5,7,12,13,14,19,20,23,24
646,2,3,7,9,11,13,15,19,20,21,22,23
647,1,5,6,7,8,9,12,15,16,21,22,24
648,2,3,4,7,9,11,13,18,21,22,23,24
649,1,2,3,6,7,8,9,11,13,19,21,22
650,5,7,8,9,10,14,15,19,20,21,22,23
651,2,3,4,5,6,7,9,10,15,20,22,24
652,2,6,11,13,15,16,17,18,19,21,22,24
653,2,4,6,8,12,14,15,17,19,21,22,24
654,6,9,10,12,15,16,17,18,19,20,21,24
655,1,6,7,9,10,11,14,17,18,19,21,23
656,2,3,8,9,10,12,13,14,16,17,21,22
657,2,4,5,8,9,10,11,16,18,22,23,24
658,3,4,5,7,10,11,13,15,18,19,21,24
659,1,2,4,9,12,13,14,16,18,20,22,23
660,1,3,4,5,6,7,8,10,12,15,21,24
661,2,3,5,6,7,8,13,15,18,19,20,21
662,2,5,7,9,10,11,14,15,18,19,21,24
663,3,7,9,10,11,13,17,18,19,20,22,23
664,3,4,6,8,9,11,13,18,19,20,22,23
665,5,6,9,10,14,15,16,19,20,21,22,23
666,3,4,7,10,11,12,14,15,17,19,21,24
667,3,4,6,7,8,9,10,15,17,19,22,23
668,3,6,8,12,13,15,16,17,21,22,23,24
669,1,2,3,5,6,7,14,17,20,22,23,24
670,1,2,3,7,8,9,10,12,15,16,17,22
671,3,6,8,10,12,13,14,15,19,20,23,24
672,1,5,6,11,12,13,15,16,17,19,20,22
673,4,5,6,7,8,12,14,15,16,20,21,23
674,3,4,7,8,9,10,13,15,17,19,20,23
675,1,5,7,10,11,14,15,16,17,18,21,22
676,6,8,10,11,12,13,16,17,18,19,23,24
677,2,3,4,7,10,12,13,16,19,20,22,24
678,2,4,5,7,13,14,15,16,17,22,23,24
679,1,2,6,8,9,10,11,13,16,19,21,24
680,1,2,3,4,5,8,9,10,17,19,22,24
681,2,4,5,6,7,8,11,12,15,19,20,21
682,1,2,3,4,6,7,9,15,17,19,20,22
683,1,5,7,8,9,12,13,15,19,20,23,24
684,5,7,9,10,12,15,17,18,20,21,22,23
685,1,3,4,5,6,7,10,11,13,22,23,24
686,1,3,6,7,9,11,12,14,15,18,19,20
687,1,4,5,6,7,10,11,15,16,20,22,24
688,4,7,8,9,11,13,15,16,17,20,21,22
689,3,6,7,11,14,15,16,19,20,22,23,24
690,3,4,7,9,12,16,17,18,19,21,22,23
691,1,2,4,7,9,10,11,12,17,18,19,21
692,1,2,5,9,10,11,12,15,16,17,18,22
693,2,4,6,9,10,11,14,16,17,18,20,24
694,1,3,4,5,6,9,12,13,17,20,21,23
695,1,4,5,6,7,11,15,16,18,19,21,24
696,1,5,6,9,10,11,13,16,18,19,21,24
697,3,6,10,11,13,14,18,19,20,22,23,24
698,2,4,5,7,8,9,10,12,13,18,19,20
699,1,4,5,6,7,9,10,11,13,14,18,19
700,3,4,5,10,12,13,14,16,17,19,21,22
701,3,5,7,10,11,13,14,16,20,21,22,24
702,3,6,8,10,11,12,13,14,15,20,23,24
703,1,5,6,8,11,12,15,19,20,22,23,24
704,1,2,3,4,5,10,19,20,21,22,23,24
705,1,4,5,10,12,13,14,15,19,21,22,24
706,2,4,8,10,11,12,15,16,18,20,21,24
707,2,6,7,10,13,15,16,17,19,20,22,24
708,2,4,5,8,9,12,13,16,19,21,23,24
709,4,9,10,11,13,16,17,18,19,21,22,23
710,7,8,9,10,11,12,14,16,18,19,22,24
711,1,6,7,8,9,11,12,14,16,17,20,24
712,2,3,5,6,10,11,12,13,15,17,19,24
713,7,10,11,12,13,14,15,16,18,20,23,24
714,1,5,7,8,10,12,14,16,18,19,20,24
715,1,3,4,6,7,11,14,15,18,20,21,22
716,2,5,7,9,15,16,17,18,20,21,22,24
717,2,4,8,10,11,13,14,17,18,19,20,23
718,3,4,5,7,8,14,16,18,20,21,22,23
719,4,5,7,9,13,14,16,17,18,20,21,22
720,1,3,5,6,9,10,12,13,14,15,18,24
721,5,8,9,11,13,14,17,18,19,20,23,24
722,1,2,4,5,6,7,8,9,15,16,18,19
723,4,5,7,10,12,13,14,15,17,18,20,21
724,3,5,9,10,11,15,16,17,19,21,23,24
725,3,4,5,6,10,12,13,17,18,20,23,24
726,1,3,4,6,7,9,14,16,17,21,22,23
727,1,2,6,8,9,10,11,13,19,21,22,24
728,1,3,5,6,9,10,11,16,17,18,21,24
729,2,3,5,6,7,8,9,11,15,19,21,22
730,1,2,3,6,10,15,16,17,18,20,21,22
731,3,4,7,8,9,11,14,15,17,19,21,24
732,1,3,5,7,9,10,12,14,16,18,21,22
733,3,8,10,13,15,16,18,20,21,22,23,24
734,4,5,6,8,11,13,15,16,20,21,22,24
735,3,7,9,11,14,15,16,18,19,21,22,23
736,1,5,7,8,9,11,17,18,19,21,23,24
737,1,2,5,10,11,13,16,17,18,20,21,23
738,3,4,5,7,9,14,18,19,21,22,23,24
739,2,7,8,9,11,13,14,15,19,20,22,24
740,2,3,4,5,8,13,15,16,18,19,23,24
741,1,5,7,10,11,12,16,17,18,19,20,24
742,7,9,10,11,12,14,15,18,19,20,21,23
743,1,3,7,8,10,12,14,17,19,21,22,24
744,1,4,5,6,7,11,13,14,17,18,19,24
745,1,2,3,7,8,9,15,16,17,19,22,23
746,1,3,10,12,13,14,16,17,18,19,20,24
747,1,9,11,12,13,17,18,19,20,21,23,24
748,1,4,6,7,8,9,10,11,12,18,20,21
749,1,5,6,9,10,12,16,17,18,19,20,21
750,1,3,6,8,10,11,12,14,16,19,21,24
751,2,3,6,7,12,13,14,15,16,17,21,22
752,1,4,5,7,8,9,13,17,18,19,21,22
753,2,3,4,5,6,11,13,17,18,19,22,24
754,1,4,6,7,8,13,17,18,21,22,23,24
755,1,2,4,6,8,9,13,15,16,18,19,24
756,1,3,5,6,7,10,14,15,17,18,20,21
757,1,3,4,5,8,14,15,16,18,19,20,23
758,1,2,3,8,9,14,15,17,18,19,21,23
759,1,3,4,6,8,9,11,13,16,19,21,23
760,1,4,6,7,8,9,13,16,17,19,22,23
761,1,3,4,5,9,11,18,19,20,21,22,23
762,3,4,6,7,11,12,15,16,18,19,22,23
763,1,2,3,4,7,8,9,10,11,15,18,19
764,1,3,6,7,8,11,12,13,14,15,16,20
765,1,2,4,6,7,10,11,12,14,16,17,18
766,4,6,8,9,10,15,16,17,18,20,21,23
767,2,4,8,9,11,13,14,15,17,18,19,24
768,2,5,6,8,11,12,13,14,15,19,20,22
769,3,4,6,9,10,11,14,15,17,19,21,22
770,1,5,6,7,10,12,15,16,18,19,21,22
771,2,4,5,6,9,11,13,14,15,17,19,20
772,1,5,8,11,12,13,14,15,18,19,21,23
773,1,2,3,4,9,11,13,14,15,16,19,20
774,2,5,6,7,10,11,12,15,18,19,20,24
775,2,3,4,5,6,7,9,10,15,16,20,23
776,1,3,5,6,9,10,13,20,21,22,23,24
777,2,5,8,9,12,13,14,16,17,19,22,24
778,1,4,6,8,10,12,15,16,18,19,21,24
779,3,6,8,13,15,16,17,18,19,20,22,24
780,1,2,6,10,11,13,14,17,18,20,21,24
781,2,3,4,6,7,8,9,12,15,19,21,22
782,3,7,8,9,11,14,17,19,20,21,22,23
783,2,3,4,5,6,11,15,16,17,19,21,22
784,1,2,6,7,8,9,12,13,17,18,19,23
785,1,2,5,8,9,12,14,15,18,22,23,24
786,3,5,6,8,10,12,14,16,17,18,19,22
787,1,2,5,6,8,11,14,15,17,19,20,24
788,1,2,3,6,7,10,11,12,18,19,22,24
789,1,4,5,7,8,10,12,13,15,16,20,21
790,1,2,3,4,6,9,13,14,15,16,18,22
791,1,3,5,8,9,10,11,13,15,18,20,23
792,3,4,5,8,10,12,14,17,19,20,21,23
793,1,3,4,5,9,12,13,14,17,20,22,23
794,1,2,3,4,7,9,11,14,21,22,23,24
795,2,3,6,8,10,12,15,16,17,21,22,24
796,1,3,4,5,7,9,13,14,15,17,21,24
797,4,5,6,8,9,10,12,14,17,18,19,23
798,1,3,5,8,12,13,15,16,17,19,20,23
799,1,3,4,5,8,10,15,17,19,20,23,24
800,1,2,4,6,7,12,13,16,18,20,21,22
801,5,6,7,8,9,10,12,13,18,19,21,24
802,8,11,13,14,15,17,18,19,21,22,23,24
803,1,2,3,5,8,11,15,18,19,21,23,24
804,1,2,3,4,10,12,13,17,19,21,23,24
805,2,6,9,10,14,15,16,17,18,21,22,23
806,1,2,5,7,9,10,11,12,13,14,18,24
807,1,6,7,8,10,11,12,13,16,19,21,23
808,1,2,4,11,12,14,15,17,20,22,23,24
809,2,3,4,7,9,12,13,14,16,17,21,22
810,1,4,5,7,8,9,12,14,16,17,19,23
811,1,3,4,5,10,11,13,14,16,18,19,20
812,1,4,6,9,13,16,17,18,19,20,21,22
813,5,6,8,9,10,11,12,15,17,20,22,24
814,2,3,4,7,8,9,12,17,19,22,23,24
815,1,4,7,11,12,13,14,15,17,21,22,24
816,1,2,4,6,8,12,13,14,15,18,20,24
817,3,5,6,9,10,11,12,16,17,20,21,24
818,2,4,5,9,11,14,15,18,21,22,23,24
819,1,2,3,4,6,7,9,10,13,14,21,23
820,1,4,8,10,11,12,14,15,16,17,22,23
821,2,3,6,7,11,12,13,16,17,18,20,22
822,1,3,6,7,8,13,14,16,17,18,19,24
823,2,4,5,6,13,14,15,17,19,21,22,23
824,1,3,4,8,12,13,14,17,18,19,22,24
825,1,3,6,11,12,13,14,16,19,21,22,23
826,1,3,5,6,7,9,12,15,17,20,22,24
827,3,5,11,12,15,16,18,20,21,22,23,24
828,2,3,4,5,7,8,9,10,14,19,21,23
829,5,7,8,9,12,14,17,19,21,22,23,24
830,1,8,10,11,12,13,14,16,17,19,20,24
831,2,7,9,11,12,13,14,16,18,19,20,23
832,1,3,4,5,6,9,13,16,17,20,23,24
833,3,4,5,6,7,9,13,16,17,21,22,24
834,4,5,6,10,11,13,14,16,17,18,22,23
835,2,4,7,8,10,11,14,15,16,17,18,20
836,4,5,7,9,10,12,13,14,18,20,23,24
837,1,2,7,9,12,13,15,18,19,21,23,24
838,1,2,5,10,13,15,16,17,18,19,21,22
839,2,5,6,7,10,11,12,14,16,17,19,23
840,1,4,8,9,10,13,14,15,20,21,22,23
841,1,2,3,5,6,7,8,12,13,14,18,20
842,2,3,4,5,7,11,15,18,19,20,23,24
843,3,5,6,7,12,13,15,18,21,22,23,24
844,3,4,5,8,10,11,14,15,16,18,20,24
845,2,3,4,5,9,11,14,16,17,19,23,24
846,4,5,7,10,13,14,15,16,20,22,23,24
847,1,2,4,8,9,11,14,15,18,19,22,23
848,1,2,5,6,7,11,14,16,18,20,22,23
849,1,2,3,6,8,9,11,16,21,22,23,24
850,1,2,5,6,9,10,11,15,17,20,21,24
851,1,4,7,8,10,11,13,15,16,19,22,23
852,1,3,4,5,7,12,13,16,17,19,21,23
853,2,5,9,10,11,12,13,14,15,19,21,22
854,1,2,3,4,5,6,11,12,16,18,23,24
855,2,5,7,8,9,11,13,14,17,20,21,22
856,1,5,6,8,9,12,13,14,16,17,19,23
857,1,4,6,7,8,12,13,14,15,16,17,22
858,2,3,5,6,7,10,12,15,19,21,22,23
859,1,3,4,6,11,13,18,19,20,21,23,24
860,1,3,4,5,9,10,12,16,17,18,19,20
861,1,5,7,11,12,13,15,16,17,18,21,22
862,1,4,6,7,10,11,12,14,16,18,22,23
863,1,2,4,5,7,8,9,10,12,18,21,22
864,1,2,3,4,7,13,15,16,17,19,22,23
865,4,5,6,8,9,10,11,12,16,18,20,22
866,1,2,5,7,9,10,15,16,18,21,23,24
867,1,4,6,10,12,14,16,17,18,19,20,22
868,2,6,7,11,12,13,15,17,19,21,22,24
869,2,5,6,7,8,9,10,12,14,16,20,24
870,1,4,7,10,11,15,16,17,19,20,23,24
871,1,2,3,4,6,8,9,16,19,22,23,24
872,3,4,5,6,7,12,13,16,17,18,20,23
873,1,7,8,10,11,13,15,17,18,21,22,23
874,8,9,10,11,12,14,15,16,18,21,22,23
875,1,2,3,5,6,9,11,14,16,17,20,24
876,2,3,7,8,9,11,13,17,20,21,22,24
877,2,5,7,9,11,13,17,18,19,20,21,22
878,3,4,5,6,8,10,14,16,18,19,21,23
879,1,3,4,5,7,10,11,12,17,18,20,23
880,1,4,5,6,7,9,12,13,15,19,23,24
881,2,6,7,10,11,14,15,18,19,21,22,24
882,3,4,5,7,9,11,13,14,15,16,20,21
883,3,6,8,9,10,12,13,15,16,21,22,23
884,1,3,6,9,10,12,14,16,19,21,22,24
885,1,3,5,10,13,15,17,18,20,21,22,24
886,4,7,10,12,15,16,17,18,19,20,21,23
887,1,2,4,5,6,9,12,13,16,19,22,24
888,1,2,4,5,7,13,14,16,18,19,22,23
889,5,7,8,9,10,12,13,14,16,19,22,23
890,3,5,6,7,12,13,15,19,20,21,23,24
891,3,4,5,7,8,10,11,12,14,18,22,24
892,1,2,3,4,6,8,11,12,21,22,23,24
893,3,4,5,7,8,9,13,14,15,16,17,24
894,1,4,6,7,11,13,14,17,19,20,22,24
895,1,2,3,5,7,10,12,13,14,16,21,23
896,5,6,10,11,12,15,17,18,19,21,23,24
897,2,4,5,8,9,11,13,14,19,20,21,24
898,1,2,6,8,9,11,12,14,17,18,20,23
899,1,3,4,5,9,10,12,13,18,21,22,24
900,2,3,6,7,11,12,13,14,15,17,21,22
901,1,3,4,7,8,10,12,15,19,20,23,24
902,1,5,6,8,9,13,14,15,17,18,21,22
903,1,3,5,6,8,9,11,12,14,17,18,23
904,4,5,6,7,8,9,11,13,14,19,22,23
905,6,8,10,11,12,13,14,16,20,21,22,23
906,1,3,5,6,7,8,11,13,16,18,20,24
907,2,3,6,7,8,9,11,12,19,21,22,24
908,3,5,6,7,8,9,12,13,14,17,22,23
909,1,2,6,7,8,9,13,14,16,18,19,23
910,1,2,3,7,8,10,14,15,17,22,23,24
911,5,6,8,10,11,12,14,20,21,22,23,24
912,1,2,6,8,10,11,12,16,17,20,21,23
913,4,5,7,8,9,12,13,15,19,20,22,23
914,1,2,5,6,7,10,13,14,15,19,22,24
915,2,5,6,11,12,13,15,16,17,21,23,24
916,1,2,3,4,6,10,12,16,17,19,20,22
917,4,5,6,7,8,9,13,15,18,19,22,23
918,2,3,4,6,9,10,12,13,15,18,19,20
919,3,6,9,13,15,16,17,18,19,20,22,23
920,2,4,5,7,9,11,12,13,17,18,22,23
921,1,5,6,7,9,11,13,16,17,19,21,22
922,3,4,6,7,8,9,11,14,17,20,21,23
923,2,3,6,8,11,12,14,16,19,21,22,23
924,1,3,5,9,10,11,12,13,16,17,19,21
925,1,2,4,5,7,12,13,16,18,19,21,24
926,5,7,9,11,13,15,16,17,18,19,21,23
927,1,2,4,7,8,10,12,13,14,19,22,24
928,2,3,5,8,9,10,12,14,15,17,21,22
929,1,3,4,5,6,15,17,19,20,21,22,24
930,5,6,8,9,12,16,17,18,19,21,22,24
931,2,9,11,12,13,14,16,17,19,21,22,23
932,3,4,6,8,11,12,13,14,16,17,20,23
933,1,2,4,6,8,12,13,16,17,19,23,24
934,2,6,7,8,11,12,13,14,16,17,20,23
935,3,4,7,8,9,11,15,17,18,19,23,24
936,1,2,5,6,10,11,12,15,16,19,23,24
937,1,2,3,4,6,8,9,17,19,20,23,24
938,1,2,8,9,10,11,12,13,16,17,21,24
939,2,3,5,8,11,12,16,17,18,20,22,23
940,2,5,9,10,11,12,13,16,17,20,21,24
941,3,4,6,7,9,10,12,13,15,17,19,22
942,3,4,6,7,8,9,11,14,16,20,21,23
943,1,5,6,9,11,12,15,16,19,20,22,23
944,1,2,4,8,10,12,14,15,17,18,19,22
945,1,6,8,9,10,12,13,14,15,17,22,23
946,2,3,4,13,14,16,18,20,21,22,23,24
947,1,2,4,7,9,10,11,13,14,19,22,23
948,2,3,4,7,10,12,13,14,15,21,22,24
949,1,5,7,9,11,13,14,15,18,19,20,21
950,1,4,6,7,9,11,12,14,18,19,20,21
951,1,2,3,7,10,12,15,18,19,20,22,24
952,2,3,5,6,11,13,14,15,16,19,20,21
953,1,3,4,8,11,12,14,15,17,18,20,24
954,3,4,5,7,9,10,12,13,18,19,23,24
955,1,3,4,10,12,14,16,17,19,20,21,22
956,1,2,3,5,6,8,11,13,17,20,21,22
957,1,2,4,5,8,9,15,17,18,19,22,24
958,1,3,5,7,10,13,14,15,17,18,19,24
959,1,3,9,11,13,14,15,18,20,21,22,24
960,1,2,3,4,6,10,12,14,15,17,20,23
961,1,2,3,6,7,8,9,15,16,17,19,20
962,1,3,4,6,8,10,11,15,18,19,20,21
963,6,7,10,11,12,13,14,15,20,22,23,24
964,1,4,7,8,9,14,15,16,17,20,21,24
965,1,2,9,10,12,15,16,19,21,22,23,24
966,1,2,3,5,6,10,12,13,14,16,21,22
967,2,3,4,9,10,12,13,15,17,18,21,22
968,1,3,5,10,12,13,14,17,18,21,23,24
969,1,4,6,8,11,12,13,17,18,19,21,22
970,4,5,7,8,9,10,12,13,14,15,19,21
971,3,4,6,7,9,11,12,13,19,20,21,23
972,1,2,3,4,6,8,9,10,12,16,20,24
973,2,4,5,7,8,12,14,16,17,21,22,23
974,3,7,8,10,11,12,15,16,17,19,21,23
975,1,2,3,4,5,8,10,12,14,16,23,24
976,1,3,9,10,11,12,13,14,15,20,21,23
977,6,8,9,13,15,16,17,19,20,22,23,24
978,2,4,7,9,10,12,14,16,17,19,20,24
979,2,3,8,10,11,14,15,16,17,19,20,23
980,4,6,7,8,9,10,11,12,13,15,16,21
981,1,3,4,6,7,8,10,19,20,21,22,24
982,1,6,8,9,12,15,18,19,20,21,22,24
983,3,4,11,12,13,14,16,19,20,21,23,24
984,1,2,3,6,7,10,11,12,14,16,22,23
985,8,11,12,13,15,16,17,18,19,20,23,24
986,1,2,3,8,9,12,13,15,18,21,22,23
987,1,2,6,7,9,10,12,14,17,22,23,24
988,2,3,4,5,8,9,11,12,14,17,23,24
989,1,2,7,9,11,13,15,17,18,21,22,23
990,5,8,12,13,15,16,18,19,20,21,23,24
991,2,5,6,7,8,9,15,16,17,21,22,23
992,1,3,4,6,7,8,12,14,17,18,23,24
993,1,6,7,8,9,12,15,16,17,19,21,23
994,5,6,7,8,9,13,16,17,19,20,21,24
995,2,4,7,8,11,12,14,16,17,20,21,24
996,1,2,4,5,6,10,11,15,16,19,22,23
997,6,8,9,10,11,12,13,16,17,20,22,24
998,4,5,7,8,9,12,13,14,19,20,22,24
999,1,5,8,9,10,11,12,14,15,18,23,24
1000,2,4,5,7,9,11,14,15,17,18,20,22
1001,1,3,5,7,8,9,10,11,13,14,19,20
1002,1,3,6,10,11,12,13,14,15,19,22,24
1003,1,2,4,6,7,9,11,12,13,14,15,16
1004,2,3,4,5,6,9,11,12,15,19,22,23
1005,1,2,3,5,7,8,11,12,14,16,17,22
1006,3,4,5,7,8,10,11,12,13,14,18,23
1007,2,5,6,7,9,10,13,15,16,17,21,22
1008,1,3,4,6,8,9,11,12,14,20,22,24
1009,2,4,7,9,11,12,14,16,18,20,21,23
1010,2,5,7,8,10,12,13,14,15,16,21,24
1011,7,8,9,10,12,13,14,17,20,21,22,23
1012,2,3,9,10,11,12,16,17,19,20,21,22
1013,1,4,5,7,8,10,12,13,14,19,20,24
1014,2,3,4,10,11,13,14,16,17,20,22,23
1015,2,3,5,6,7,9,11,14,18,20,21,22
1016,2,3,4,5,6,8,9,10,13,15,20,21
1017,1,3,4,6,8,10,13,14,16,18,20,22
1018,1,2,4,5,7,8,11,14,17,20,22,24
1019,1,2,3,7,8,10,12,15,16,17,18,23
1020,2,3,5,8,9,10,11,12,13,14,17,22
1021,2,4,7,9,10,12,14,15,16,19,21,22
1022,4,7,8,9,10,12,13,15,18,20,22,24
1023,2,8,10,12,13,14,16,17,18,19,20,23
1024,1,2,4,9,10,14,18,19,20,21,23,24
1025,4,5,7,11,12,15,17,18,19,20,23,24
1026,1,5,6,8,11,15,16,17,20,21,23,24
1027,2,5,6,8,12,13,14,17,18,19,20,24
1028,1,2,4,7,9,10,12,18,19,20,21,22
1029,1,3,4,5,6,7,11,13,17,18,21,23
1030,2,3,6,8,9,12,13,14,17,18,19,21
1031,2,3,5,6,7,8,13,15,19,20,23,24
1032,1,6,8,10,11,12,16,17,18,19,22,24
1033,1,7,9,11,12,13,14,15,19,20,21,22
1034,2,3,4,5,7,9,10,14,16,20,22,24
1035,1,2,5,6,8,9,10,13,15,17,18,24
1036,1,4,6,7,8,12,13,17,18,19,23,24
1037,1,4,8,10,11,12,13,15,17,19,21,24
1038,1,5,6,7,10,11,13,15,17,18,19,23
1039,1,5,6,7,8,10,11,14,15,16,20,23
1040,6,7,9,10,11,12,15,16,17,18,22,23
1041,1,6,7,8,11,13,15,16,17,20,21,22
1042,2,3,4,5,7,9,10,13,16,18,20,23
1043,2,3,4,5,10,11,12,15,18,19,22,24
1044,1,2,4,6,7,10,11,12,16,17,18,20
1045,2,4,5,6,7,13,18,19,20,21,22,23
1046,3,4,5,9,10,12,16,18,19,20,22,24
1047,1,7,10,11,12,13,14,16,19,21,23,24
1048,3,4,6,9,10,11,13,14,16,17,20,23
1049,3,4,11,12,13,14,16,18,19,20,22,23
1050,2,3,5,9,10,12,13,15,16,18,19,21
1051,2,3,5,8,9,10,15,18,19,20,21,24
1052,2,3,4,10,11,13,15,17,18,20,21,23
1053,1,3,7,8,10,12,14,18,19,20,21,24
1054,1,5,7,8,9,12,13,14,15,22,23,24
1055,1,4,5,6,8,10,11,12,13,15,17,18
1056,3,4,8,9,12,13,15,17,18,19,21,22
1057,1,3,4,13,14,16,17,18,21,22,23,24
1058,1,2,6,7,8,9,12,13,17,19,20,23
1059,5,7,9,10,13,15,17,18,19,21,23,24
1060,2,4,5,6,8,9,12,13,14,16,20,22
1061,4,5,7,8,9,10,11,13,14,16,20,24
1062,1,2,3,11,13,14,15,17,20,21,22,23
1063,3,6,7,8,10,12,17,18,19,20,22,24
1064,2,3,5,7,10,11,15,19,20,21,22,23
1065,1,2,3,4,6,7,8,13,15,21,22,23
1066,3,9,10,16,17,18,19,20,21,22,23,24
1067,1,2,3,6,7,8,12,14,15,16,18,21
1068,2,3,4,5,7,8,9,10,14,16,20,22
1069,2,3,4,11,12,14,16,18,20,21,22,23
1070,1,3,4,8,9,10,12,14,17,19,20,21
1071,2,5,7,8,9,11,14,15,16,17,21,22
1072,1,2,5,6,8,9,10,16,17,20,21,24
1073,3,5,7,9,11,13,16,18,19,20,22,24
1074,1,2,4,5,6,7,8,13,16,17,20,23
1075,1,2,3,4,8,10,13,15,19,20,23,24
1076,3,4,8,11,13,14,15,17,18,19,21,22
1077,3,5,6,7,8,9,11,14,18,22,23,24
1078,1,3,4,5,6,7,8,13,15,18,20,21
1079,1,2,4,9,13,15,16,18,19,20,21,24
1080,4,5,8,9,10,12,15,16,17,20,23,24
1081,3,5,6,7,9,11,12,13,15,16,20,24
1082,1,3,4,6,7,10,13,15,18,19,22,23
1083,1,5,7,11,12,14,17,18,19,20,22,23
1084,1,2,3,5,7,8,9,10,12,13,14,19
1085,2,7,9,10,11,15,16,17,20,21,22,23
1086,2,3,5,6,8,10,11,16,19,21,22,24
1087,1,4,5,8,10,11,14,18,21,22,23,24
1088,1,3,4,8,10,11,13,15,16,18,21,24
1089,1,2,3,5,7,8,12,14,19,20,22,23
1090,1,2,3,5,6,7,9,10,14,15,17,19
1091,2,3,6,7,11,13,14,15,16,17,18,23
1092,2,4,5,6,7,8,11,15,21,22,23,24
1093,1,2,6,8,9,10,12,14,17,21,23,24
1094,3,4,8,10,13,14,16,17,18,19,20,22
1095,3,4,5,8,9,11,12,13,14,19,22,24
1096,2,3,5,9,11,12,13,15,16,19,20,22
1097,1,3,5,7,8,10,11,12,15,16,18,21
1098,2,4,6,7,10,12,13,14,15,17,20,23
1099,3,4,5,7,9,13,14,16,17,19,20,24
1100,2,6,7,8,10,11,12,18,19,21,23,24
1101,3,5,6,7,8,9,11,14,15,16,22,24
1102,1,3,4,9,11,13,14,15,18,20,22,24
1103,1,3,4,7,8,10,11,13,15,18,19,20
1104,3,4,6,11,12,14,15,16,17,19,21,24
1105,1,3,5,8,9,10,11,13,15,16,18,21
1106,1,2,5,9,13,14,15,16,18,20,22,24
1107,2,5,7,8,9,10,11,12,16,18,21,22
1108,1,2,3,5,6,11,13,14,15,21,23,24
1109,1,2,5,7,9,10,12,14,17,21,23,24
1110,2,3,4,6,8,10,13,14,17,18,20,21
1111,2,3,6,7,10,11,15,16,17,19,23,24
1112,1,2,4,6,7,9,12,14,16,18,21,23
1113,4,5,9,10,13,14,15,16,17,19,21,24
1114,1,2,3,4,8,10,12,16,18,19,21,22
1115,1,2,3,5,7,10,12,16,18,19,21,22
1116,1,3,7,8,9,10,11,16,17,19,20,24
1117,1,2,6,7,9,10,12,15,17,20,23,24
1118,1,5,9,10,14,15,16,18,20,21,22,23
1119,6,7,9,10,11,12,13,14,15,17,19,22
1120,4,5,8,11,13,16,18,20,21,22,23,24
1121,2,3,4,8,9,10,15,16,19,20,21,23
1122,1,3,4,7,8,13,17,18,20,21,22,24
1123,1,8,11,13,14,15,18,19,20,21,23,24
1124,1,2,3,5,9,10,13,15,16,17,19,20
1125,2,3,6,7,8,10,11,14,17,21,22,24
1126,4,5,6,10,11,12,13,15,21,22,23,24
1127,1,3,6,7,8,11,12,13,16,17,23,24
1128,1,2,3,5,8,9,10,13,17,19,22,23
1129,4,5,8,11,12,13,14,15,19,20,21,24
1130,1,2,3,5,8,9,12,15,17,18,21,24
1131,2,3,5,6,11,12,15,17,20,21,22,24
1132,1,4,7,8,9,11,15,17,19,20,21,23
1133,1,2,3,5,6,10,14,18,19,22,23,24
1134,4,5,6,8,10,11,15,16,17,21,22,23
1135,3,4,5,6,7,12,14,15,18,22,23,24
1136,4,6,8,11,13,16,17,18,19,20,23,24
1137,1,4,5,6,7,9,10,11,14,18,22,24
1138,1,5,6,7,9,11,12,13,16,17,22,24
1139,3,5,8,9,10,16,18,20,21,22,23,24
1140,1,5,6,8,9,10,11,14,18,20,22,23
1141,1,2,3,4,6,8,10,12,19,21,22,24
1142,1,3,4,7,9,10,13,15,18,20,21,22
1143,5,6,7,8,9,12,13,14,15,17,18,21
1144,1,2,3,5,8,9,10,15,16,19,21,24
1145,1,2,3,7,9,10,11,12,17,18,19,21
1146,4,5,6,9,12,14,16,17,18,21,23,24
1147,1,2,3,5,6,8,10,12,14,15,16,17
1148,1,2,3,6,7,8,10,13,14,18,23,24
1149,2,3,7,9,12,13,16,17,18,21,22,24
1150,1,3,5,7,9,12,13,15,16,18,23,24
1151,1,4,5,7,14,15,18,19,20,21,22,23
1152,5,6,7,8,10,12,13,15,17,18,23,24
1153,1,5,8,10,11,13,14,18,19,20,21,22
1154,1,2,3,8,10,11,12,13,17,20,21,23
1155,1,3,4,6,8,13,14,15,17,20,21,23
1156,2,3,4,7,9,10,13,14,17,21,22,24
1157,3,7,8,9,11,12,17,18,19,20,22,23
1158,1,3,4,6,8,9,10,13,16,20,21,22
1159,4,5,6,8,12,16,17,18,19,21,23,24
1160,1,3,4,6,7,10,12,13,15,16,17,23
1161,2,3,4,8,13,15,16,17,18,19,20,21
1162,2,4,6,7,8,9,11,16,19,21,23,24
1163,4,5,7,8,9,10,12,16,17,18,20,24
1164,1,2,5,6,9,10,11,12,14,20,23,24
1165,1,5,6,7,8,11,12,13,18,20,21,22
1166,2,3,7,8,11,12,14,15,16,22,23,24
1167,3,4,9,10,11,13,14,15,16,18,21,22
1168,3,4,6,9,11,13,14,15,16,18,19,23
1169,2,3,9,11,12,14,15,16,19,20,21,24
1170,3,8,9,10,11,12,15,17,21,22,23,24
1171,4,6,8,10,12,15,16,17,19,20,22,24
1172,1,6,9,10,14,15,16,18,19,21,23,24
1173,1,3,4,5,7,9,12,14,15,19,20,21
1174,2,5,6,7,9,11,13,15,16,17,18,24
1175,1,2,3,6,7,8,10,11,14,20,21,23
1176,1,3,4,5,12,14,15,16,17,19,20,24
1177,1,5,6,8,11,12,13,14,16,17,18,22
1178,1,3,4,7,8,9,10,12,14,16,17,22
1179,1,5,7,8,11,13,15,17,18,19,21,22
1180,2,4,5,6,7,10,12,14,16,17,18,22
1181,2,3,5,7,12,13,17,19,20,21,22,23
1182,1,5,6,7,8,12,13,14,15,18,21,24
1183,2,3,4,6,7,14,15,17,19,21,23,24
1184,2,3,8,9,10,11,15,17,18,20,22,23
1185,1,3,4,5,7,9,10,14,16,17,23,24
1186,2,4,5,8,9,10,16,18,19,20,21,22
1187,1,4,6,7,9,11,12,14,15,16,17,19
1188,2,6,7,9,10,12,13,16,18,20,23,24
1189,1,2,3,4,9,10,15,17,18,21,22,23
1190,3,4,7,8,14,16,17,20,21,22,23,24
1191,1,6,7,8,9,10,11,14,16,19,22,24
1192,6,10,11,12,13,14,16,18,20,22,23,24
1193,2,3,4,7,9,10,11,13,15,18,20,24
1194,1,2,4,5,7,11,14,15,16,17,18,21
1195,1,3,4,7,8,10,12,19,20,21,22,24
1196,1,2,3,4,5,11,12,13,14,16,20,24
1197,1,2,5,8,9,12,14,15,16,18,19,21
1198,1,2,3,5,6,7,8,12,13,16,20,22
1199,1,2,4,8,12,13,16,19,20,21,23,24
1200,4,6,8,9,11,13,14,15,16,18,22,24
1201,1,3,5,6,7,8,9,13,14,21,22,24
1202,7,8,9,10,11,12,13,14,15,16,17,19
1203,2,5,6,8,11,12,14,15,17,20,21,22
1204,1,2,4,6,8,9,13,15,17,19,21,23
1205,2,3,4,7,8,11,12,14,16,18,19,23
1206,1,2,4,5,8,10,11,12,15,17,19,24
1207,1,4,7,8,9,11,12,14,17,21,22,23
1208,3,4,5,7,9,13,17,18,19,20,21,24
1209,1,2,3,4,5,9,11,12,13,16,19,23
1210,1,2,5,8,9,10,14,16,19,20,22,24
1211,2,3,4,7,8,9,10,11,12,14,20,21
1212,2,4,5,7,10,11,12,15,16,17,18,23
1213,2,4,5,10,11,12,15,16,19,20,22,24
1214,1,2,6,8,10,12,13,15,16,17,18,24
1215,4,5,6,7,8,10,11,12,13,17,20,24
1216,5,7,9,10,11,13,14,15,16,17,19,20
1217,3,5,6,9,10,12,13,15,16,18,19,23
1218,1,4,7,8,9,10,12,14,15,18,20,23
1219,2,4,5,9,10,11,12,14,16,18,20,21
1220,1,3,5,6,8,11,15,17,19,21,22,24
1221,1,2,4,6,7,8,9,11,13,16,19,24
1222,2,4,5,8,13,14,15,16,18,19,21,24
1223,2,3,7,8,9,10,13,16,19,21,23,24
1224,2,5,8,10,12,13,14,16,18,19,22,24
1225,1,6,7,8,11,12,13,15,16,17,21,24
1226,2,4,5,6,7,8,12,13,15,20,21,22
1227,1,4,5,7,8,9,10,14,17,18,22,24
1228,1,5,6,7,8,9,10,12,18,19,20,21
1229,1,6,9,12,13,14,15,17,19,22,23,24
1230,1,2,4,6,7,8,9,10,13,16,19,21
1231,2,3,5,12,15,16,18,19,20,21,22,24
1232,4,6,8,9,13,14,15,16,19,20,21,22
1233,1,3,4,6,7,9,10,13,14,19,22,23
1234,2,9,10,12,13,14,16,17,18,20,21,24
1235,2,10,11,12,15,16,17,20,21,22,23,24
1236,1,4,6,11,12,13,14,17,19,21,22,23
1237,1,2,3,5,6,7,8,9,10,13,21,23
1238,1,3,7,11,12,13,14,15,18,21,23,24
1239,2,4,9,11,14,15,16,17,19,20,21,23
1240,2,3,4,6,8,9,10,11,12,17,18,20
1241,1,3,5,6,8,11,12,14,17,18,20,22
1242,3,5,6,7,9,10,14,16,18,20,23,24
1243,4,7,8,9,11,12,13,15,17,20,23,24
1244,1,6,7,10,11,12,14,15,17,20,21,22
1245,2,3,5,6,9,11,14,15,21,22,23,24
1246,1,2,5,6,7,9,13,14,15,18,20,22
1247,1,2,4,5,7,9,11,12,13,16,19,22
1248,3,4,5,11,12,13,14,16,18,19,20,21
1249,2,3,4,5,7,8,9,14,17,18,21,24
1250,4,5,8,11,12,14,16,20,21,22,23,24
1251,1,2,3,4,10,11,14,16,18,19,22,23
1252,2,3,4,5,7,12,16,17,19,21,22,23
1253,3,4,5,10,12,16,17,18,20,21,23,24
1254,4,5,7,10,13,14,16,18,19,20,23,24
1255,2,4,9,10,11,12,17,18,20,21,23,24
1256,1,2,5,6,8,9,12,14,18,22,23,24
1257,2,3,4,5,9,11,12,13,14,15,19,21
1258,1,4,5,6,7,11,14,18,20,22,23,24
1259,1,2,3,6,7,12,15,17,18,20,23,24
1260,1,2,5,6,7,8,9,10,13,18,20,22
1261,1,3,7,9,10,12,13,15,18,19,20,23
1262,2,4,5,8,9,10,14,18,19,20,21,23
1263,3,5,6,9,10,12,13,18,21,22,23,24
1264,1,2,3,4,6,8,9,10,11,13,18,19
1265,1,2,4,5,6,8,9,10,11,16,19,24
1266,1,2,4,5,8,10,11,12,13,19,20,23
1267,2,4,8,11,12,14,16,17,18,20,23,24
1268,2,6,7,8,11,13,14,15,17,19,20,21
1269,2,3,4,5,7,8,9,15,18,20,22,24
1270,6,7,9,10,11,13,14,16,17,18,22,23
1271,3,5,8,9,15,16,18,20,21,22,23,24
1272,2,3,4,5,8,10,11,12,14,16,17,19
1273,1,6,7,10,11,12,14,15,16,18,20,24
1274,1,5,8,9,10,12,13,15,16,17,20,23
1275,3,7,11,13,16,17,18,19,20,21,22,24
1276,2,3,7,8,9,16,17,18,19,21,22,23
1277,3,4,5,7,8,12,13,15,16,17,21,23
1278,1,4,6,7,8,10,12,16,17,21,23,24
1279,2,3,5,7,9,12,13,14,15,17,18,19
1280,1,4,9,10,11,13,14,15,18,20,21,22
1281,1,2,5,7,13,14,15,18,20,22,23,24
1282,3,6,7,8,10,12,14,16,19,21,22,23
1283,3,4,5,7,9,11,13,16,17,19,20,24
1284,1,3,6,9,10,11,13,15,16,20,22,24
1285,1,4,6,8,9,12,14,15,16,17,19,24
1286,3,5,6,7,9,11,12,13,18,20,21,23
1287,1,4,8,9,10,12,13,16,18,19,20,21
1288,2,3,4,5,6,8,9,13,14,16,18,20
1289,2,5,8,9,13,14,15,16,17,19,20,22
1290,2,3,5,6,7,8,9,12,13,16,21,23
1291,1,2,4,5,6,7,9,11,14,20,23,24
1292,1,4,6,10,11,14,15,18,19,22,23,24
1293,1,6,9,10,11,12,13,17,19,20,21,23
1294,3,4,5,8,10,13,16,17,19,20,22,23
1295,1,2,4,5,6,7,8,12,13,15,21,22
1296,1,4,5,8,9,10,11,13,14,18,22,23
1297,1,2,4,8,10,12,13,15,16,17,18,23
1298,3,4,8,9,11,12,15,16,18,19,22,24
1299,1,2,3,4,7,9,11,14,16,21,22,23
1300,1,3,4,6,8,9,11,12,13,16,20,21
1301,1,3,5,8,9,12,13,16,17,18,19,24
1302,1,6,7,8,9,10,12,14,17,19,23,24
1303,4,5,6,7,8,12,14,16,18,19,22,23
1304,3,4,7,8,10,11,12,16,18,20,21,23
1305,1,2,3,5,6,7,9,12,17,19,22,24
1306,1,2,4,8,12,13,15,17,18,22,23,24
1307,2,3,4,5,7,8,9,10,13,17,18,24
1308,3,4,5,6,7,8,9,11,17,19,20,24
1309,5,6,7,13,15,16,17,19,20,22,23,24
1310,1,2,5,6,8,9,12,14,18,20,21,24
1311,1,2,5,8,11,12,14,16,17,20,21,23
1312,2,3,5,7,8,11,12,13,15,16,17,18
1313,1,3,4,5,8,12,14,15,18,20,23,24
1314,2,4,9,11,16,18,19,20,21,22,23,24
1315,3,4,6,9,10,11,12,15,20,21,23,24
1316,1,2,6,7,9,11,12,14,15,17,21,22
1317,2,5,6,7,8,10,12,13,17,21,22,24
1318,2,4,6,7,8,9,13,14,20,21,22,24
1319,2,3,5,7,8,10,13,14,15,20,22,23
1320,1,2,5,6,8,9,10,15,17,20,21,24
1321,1,2,4,5,6,7,12,15,17,19,22,23
1322,2,3,7,8,10,12,14,16,17,22,23,24
1323,2,3,6,9,10,11,12,13,15,17,20,23
1324,5,6,7,8,9,10,13,14,15,16,17,22
1325,3,6,8,12,13,14,15,16,18,20,21,22
1326,2,6,10,12,13,15,16,18,19,22,23,24
1327,1,3,6,7,8,11,12,15,16,17,18,23
1328,1,4,6,7,8,10,11,15,16,19,21,22
1329,3,4,5,7,9,10,11,13,17,21,22,23
1330,1,3,5,7,8,10,12,13,16,18,19,23
1331,1,4,5,8,9,10,15,17,19,20,22,24
1332,1,3,4,7,8,11,12,13,17,18,19,23
1333,2,3,4,6,9,10,13,16,19,20,22,24
1334,1,3,4,6,7,8,9,12,13,16,21,22
1335,2,4,6,7,8,11,13,14,16,21,22,23
1336,2,4,7,15,16,17,18,19,21,22,23,24
1337,1,4,6,7,11,12,14,16,17,18,19,22
1338,1,3,8,9,10,11,12,13,15,17,20,23
1339,1,3,4,6,8,12,13,15,16,17,23,24
1340,2,3,5,6,7,8,9,12,13,14,19,22
1341,4,5,6,7,13,14,15,18,20,21,23,24
1342,2,3,5,7,8,10,12,14,17,22,23,24
1343,1,3,5,6,7,8,11,13,14,16,23,24
1344,3,4,5,6,10,11,12,13,16,17,19,23
1345,2,3,4,11,15,18,19,20,21,22,23,24
1346,2,3,4,6,8,11,14,15,18,19,21,22
1347,2,3,5,6,11,16,17,19,20,22,23,24
1348,4,6,9,12,13,15,16,17,19,20,21,22
1349,4,5,8,10,13,15,17,18,19,20,23,24
1350,3,5,10,12,13,14,16,17,20,21,22,23
1351,1,4,6,7,9,11,13,16,19,21,22,24
1352,8,9,10,12,13,14,17,19,21,22,23,24
1353,2,5,6,7,8,10,12,14,19,20,21,23
1354,5,6,9,10,12,15,17,20,21,22,23,24
1355,1,2,3,4,8,9,10,12,13,20,21,24
1356,4,8,9,10,12,13,15,16,19,21,23,24
1357,1,3,4,7,8,9,11,15,17,20,21,23
1358,1,2,6,9,10,11,15,18,20,21,23,24
1359,6,7,8,9,10,11,13,15,18,19,22,24
1360,1,4,5,7,8,9,10,14,15,17,20,23
1361,5,6,7,8,9,10,17,19,20,21,22,23
1362,1,3,5,6,7,11,14,15,16,21,23,24
1363,4,6,7,8,9,10,13,14,15,18,20,21
1364,1,3,6,7,8,9,11,15,16,18,21,24
1365,2,3,5,10,12,13,14,17,18,19,22,24
1366,1,3,4,6,8,11,16,19,20,21,22,23
1367,1,2,4,5,6,7,11,12,15,19,21,22
1368,1,2,5,7,9,12,14,16,17,18,22,23
1369,2,3,4,5,7,11,15,17,18,20,22,23
1370,4,6,7,9,10,11,12,13,17,20,22,23
1371,1,5,8,10,11,15,17,18,19,20,22,24
1372,2,3,4,6,12,13,15,17,19,20,21,23
1373,1,2,5,8,9,10,13,14,17,19,22,23
1374,3,4,5,6,10,12,14,19,20,21,22,23
1375,1,2,3,4,5,9,12,13,16,22,23,24
1376,5,6,8,10,11,12,13,14,17,19,20,22
1377,1,2,3,8,10,13,15,16,17,18,20,22
1378,3,5,6,9,12,13,15,18,19,20,21,24
1379,1,4,5,7,9,10,11,12,13,19,21,23
1380,1,3,4,5,9,13,14,15,16,19,21,22
1381,5,6,8,11,12,14,16,17,21,22,23,24
1382,2,3,6,7,8,10,11,13,14,19,21,23
1383,4,6,7,9,10,11,13,17,19,22,23,24
1384,3,6,7,12,13,14,15,17,19,20,21,22
1385,3,4,7,8,9,10,11,12,13,14,19,24
1386,7,10,12,13,15,16,17,18,19,20,21,22
1387,1,3,5,9,10,12,15,16,17,21,22,24
1388,1,10,11,12,14,16,17,18,19,22,23,24
1389,2,3,6,8,14,15,16,18,20,21,23,24
1390,2,4,8,9,12,14,17,20,21,22,23,24
1391,2,3,4,5,6,7,12,17,18,21,22,23
1392,1,3,4,8,9,11,15,16,18,19,20,23
1393,1,3,4,5,7,11,12,14,18,20,22,23
1394,3,6,8,9,11,12,13,14,17,19,21,23
1395,4,5,8,9,10,11,12,13,14,18,21,22
1396,3,6,9,10,11,13,14,15,16,19,20,22
1397,1,2,3,5,8,10,12,14,17,18,20,21
1398,1,3,4,6,7,9,12,14,15,19,22,23
1399,2,8,12,13,15,16,17,18,20,21,23,24
1400,4,6,7,9,14,17,18,20,21,22,23,24
1401,1,2,3,5,8,9,11,15,16,17,20,21
1402,1,2,7,10,12,14,15,16,18,20,21,23
1403,1,2,5,8,9,11,14,15,18,19,22,24
1404,3,4,8,9,10,12,14,16,17,20,21,22
1405,1,3,4,6,7,8,9,12,13,15,16,23
1406,1,4,6,8,9,12,13,14,16,19,21,24
1407,4,6,7,8,9,12,13,16,17,19,20,22
1408,1,2,5,6,7,8,12,16,17,19,22,23
1409,1,4,7,11,13,14,15,18,19,20,21,24
1410,2,3,4,7,9,11,15,16,17,20,23,24
1411,2,4,8,9,10,12,13,14,17,18,19,23
1412,1,2,3,5,11,12,13,18,19,21,22,24
1413,2,6,7,12,14,15,18,19,21,22,23,24
1414,1,2,3,6,7,10,11,15,16,17,19,21
1415,2,3,5,6,7,8,11,13,15,22,23,24
1416,4,5,6,8,10,11,14,16,18,19,22,24
1417,2,8,9,12,13,14,16,17,21,22,23,24
1418,1,4,5,7,8,10,11,13,15,16,23,24
1419,1,2,4,6,7,9,11,17,20,21,23,24
1420,1,6,7,9,12,13,15,19,20,22,23,24
1421,2,6,7,9,11,15,17,18,19,22,23,24
1422,3,6,7,10,12,13,15,16,17,19,21,24
1423,1,3,5,6,7,9,11,12,13,15,22,24
1424,2,4,5,6,8,9,10,11,12,15,17,19
1425,2,3,5,6,10,12,14,17,20,21,22,23
1426,3,6,8,9,13,15,17,18,19,20,23,24
1427,1,2,3,8,12,13,14,15,21,22,23,24
1428,1,4,5,9,10,12,15,17,20,21,22,23
1429,1,2,4,6,9,11,13,15,16,17,19,21
1430,1,2,3,4,7,13,17,18,19,21,23,24
1431,2,3,4,5,7,10,12,17,19,20,21,22
1432,1,3,5,7,8,9,11,12,13,18,21,24
1433,2,3,4,6,7,9,10,14,16,17,21,22
1434,2,3,4,5,10,11,13,14,17,21,23,24
1435,1,3,4,5,6,11,13,14,17,19,23,24
1436,1,2,3,7,9,11,12,13,14,16,22,23
1437,2,3,5,6,11,13,14,15,19,22,23,24
1438,1,2,4,5,9,11,12,13,14,15,17,23
1439,1,2,3,5,7,10,13,14,17,18,20,23
1440,2,7,11,12,13,14,18,20,21,22,23,24
1441,1,5,6,8,9,13,14,16,17,19,22,23
1442,1,2,6,8,10,11,13,15,16,17,18,22
1443,2,3,4,5,6,9,11,17,18,22,23,24
1444,4,5,6,7,8,11,12,13,18,21,22,24
1445,1,3,4,8,9,10,11,12,13,20,21,22
1446,4,5,6,9,10,12,14,15,17,19,22,23
1447,1,3,4,5,8,9,10,11,14,15,16,22
1448,1,2,4,7,10,12,14,15,16,19,21,23
1449,1,8,12,13,14,15,16,17,18,20,22,24
1450,3,6,12,14,15,16,17,18,19,20,21,22
1451,1,2,3,5,6,7,10,12,13,16,21,24
1452,5,6,7,10,11,12,16,18,21,22,23,24
1453,1,3,4,6,8,11,16,18,19,21,23,24
1454,1,6,7,9,10,11,12,13,14,15,21,22
1455,1,7,8,14,15,16,17,18,20,22,23,24
1456,1,3,6,9,10,11,17,18,19,21,23,24
1457,3,5,6,7,8,11,12,16,17,20,22,23
1458,1,5,7,9,10,11,13,18,19,20,22,24
1459,1,4,7,9,11,14,16,17,18,20,21,22
1460,1,2,3,4,5,12,14,18,20,21,23,24
1461,1,2,4,6,7,10,13,14,17,20,23,24
1462,1,7,9,10,12,13,15,19,21,22,23,24
1463,4,5,6,7,10,11,12,13,15,16,18,23
1464,1,3,6,7,8,11,13,14,16,18,21,24
1465,1,2,3,4,6,7,8,15,16,18,20,22
1466,1,3,4,5,6,10,14,19,20,21,22,24
1467,1,2,3,4,6,9,10,12,15,20,22,23
1468,2,7,8,13,15,16,17,18,19,20,23,24
1469,1,2,5,8,9,10,11,12,16,17,22,24
1470,1,3,4,8,9,11,12,13,16,17,18,21
1471,2,5,6,9,10,12,13,17,19,21,22,23
1472,1,2,3,5,6,8,12,14,16,18,20,23
1473,2,4,7,10,11,12,14,15,18,19,20,21
1474,3,4,6,11,13,16,19,20,21,22,23,24
1475,1,3,6,7,8,10,12,14,15,22,23,24
1476,1,3,4,6,8,9,10,11,16,17,18,23
1477,1,4,5,7,10,12,13,14,15,18,20,21
1478,3,4,5,8,10,11,12,13,20,21,22,24
1479,1,2,4,5,10,12,18,20,21,22,23,24
1480,1,4,7,9,10,13,14,15,16,18,21,24
1481,1,2,3,4,6,7,16,17,19,21,23,24
1482,3,5,7,9,10,11,12,13,14,16,17,19
1483,1,3,5,8,13,15,16,18,19,20,22,24
1484,2,3,5,6,7,10,12,13,14,17,18,24
1485,2,8,9,10,12,14,15,19,20,21,23,24
1486,4,6,7,9,11,12,13,17,18,20,21,23
1487,1,3,6,8,9,13,14,15,16,17,18,24
1488,1,3,4,5,6,13,15,18,21,22,23,24
1489,4,6,8,12,15,16,18,19,20,22,23,24
1490,3,7,8,9,12,13,14,17,19,21,22,23
1491,2,3,4,6,7,10,11,12,13,15,18,20
1492,1,2,3,4,6,10,12,14,16,19,22,23
1493,1,2,3,8,10,12,13,14,16,17,20,21
1494,1,2,3,6,7,10,12,15,17,18,19,24
1495,1,3,5,6,9,10,11,13,16,20,23,24
1496,1,2,8,11,14,16,17,19,20,22,23,24
1497,1,2,4,5,7,9,12,13,14,15,19,23
1498,3,6,8,9,10,14,16,17,18,21,22,23
1499,1,3,4,5,6,9,12,13,18,20,21,24
1500,3,4,5,6,7,8,11,13,16,19,21,22
1501,1,3,4,7,8,10,12,14,15,17,21,22
1502,1,6,7,9,10,11,14,15,17,21,23,24
1503,2,3,6,7,8,9,10,14,15,17,23,24
1504,3,6,8,11,12,14,15,17,18,20,23,24
1505,1,2,3,4,8,12,13,15,16,18,22,23
1506,1,2,3,4,5,12,13,15,18,19,21,24
1507,1,2,3,7,8,10,11,13,14,16,17,19
1508,3,4,7,10,11,12,15,18,20,21,22,24
1509,2,5,7,8,9,10,11,18,20,21,22,23
1510,1,2,5,10,11,15,16,18,19,21,22,24
1511,2,3,4,7,10,11,12,15,19,20,22,24
1512,3,7,8,9,14,17,18,20,21,22,23,24
1513,1,2,3,4,5,9,10,12,13,14,18,23
1514,1,3,4,5,6,7,8,10,13,16,22,23
1515,3,4,6,7,9,11,15,19,20,21,22,24
1516,5,6,9,12,13,15,16,17,19,20,23,24
1517,2,3,4,5,10,11,13,14,16,19,20,22
1518,3,6,8,11,13,15,16,17,19,20,22,24
1519,1,2,3,7,8,9,10,11,12,16,17,19
1520,2,4,5,9,10,12,13,15,17,18,22,23
1521,1,4,5,9,13,14,16,19,20,21,23,24
1522,4,6,8,10,11,12,13,14,16,17,20,23
1523,1,2,7,8,9,12,15,17,18,19,20,24
1524,2,6,8,9,10,13,15,17,19,20,21,24
1525,1,4,7,9,10,11,12,13,14,16,18,22
1526,1,4,5,10,11,13,14,16,19,21,22,24
1527,4,5,6,7,10,12,14,19,20,21,22,23
1528,3,4,5,7,8,13,14,17,19,21,22,24
1529,1,3,5,6,7,12,13,15,16,18,23,24
1530,1,2,4,6,7,10,11,18,19,21,22,24
1531,2,6,13,15,16,17,18,20,21,22,23,24
1532,4,5,6,7,8,10,14,15,16,17,21,23
1533,1,2,7,8,11,12,13,14,17,20,21,23
1534,1,2,4,5,6,8,15,18,19,20,21,23
1535,1,3,4,5,9,10,11,17,20,21,23,24
1536,2,4,7,8,9,10,11,15,16,18,22,24
1537,1,3,8,13,14,15,19,20,21,22,23,24
1538,2,5,7,8,11,12,13,18,19,20,21,24
1539,1,2,4,9,10,11,13,14,16,17,18,23
1540,1,2,4,5,6,9,10,11,13,18,23,24
1541,1,2,3,5,8,11,12,14,15,20,23,24
1542,2,4,5,6,7,10,11,17,19,20,22,23
1543,1,3,4,5,8,10,11,12,16,18,21,22
1544,2,4,5,6,7,8,11,13,15,16,17,19
1545,1,2,3,5,10,11,12,16,19,20,22,24
1546,1,5,6,9,10,11,12,16,20,21,23,24
1547,1,2,3,4,5,6,10,11,16,17,22,23
1548,3,6,10,11,14,15,16,18,19,20,22,23
1549,5,6,9,10,12,13,16,18,19,20,22,24
1550,1,5,6,8,10,12,14,19,20,22,23,24
1551,2,5,6,7,9,10,11,12,14,15,19,23
1552,1,2,5,6,12,14,15,16,20,21,22,23
1553,1,4,5,8,12,13,14,17,21,22,23,24
1554,1,2,3,6,9,10,11,15,17,19,20,23
1555,1,2,7,8,10,12,13,16,17,18,20,22
1556,1,2,3,5,6,10,16,17,18,20,21,22
1557,2,4,6,7,8,9,13,14,15,20,21,22
1558,3,6,8,11,12,14,15,19,21,22,23,24
1559,4,5,6,7,8,9,10,11,15,17,20,21
1560,1,2,5,10,13,16,17,18,19,20,21,23
1561,1,3,5,7,8,11,12,16,18,19,22,23
1562,1,3,7,8,10,13,14,15,16,19,22,23
1563,2,5,7,10,12,14,16,17,18,19,22,24
1564,1,2,8,9,10,12,16,17,19,20,22,24
1565,2,3,6,7,8,9,13,16,20,21,22,24
1566,1,4,5,6,9,13,14,16,17,19,23,24
1567,2,3,5,6,9,10,13,15,20,21,23,24
1568,1,2,3,5,8,9,13,14,15,18,19,24
1569,1,3,5,10,11,12,13,16,19,20,23,24
1570,2,3,8,9,11,12,13,16,17,21,22,23
1571,1,2,4,6,10,12,13,15,17,19,21,22
1572,2,3,4,6,9,10,12,18,19,21,22,24
1573,2,3,4,6,7,13,14,16,17,18,20,23
1574,1,2,3,7,9,10,13,14,16,18,20,22
1575,2,3,5,8,9,12,14,16,17,18,19,23
1576,1,4,5,7,9,11,13,14,15,17,21,24
1577,3,7,9,10,11,12,15,16,18,19,20,22
1578,1,2,3,4,8,11,13,17,20,21,23,24
1579,1,2,5,8,9,10,11,13,17,21,23,24
1580,1,7,8,9,10,11,13,15,16,19,23,24
1581,1,2,5,6,7,11,15,17,18,19,20,21
1582,1,3,7,8,9,10,15,18,21,22,23,24
1583,4,5,6,7,9,11,13,14,16,19,20,21
1584,1,2,3,4,5,7,12,13,16,17,19,22
1585,1,3,4,7,9,13,15,16,19,20,23,24
1586,1,5,6,11,13,14,15,17,18,22,23,24
1587,2,3,6,10,14,15,16,18,19,20,21,22
1588,3,5,8,11,12,13,16,18,19,20,21,22
1589,1,2,10,11,12,14,16,17,19,21,23,24
1590,1,2,4,6,7,8,10,13,15,17,18,23
1591,2,5,6,9,10,12,13,14,15,21,23,24
1592,1,3,4,6,7,8,11,12,16,19,23,24
1593,3,6,9,10,11,16,17,18,19,20,21,22
1594,2,3,4,6,7,12,16,17,19,20,21,23
1595,1,2,5,7,9,10,11,13,15,17,20,22
1596,1,2,6,8,9,10,14,15,18,19,20,24
1597,5,9,12,13,14,15,16,19,20,21,23,24
1598,1,3,6,12,15,16,17,19,21,22,23,24
1599,5,7,12,13,14,15,17,18,19,20,23,24
1600,2,4,5,7,9,10,11,14,15,16,18,21
1601,2,5,7,9,10,11,12,13,16,20,21,23
1602,3,5,6,8,9,11,12,14,18,20,22,24
1603,1,3,7,8,9,12,14,15,18,19,21,24
1604,2,5,7,8,10,11,14,15,18,21,22,24
1605,1,4,5,6,13,14,15,16,19,20,22,24
1606,1,8,10,13,15,16,17,18,20,21,23,24
1607,2,3,6,8,9,10,11,14,15,18,20,24
1608,1,3,4,5,8,10,11,16,19,20,22,23
1609,1,4,5,7,8,12,13,14,19,20,21,22
1610,1,2,4,5,6,8,10,11,17,19,20,24
1611,1,2,5,6,8,9,10,12,14,16,17,24
1612,1,2,3,5,6,11,13,15,17,18,19,22
1613,2,6,11,12,13,14,17,18,19,21,22,23
1614,3,5,6,8,11,12,13,17,18,20,23,24
1615,2,4,7,8,9,10,12,13,14,18,19,21
1616,1,2,4,6,8,9,10,13,14,15,17,24
1617,1,2,4,5,7,8,13,14,15,16,20,24
1618,2,4,5,6,7,11,12,13,14,18,20,21
1619,1,2,4,7,10,12,16,17,18,19,23,24
1620,1,2,3,5,8,9,13,15,16,21,22,24
1621,1,2,4,5,6,8,13,15,17,18,21,24
1622,5,6,8,9,10,11,12,13,17,18,20,23
1623,1,3,6,9,15,16,17,18,20,21,23,24
1624,1,4,6,7,8,9,10,12,13,14,21,23
1625,2,3,4,5,9,10,12,14,19,20,21,22
1626,1,2,6,10,11,16,18,19,21,22,23,24
1627,1,7,8,10,11,12,13,17,20,21,22,23
1628,3,5,7,10,13,16,17,20,21,22,23,24
1629,2,3,5,6,7,8,10,13,14,18,20,22
1630,1,3,4,5,8,9,10,12,19,20,22,23
1631,1,2,5,8,9,10,12,13,15,17,22,23
1632,1,3,6,8,9,11,17,19,20,21,22,24
1633,2,3,4,5,8,11,13,15,17,20,22,23
1634,1,3,5,6,9,10,14,15,18,19,20,21
1635,2,3,6,9,11,12,14,17,19,20,22,23
1636,1,2,3,5,9,12,13,16,17,18,20,21
1637,1,5,6,7,8,9,13,18,19,20,21,23
1638,1,2,3,4,7,9,10,12,13,15,17,24
1639,1,3,4,5,7,8,12,13,16,18,20,24
1640,1,2,5,7,11,13,14,16,20,21,23,24
1641,1,4,5,6,8,11,15,19,20,21,22,24
1642,2,3,4,6,7,10,11,14,19,20,23,24
1643,3,4,8,10,11,12,13,14,16,19,22,23
1644,1,9,10,12,13,14,15,17,18,19,21,23
1645,2,3,6,7,9,10,13,14,20,21,23,24
1646,1,5,7,9,11,12,14,15,16,17,23,24
1647,1,5,6,7,8,9,12,13,15,22,23,24
1648,1,2,6,8,9,15,16,17,19,22,23,24
1649,1,3,4,5,10,12,13,15,17,18,23,24
1650,2,3,5,6,9,10,13,14,18,19,22,23
1651,3,4,7,9,11,12,13,14,16,17,21,24
1652,2,5,6,8,9,11,14,16,17,18,19,20
1653,1,2,8,9,11,13,16,17,20,22,23,24
1654,1,2,3,4,8,9,10,14,16,17,19,23
1655,1,2,4,5,8,11,13,15,20,21,22,24
1656,3,5,6,8,9,10,11,13,20,21,23,24
1657,2,4,6,8,9,12,13,14,15,17,22,24
1658,1,2,3,4,6,8,10,12,14,20,21,24
1659,1,2,3,6,8,10,12,15,17,18,21,22
1660,2,3,4,7,8,12,14,16,18,21,22,23
1661,1,3,5,7,9,11,12,16,17,18,20,22
1662,1,3,4,7,10,12,15,16,17,18,20,22
1663,1,7,8,11,12,16,17,19,21,22,23,24
1664,1,4,7,8,9,12,13,14,20,21,22,24
1665,1,3,7,8,9,10,11,15,16,17,19,23
1666,3,4,8,10,11,12,14,16,20,21,22,23
1667,1,2,3,4,8,13,15,17,18,21,23,24
1668,1,2,3,7,11,15,18,19,21,22,23,24
1669,3,4,5,8,13,16,17,18,19,21,22,23
1670,1,4,5,7,8,10,14,15,16,19,20,22
1671,4,5,6,7,8,13,16,17,18,20,21,23
1672,1,2,3,6,9,12,16,18,19,21,23,24
1673,2,3,4,8,9,12,13,16,17,21,22,24
1674,2,3,4,5,6,7,10,14,16,20,22,24
1675,5,6,7,11,12,14,17,18,19,21,22,24
1676,4,7,8,9,10,11,12,16,17,19,22,24
1677,5,7,10,11,13,16,17,18,20,21,22,23
1678,1,3,9,11,12,15,17,19,21,22,23,24
1679,2,3,4,6,7,9,10,13,16,20,22,23
1680,1,4,10,12,15,17,18,19,20,22,23,24
1681,2,4,5,7,10,12,14,17,18,21,23,24
1682,2,3,6,10,11,13,15,17,19,20,22,24
1683,3,4,8,11,13,15,16,17,19,20,22,24
1684,1,2,3,4,5,9,11,13,15,18,19,22
1685,3,5,6,8,10,11,14,16,17,18,20,21
1686,1,3,4,5,6,8,10,11,12,18,19,20
1687,1,2,4,5,6,7,9,11,13,14,16,19
1688,5,8,9,11,14,15,17,18,19,21,23,24
1689,1,3,4,5,6,11,13,14,15,18,20,23
1690,2,3,4,5,12,13,15,16,17,21,23,24
1691,1,2,3,5,9,11,14,16,20,21,22,24
1692,4,5,6,7,8,13,14,15,17,20,21,23
1693,2,3,5,6,7,10,15,16,17,18,20,21
1694,1,3,4,8,9,13,17,18,19,20,21,22
1695,1,2,4,6,7,8,9,11,12,17,20,23
1696,1,5,7,9,11,16,19,20,21,22,23,24
1697,2,3,5,9,10,11,18,19,20,21,22,24
1698,1,2,3,5,8,10,11,12,13,14,15,24
1699,2,3,4,6,7,13,14,16,17,21,22,24
1700,2,3,4,5,9,10,11,14,17,19,21,23
1701,1,7,8,9,10,12,13,16,20,21,22,23
1702,1,5,6,7,8,11,15,16,17,19,22,24
1703,1,2,4,6,7,11,15,17,18,19,23,24
1704,2,3,6,7,12,14,15,16,17,18,20,22
1705,3,5,6,7,10,11,13,15,16,18,20,21
1706,1,2,3,5,6,11,12,13,17,21,22,24
1707,1,4,6,7,8,9,11,14,15,16,19,24
1708,1,4,5,6,7,9,10,11,12,15,22,23
1709,1,2,6,7,9,15,16,17,18,19,23,24
1710,2,3,5,6,7,12,13,16,19,21,22,24
1711,1,5,8,9,11,13,15,16,17,19,22,24
1712,2,5,6,7,8,10,13,20,21,22,23,24
1713,1,2,8,9,10,13,15,17,18,21,23,24
1714,3,4,5,7,8,11,14,15,18,19,22,23
1715,2,3,5,7,9,10,11,14,20,21,22,23
1716,5,6,10,11,13,15,17,18,19,20,22,24
1717,1,2,3,4,6,7,10,12,14,18,19,21
1718,5,6,7,8,9,12,15,16,17,20,21,24
1719,1,2,3,6,7,10,11,13,14,15,17,23
1720,3,5,6,7,10,11,12,13,14,16,18,24
1721,1,6,7,9,10,12,14,15,16,20,21,22
1722,1,2,5,6,7,12,15,16,17,19,22,24
1723,1,4,5,6,7,8,10,14,18,19,20,22
1724,1,3,8,9,11,12,13,14,17,19,20,23
1725,3,4,5,7,8,9,12,13,14,21,22,23
1726,1,3,6,8,9,12,15,17,18,20,22,23
1727,2,4,7,8,10,12,13,15,18,19,22,24
1728,2,5,6,11,12,13,18,19,20,22,23,24
1729,2,3,4,6,7,9,13,16,17,18,19,22
1730,3,4,6,8,9,10,11,15,17,22,23,24
1731,1,4,5,10,11,12,13,14,16,20,21,24
1732,1,2,4,7,11,15,17,19,20,22,23,24
1733,3,4,5,6,10,12,14,15,16,18,20,24
1734,1,2,5,7,8,12,13,15,18,19,23,24
1735,1,2,4,5,6,11,12,19,21,22,23,24
1736,1,3,8,13,15,16,17,18,19,21,22,23
1737,5,6,8,11,12,13,14,16,19,20,23,24
1738,1,3,5,6,11,13,17,18,20,21,23,24
1739,3,6,7,11,12,17,18,19,21,22,23,24
1740,1,2,3,7,8,11,12,18,19,20,22,23
1741,1,3,5,6,8,11,12,13,15,19,20,24
1742,2,3,7,8,9,11,15,16,17,20,21,24
1743,3,5,6,8,10,14,15,16,17,18,20,24
1744,3,6,7,9,10,12,14,15,18,21,22,24
1745,3,5,6,8,9,11,12,13,18,19,20,21
1746,1,4,5,6,9,10,12,13,15,18,21,24
1747,3,4,5,6,7,11,13,14,17,19,20,23
1748,1,4,7,9,10,13,14,15,16,20,22,24
1749,1,4,5,7,10,12,15,16,17,18,20,21
1750,1,5,7,11,13,14,15,16,19,21,22,23
1751,1,5,6,7,8,10,14,16,20,21,22,23
1752,1,3,4,5,6,11,12,14,16,18,19,24
1753,1,3,6,11,12,13,14,17,18,19,20,24
1754,1,4,5,6,7,8,10,12,15,17,20,22
1755,2,4,5,7,8,10,12,14,17,20,21,22
1756,5,7,8,9,12,13,14,19,21,22,23,24
1757,4,5,8,9,10,14,15,16,17,20,22,24
1758,10,12,13,14,16,18,19,20,21,22,23,24
1759,1,2,3,4,7,8,12,14,15,19,20,23
1760,1,2,3,7,8,9,14,16,19,22,23,24
1761,2,5,7,10,11,15,16,17,20,21,22,24
1762,2,4,6,9,11,14,15,16,17,18,20,22
1763,2,3,6,8,10,11,15,16,19,20,21,22
1764,1,2,4,5,6,8,10,11,13,22,23,24
1765,1,4,5,9,10,12,15,18,20,21,22,24
1766,2,3,4,10,14,15,17,18,19,21,23,24
1767,1,2,4,8,10,11,14,16,17,18,22,24
1768,1,5,6,8,11,12,13,14,17,19,20,22
1769,1,2,12,13,14,15,17,20,21,22,23,24
1770,1,4,6,7,9,11,12,14,15,16,18,24
1771,1,2,5,7,10,11,12,14,16,17,18,19
1772,1,6,8,11,12,14,15,16,18,19,20,22
1773,2,4,6,9,13,14,15,16,18,20,23,24
1774,2,4,8,9,10,11,13,17,18,22,23,24
1775,2,5,6,7,9,11,12,15,17,18,19,22
1776,3,4,5,7,9,10,11,12,13,15,19,23
1777,1,2,7,8,12,14,15,16,18,20,21,23
1778,1,2,4,6,7,8,9,12,14,16,20,22
1779,1,5,10,11,12,15,16,17,18,21,22,23
1780,3,4,6,8,9,10,13,19,21,22,23,24
1781,4,5,7,8,9,14,15,16,20,21,22,24
1782,1,4,5,6,7,8,13,15,19,21,23,24
1783,2,4,5,6,10,13,16,17,20,22,23,24
1784,3,4,5,9,11,13,16,17,19,22,23,24
1785,1,4,6,7,8,9,13,14,15,19,21,23
1786,3,4,5,8,11,12,15,16,19,22,23,24
1787,1,2,3,4,8,9,11,12,15,18,20,21
1788,5,6,9,10,11,13,16,17,19,20,21,24
1789,3,4,5,6,8,12,14,15,18,20,21,24
1790,1,2,5,7,8,9,10,14,16,19,21,23
1791,1,3,4,5,9,10,12,17,18,19,22,24
1792,1,3,11,12,13,16,17,18,20,21,23,24
1793,2,6,7,9,10,11,13,15,16,17,20,21
1794,4,7,9,10,11,13,15,16,19,20,22,24
1795,1,2,4,7,11,13,15,18,20,21,22,23
1796,3,4,5,7,9,10,12,14,15,16,21,22
1797,2,4,7,8,9,10,11,13,15,16,22,23
1798,3,8,9,11,12,13,14,15,17,18,22,24
1799,1,2,4,5,6,7,10,11,14,22,23,24
1800,2,4,7,8,10,11,15,18,19,20,21,23
1801,1,2,3,5,6,12,14,15,16,22,23,24
1802,5,6,7,9,10,11,12,14,15,18,21,23
1803,4,5,6,8,9,10,13,15,19,20,23,24
1804,2,4,7,12,13,15,16,17,20,21,22,24
1805,3,4,5,8,10,11,16,17,18,19,20,23
1806,2,4,5,6,7,9,11,14,15,16,19,21
1807,1,2,3,5,7,9,10,13,16,19,20,23
1808,3,4,6,10,11,12,13,16,17,20,22,24
1809,6,10,11,14,15,16,17,18,19,21,22,24
1810,2,3,6,7,8,11,13,16,18,20,21,24
1811,2,3,5,7,8,10,11,17,19,20,22,23
1812,2,3,4,5,9,10,11,17,19,20,21,24
1813,3,6,9,10,11,13,15,16,17,21,23,24
1814,5,6,7,8,12,14,15,16,17,18,21,23
1815,3,6,9,12,13,14,15,16,17,18,20,23
1816,4,6,7,8,9,10,12,13,15,17,19,22
1817,2,3,4,5,9,11,12,14,17,19,22,23
1818,1,2,4,8,10,12,13,14,16,20,22,24
1819,1,6,8,9,11,12,13,15,16,17,19,21
1820,1,6,10,11,14,15,17,18,20,22,23,24
1821,4,9,12,13,14,15,17,18,19,20,23,24
1822,1,2,3,7,8,9,11,13,16,20,22,24
1823,1,6,7,9,10,12,13,14,15,17,19,20
1824,3,4,6,7,12,15,18,19,20,21,22,24
1825,1,2,3,5,6,8,10,13,15,16,21,22
1826,1,4,5,7,11,12,15,16,17,20,23,24
1827,2,3,5,7,9,10,12,15,19,20,23,24
1828,2,3,6,7,8,16,17,18,19,20,21,22
1829,2,4,5,6,8,9,10,11,12,13,14,19
1830,1,3,5,6,9,10,11,12,13,14,20,22
1831,1,2,3,6,10,11,12,13,15,16,20,24
1832,3,5,6,9,11,13,14,16,17,20,22,24
1833,2,4,6,9,11,12,15,16,17,18,19,22
1834,2,3,4,6,7,10,11,16,18,19,23,24
1835,3,4,5,6,7,9,10,15,16,18,21,22
1836,1,3,8,9,10,11,14,15,16,19,21,23
1837,2,4,5,6,11,13,14,16,19,20,21,22
1838,1,2,5,6,8,9,10,11,12,16,21,22
1839,1,5,6,7,8,11,14,15,18,20,23,24
1840,3,4,5,6,7,8,10,15,17,21,22,23
1841,2,3,4,6,9,10,12,13,17,21,22,23
1842,1,3,5,7,10,15,17,19,20,21,22,23
1843,1,6,7,9,11,13,15,18,21,22,23,24
1844,1,2,4,6,7,8,9,11,13,18,22,24
1845,1,2,3,4,6,8,10,11,16,17,22,23
1846,2,4,8,9,10,11,14,16,17,18,19,23
1847,1,4,6,9,10,13,14,15,17,21,23,24
1848,1,3,4,9,10,13,14,15,18,20,21,24
1849,2,4,5,7,10,11,12,15,17,21,22,24
1850,4,6,8,9,11,12,13,15,17,18,21,23
1851,1,2,4,7,8,9,10,11,12,17,21,24
1852,3,5,6,7,9,11,17,18,19,20,21,22
1853,2,3,7,8,9,11,13,14,15,16,18,24
1854,1,3,5,9,10,11,13,17,18,20,21,23
1855,1,3,4,5,8,11,17,18,19,20,23,24
1856,6,7,8,9,10,12,15,17,21,22,23,24
1857,1,5,6,7,8,9,11,12,13,14,15,22
1858,2,4,5,11,13,14,15,16,19,20,23,24
1859,3,4,5,7,9,11,14,16,20,22,23,24
1860,2,3,5,8,9,10,12,13,17,18,22,24
1861,2,3,5,6,7,11,12,13,16,17,20,21
1862,2,4,5,6,8,13,15,16,17,20,22,24
1863,2,3,6,8,9,10,12,14,16,17,21,23
1864,3,5,6,7,8,11,12,14,15,19,20,24
1865,1,2,3,4,7,8,9,10,19,21,23,24
1866,4,7,9,10,11,12,15,19,21,22,23,24
1867,1,4,7,9,10,11,14,15,19,20,21,23
1868,2,8,10,12,15,16,17,18,19,20,21,22
1869,2,3,4,5,7,9,11,12,14,15,20,21
1870,1,2,5,6,7,9,10,11,15,17,20,24
1871,5,7,8,10,11,12,15,18,21,22,23,24
1872,1,2,4,5,7,10,11,14,16,18,20,21
1873,3,5,6,8,11,12,14,15,18,19,21,23
1874,1,3,5,6,7,8,10,17,19,20,21,24
1875,6,8,10,11,12,14,15,16,20,21,23,24
1876,1,4,7,8,9,13,14,15,16,18,22,24
1877,3,5,6,9,10,11,12,15,17,21,22,23
1878,2,4,8,9,10,13,16,17,18,19,21,23
1879,3,4,5,6,7,8,12,15,18,19,21,23
1880,2,3,5,6,12,13,14,15,17,19,22,23
1881,2,3,6,8,9,11,14,17,19,21,22,23
1882,2,3,4,5,7,9,10,13,14,16,18,20
1883,1,4,6,7,8,9,11,12,15,18,19,22
1884,5,6,7,10,11,14,16,17,20,21,22,24
1885,6,7,8,9,10,12,13,15,18,19,22,23
1886,2,3,5,6,7,8,9,10,15,18,19,21
1887,3,7,10,11,13,16,17,20,21,22,23,24
1888,1,3,4,6,7,11,12,16,20,21,22,24
1889,1,4,5,10,15,16,17,19,21,22,23,24
1890,2,3,5,7,9,10,11,13,15,17,18,24
1891,3,6,8,9,11,14,15,18,19,20,22,24
1892,4,7,8,9,12,13,15,17,20,21,22,23
1893,2,3,5,7,8,11,13,15,16,17,18,19
1894,1,5,6,8,9,11,13,14,18,20,21,22
1895,2,5,10,15,16,17,18,19,20,21,22,24
1896,4,7,8,9,11,15,17,18,19,22,23,24
1897,2,3,5,7,10,11,12,14,16,17,22,24
1898,3,7,8,9,11,12,13,18,20,21,23,24
1899,3,5,7,9,12,14,17,19,20,21,22,23
1900,1,4,8,9,10,11,13,14,15,19,20,21
1901,1,3,6,7,10,11,13,15,16,17,19,24
1902,3,4,9,11,13,15,16,17,20,21,22,24
1903,2,3,5,6,7,8,11,14,15,19,21,22
1904,1,4,5,7,9,11,13,17,18,19,20,22
1905,1,2,3,6,10,12,13,14,15,18,20,21
1906,1,2,3,4,6,8,14,16,18,21,23,24
1907,5,8,10,12,14,15,17,18,19,20,23,24
1908,1,6,7,8,10,14,16,17,19,22,23,24
1909,2,4,8,9,12,15,16,18,19,20,21,24
1910,2,3,5,6,11,14,16,19,20,21,22,24
1911,1,2,4,5,10,11,13,15,19,20,21,24
1912,2,6,7,9,10,11,14,16,17,19,21,24
1913,2,5,9,11,12,14,16,17,19,20,22,23
1914,2,3,5,6,9,12,14,18,19,21,22,23
1915,1,3,5,7,10,14,16,17,18,20,22,23
1916,2,3,4,5,6,8,10,11,14,20,22,24
1917,2,3,5,7,11,14,15,18,19,20,23,24
1918,4,5,7,9,13,14,15,17,19,21,23,24
1919,2,3,5,7,9,12,13,14,17,19,20,21
1920,1,4,5,8,11,14,15,16,21,22,23,24
1921,1,3,9,10,11,13,15,16,18,19,20,21
1922,1,3,5,6,7,8,9,10,12,14,17,22
1923,2,3,4,5,6,10,13,14,17,18,19,21
1924,3,5,6,9,11,12,13,15,17,19,21,23
1925,1,2,3,4,6,8,9,14,15,17,18,21
1926,3,4,5,6,7,8,9,10,18,19,20,21
1927,2,3,4,6,11,13,14,15,16,17,19,21
1928,1,4,6,8,9,12,13,14,16,17,18,21
1929,2,4,6,7,11,13,14,15,16,17,18,19
1930,1,2,5,8,9,12,15,16,19,20,22,23
1931,1,2,3,7,9,10,12,14,15,19,20,22
1932,1,2,4,6,7,8,11,13,14,16,18,19
1933,3,4,5,6,8,10,14,16,17,20,22,24
1934,3,4,5,6,8,10,14,16,17,19,20,21
1935,3,4,10,11,12,14,15,16,19,20,21,23
1936,2,5,6,8,11,12,16,17,20,22,23,24
1937,5,6,9,12,14,15,18,19,20,21,22,23
1938,2,6,8,9,10,12,13,19,20,21,22,24
1939,1,2,5,8,12,13,14,15,16,18,20,21
1940,1,2,4,6,8,11,12,13,16,20,23,24
1941,2,3,6,8,9,10,12,14,18,19,20,24
1942,3,8,11,12,13,14,15,16,17,19,20,23
1943,1,2,3,4,7,11,13,14,19,20,21,23
1944,2,5,6,8,9,10,11,14,17,18,20,23
1945,7,8,9,10,13,15,16,17,18,19,20,21
1946,2,4,5,6,8,12,15,16,17,22,23,24
1947,1,3,4,5,6,7,11,12,14,17,19,21
1948,2,7,8,11,12,13,18,19,20,21,22,23
1949,2,5,6,7,8,12,14,20,21,22,23,24
1950,2,5,6,7,11,12,13,16,18,20,23,24
1951,1,3,5,7,11,12,13,14,18,19,20,22
1952,2,3,4,6,7,10,11,14,15,16,20,24
1953,1,4,5,6,8,12,13,14,16,18,20,24
1954,2,4,5,10,11,15,16,18,21,22,23,24
1955,2,5,6,10,15,16,17,18,20,21,22,23
1956,1,2,3,4,5,6,9,12,14,21,23,24
1957,1,3,5,11,12,13,14,16,17,21,22,23
1958,3,6,7,8,9,11,12,15,16,17,18,22
1959,2,5,7,9,11,12,14,15,16,18,20,23
1960,1,2,4,6,8,9,11,12,15,16,17,23
1961,4,5,6,7,8,9,10,13,15,17,19,24
1962,1,4,5,6,8,9,10,11,13,15,18,20
1963,1,3,4,6,7,9,10,13,15,20,22,24
1964,3,7,8,14,15,17,19,20,21,22,23,24
1965,5,6,9,10,11,13,14,16,17,18,21,23
1966,3,4,5,6,8,9,10,11,14,15,20,21
1967,2,3,7,9,10,12,13,14,15,20,22,24
1968,1,3,4,5,9,12,15,17,18,19,21,23
1969,2,3,4,5,9,10,13,14,15,22,23,24
1970,1,3,10,11,12,14,15,16,17,18,20,23
1971,3,5,6,9,11,12,13,14,17,21,23,24
1972,2,3,9,11,14,16,17,19,20,22,23,24
1973,1,3,4,5,7,8,9,12,14,15,17,22
1974,2,3,5,7,10,13,17,18,20,21,22,24
1975,4,5,6,7,8,11,12,13,17,22,23,24
1976,3,6,7,10,11,13,15,16,19,22,23,24
1977,2,6,7,8,9,12,13,17,18,19,21,23
1978,2,4,7,8,9,12,13,14,15,17,20,23
1979,2,7,8,10,11,13,14,18,21,22,23,24
1980,3,7,8,13,15,16,17,18,19,20,21,24
1981,1,2,3,8,9,11,13,17,19,22,23,24
1982,2,5,6,7,8,9,12,19,20,22,23,24
1983,1,4,5,6,7,11,13,14,15,18,20,22
1984,1,2,6,8,12,13,15,17,20,22,23,24
1985,2,8,9,10,13,14,15,18,19,20,23,24
1986,4,7,12,13,15,17,18,19,20,21,22,23
1987,1,2,4,5,7,12,16,17,18,19,23,24
1988,1,3,4,6,8,9,10,11,12,13,20,21
1989,1,3,4,6,9,12,15,18,19,21,22,24
1990,1,9,10,11,12,13,15,18,19,20,23,24
1991,2,3,5,6,8,9,11,13,16,19,20,22
1992,4,5,6,7,8,9,10,13,16,19,23,24
1993,1,3,6,12,15,16,18,19,20,21,22,24
1994,4,6,9,13,15,16,17,18,19,21,22,24
1995,1,2,4,6,7,10,12,13,18,19,20,24
1996,2,4,5,7,10,12,16,17,21,22,23,24
1997,3,7,8,9,11,12,14,16,17,21,22,24
1998,2,4,5,8,9,10,11,12,14,15,18,21
1999,2,3,4,8,10,13,16,17,18,19,21,23
2000,1,2,7,10,11,13,16,17,19,20,21,23
2001,1,2,3,5,8,12,16,17,18,20,22,24
2002,5,6,8,9,11,13,14,15,17,18,19,21
2003,1,2,3,5,6,7,8,9,14,17,18,23
2004,3,4,8,11,12,13,15,17,20,22,23,24
2005,1,2,4,5,7,8,10,11,12,16,19,24
2006,3,4,6,7,8,13,15,18,20,21,22,24
2007,3,4,5,6,7,11,15,18,19,21,22,23
2008,2,3,5,8,9,11,16,17,18,19,20,21
2009,1,2,4,6,7,8,9,11,13,16,17,24
2010,2,8,9,10,11,12,15,17,18,22,23,24
2011,2,5,7,11,13,15,16,17,18,21,22,24
2012,4,9,10,11,12,13,14,16,17,18,19,24
2013,5,6,8,11,13,15,16,17,20,22,23,24
2014,1,5,7,11,13,15,17,18,19,22,23,24
2015,3,4,5,6,8,10,17,19,20,22,23,24
2016,1,2,3,11,13,14,16,17,18,19,20,23
2017,3,5,6,8,10,11,13,14,15,16,18,24
2018,1,2,3,5,6,8,9,10,11,14,18,23
2019,1,6,7,10,11,13,14,17,19,20,21,24
2020,1,3,4,8,12,14,16,17,19,21,23,24
2021,1,2,3,4,5,6,7,8,11,18,21,24
2022,5,6,8,12,13,14,16,18,19,20,21,24
2023,2,4,8,9,11,12,13,18,19,21,23,24
2024,1,3,4,5,8,10,11,12,15,16,18,20
2025,1,2,4,5,6,7,8,10,11,14,17,23
2026,1,2,4,5,6,8,13,16,17,18,20,22
2027,2,3,4,5,11,12,14,17,18,19,21,23
2028,6,7,11,12,14,16,17,18,19,20,23,24
2029,1,5,7,8,12,14,15,17,18,20,22,23
2030,1,8,9,11,12,13,15,18,19,20,22,24
2031,1,3,4,5,7,8,10,12,13,19,21,24
2032,1,4,5,6,8,10,11,14,17,18,19,21
2033,1,2,4,5,6,7,8,11,13,18,23,24
2034,2,4,5,9,11,12,13,17,19,20,21,24
2035,4,5,6,7,10,12,13,14,18,19,22,24
2036,1,3,4,5,8,17,18,20,21,22,23,24
2037,7,8,9,11,14,15,16,17,20,21,22,23
2038,1,4,5,7,9,13,14,18,21,22,23,24
2039,1,4,5,9,10,12,15,16,17,19,22,24
2040,5,6,8,9,10,11,12,16,19,21,22,24
2041,1,3,5,7,8,10,11,14,15,19,21,23
2042,1,2,4,5,6,13,15,17,18,19,21,24
2043,1,2,4,10,11,12,13,14,15,16,17,20
2044,1,3,5,7,9,10,16,17,18,20,22,24
2045,1,3,5,6,9,10,12,14,17,18,20,23
2046,1,3,4,5,6,11,13,14,15,16,17,18
2047,1,3,4,5,7,10,12,13,14,15,17,23
2048,1,2,5,8,9,10,11,12,16,21,22,24
2049,2,5,7,8,10,11,13,17,18,21,23,24
2050,1,3,6,7,8,9,15,16,17,19,21,22
2051,1,3,4,5,7,9,11,13,17,18,19,22
2052,1,3,4,5,6,8,9,10,19,20,23,24
2053,3,6,7,8,9,12,13,15,19,20,22,23
2054,1,2,3,4,6,7,8,14,16,18,19,23
2055,1,2,4,8,9,10,11,14,16,20,22,24
2056,1,5,6,7,9,10,12,13,18,19,21,23
2057,1,2,4,5,6,7,13,14,18,20,23,24
2058,1,2,3,5,6,7,9,12,17,19,20,24
2059,1,9,11,12,13,14,15,16,17,19,23,24
2060,1,2,4,5,7,12,17,19,20,21,22,24
2061,1,2,4,6,7,11,12,13,17,19,22,23
2062,1,2,4,8,9,12,14,16,17,21,23,24
2063,1,3,4,5,6,7,8,9,12,15,20,23
2064,2,4,7,8,12,14,16,18,20,21,23,24
2065,1,6,8,9,12,14,17,19,20,21,22,24
2066,1,4,6,9,10,11,15,16,18,19,21,24
2067,1,3,5,6,7,8,13,14,15,16,23,24
2068,1,2,3,4,7,9,11,15,17,21,22,23
2069,1,2,3,5,6,10,11,12,16,18,23,24
2070,1,2,3,5,6,8,10,12,13,17,19,23
2071,1,2,3,5,6,8,13,14,15,18,21,23
2072,2,4,5,7,8,10,11,12,13,16,20,24
2073,1,3,7,8,9,11,12,13,15,18,23,24
2074,1,3,6,8,10,11,16,17,19,21,22,24
2075,1,2,7,8,10,11,12,14,18,19,20,21
2076,3,6,10,12,13,14,15,17,18,19,21,22
2077,4,5,6,10,11,12,14,17,18,19,22,23
2078,2,3,4,5,8,12,14,15,16,17,18,21
2079,1,5,7,8,13,17,18,19,20,21,22,23
2080,1,2,6,8,9,11,13,16,17,18,23,24
2081,2,3,5,7,11,13,16,17,19,21,22,23
2082,4,5,10,13,14,15,17,18,19,22,23,24
2083,2,5,8,9,10,11,12,13,17,18,21,22
2084,2,4,8,9,11,12,16,17,18,19,22,23
2085,2,3,4,6,7,11,13,14,17,18,20,22
2086,1,3,5,7,9,10,14,16,17,18,23,24
2087,2,4,9,10,13,14,15,18,19,20,23,24
2088,5,7,8,11,15,16,18,19,20,21,22,23
2089,1,2,3,6,14,15,16,17,19,20,22,23
2090,1,3,4,5,8,10,12,13,14,15,17,19
2091,3,6,7,9,10,13,17,19,20,21,23,24
2092,2,4,5,6,9,10,14,15,19,20,22,23
2093,1,2,3,5,6,8,14,16,20,22,23,24
2094,1,2,3,4,5,8,9,10,11,12,18,23
2095,1,2,3,4,6,8,11,14,21,22,23,24
2096,2,3,5,9,14,15,16,17,18,19,21,24
2097,2,4,8,9,12,13,15,17,19,22,23,24
2098,1,7,8,10,11,12,15,18,20,21,22,23
2099,1,4,8,9,10,14,17,18,19,20,22,24
2100,1,4,5,6,8,10,12,14,15,17,19,21
2101,2,3,4,5,6,11,12,16,18,19,20,24
2102,1,2,3,4,5,7,9,11,14,19,22,23
2103,1,2,4,6,8,12,13,14,16,19,20,24
2104,4,5,6,9,11,15,16,19,20,21,22,24
2105,2,3,4,5,7,10,12,14,17,18,20,22
2106,2,5,7,10,11,16,18,20,21,22,23,24
2107,2,3,6,7,9,11,12,15,16,20,22,23
2108,1,3,5,7,8,9,10,13,16,17,23,24
2109,3,6,7,8,10,11,12,13,16,20,21,23
2110,1,3,6,9,11,12,13,17,18,19,22,23
2111,1,2,3,5,10,11,14,15,16,17,22,23
2112,1,2,4,5,6,10,11,13,14,16,20,21
2113,1,3,6,8,9,10,11,13,16,19,21,23
2114,2,3,5,7,8,11,12,14,17,19,20,23
2115,1,2,3,6,9,10,11,12,14,17,18,22
2116,1,3,5,7,9,10,11,12,14,19,22,24
2117,3,4,6,8,10,13,14,17,18,21,23,24
2118,1,3,6,8,12,14,15,16,19,20,22,24
2119,2,3,4,6,7,8,9,11,13,17,19,24
2120,1,2,3,4,5,8,14,17,19,21,22,24
2121,3,4,7,8,9,12,13,16,18,19,20,21
2122,1,4,5,9,10,13,14,15,16,18,23,24
2123,1,4,7,8,9,11,12,13,15,19,20,21
2124,1,6,7,8,9,11,13,15,18,19,20,21
2125,2,5,7,8,12,13,17,19,21,22,23,24
2126,2,3,4,7,9,10,11,13,15,17,18,20
2127,3,5,7,8,10,12,14,17,18,19,20,24
2128,1,2,3,4,5,8,10,12,14,18,20,22
2129,1,2,5,6,12,13,14,15,17,18,20,23
2130,3,4,6,7,9,10,16,18,19,20,21,22
2131,2,4,7,8,12,13,16,19,20,21,22,23
2132,2,3,4,5,11,14,15,17,18,21,23,24
2133,4,5,6,7,8,10,12,13,15,20,21,23
2134,3,4,6,7,8,10,11,13,14,16,21,22
2135,2,3,5,6,8,9,10,11,13,17,18,24
2136,1,2,7,8,9,10,11,12,14,15,16,19
2137,3,4,6,8,9,10,11,13,16,22,23,24
2138,3,4,6,7,11,12,14,15,17,18,23,24
2139,1,4,6,8,11,12,15,17,18,19,21,23
2140,1,2,4,5,7,9,12,15,16,20,23,24
2141,3,4,5,6,9,10,11,13,14,18,21,23
2142,2,6,8,11,12,16,18,19,20,21,22,23
2143,3,4,5,7,10,12,14,16,17,18,19,23
2144,6,7,8,9,10,12,13,16,17,20,23,24
2145,2,3,4,8,9,11,12,15,17,21,23,24
2146,1,2,4,5,10,12,14,16,18,19,20,23
2147,2,6,7,8,11,12,13,16,17,19,21,22
2148,2,8,9,10,11,13,14,18,20,22,23,24
2149,2,3,5,6,9,10,11,16,18,20,21,24
2150,1,4,6,8,11,15,17,18,19,20,23,24
2151,1,3,6,8,11,12,14,17,19,21,22,24
2152,1,2,5,6,7,9,11,12,15,18,19,21
2153,1,6,8,9,10,12,13,15,16,21,22,23
2154,4,5,7,9,11,15,16,17,20,22,23,24
2155,1,4,5,6,10,12,14,15,17,18,22,23
2156,1,2,3,4,7,11,12,16,18,20,23,24
2157,2,3,5,8,9,12,14,16,17,18,19,22
2158,1,5,6,10,11,12,13,14,18,20,21,22
2159,2,3,6,7,10,11,12,15,16,18,19,21
2160,2,3,4,10,13,14,16,17,18,19,22,24
2161,1,4,5,6,8,10,13,14,19,20,23,24
2162,2,3,6,8,9,10,12,14,15,16,19,23
2163,1,3,6,7,12,14,17,19,20,22,23,24
2164,2,3,5,7,9,12,14,16,19,20,23,24
2165,3,4,5,7,11,16,18,19,20,21,22,23
2166,1,2,4,5,7,9,10,12,13,15,20,24
2167,1,3,5,6,8,9,10,13,14,16,18,19
2168,1,3,6,8,9,10,11,12,14,17,19,23
2169,1,3,4,6,7,12,14,16,17,18,20,21
2170,1,2,3,5,9,10,12,15,17,18,19,23
2171,1,3,4,5,7,9,10,11,13,21,23,24
2172,1,2,3,6,8,9,10,11,12,14,17,18
2173,3,6,8,9,10,11,12,13,16,18,20,24
2174,1,3,5,13,14,15,17,18,19,20,21,23
2175,1,5,9,11,14,15,18,19,20,21,22,24
2176,2,4,5,8,11,12,15,16,17,18,23,24
2177,1,2,3,11,12,13,14,15,16,17,19,23
2178,1,3,4,6,8,10,11,13,18,22,23,24
2179,1,4,5,6,8,9,10,12,14,18,20,22
2180,1,3,5,6,7,11,13,19,20,22,23,24
2181,1,2,3,4,5,6,8,11,12,20,22,24
2182,1,3,5,6,7,9,13,16,17,19,22,23
2183,1,2,3,5,8,12,14,15,18,20,21,24
2184,1,5,6,7,9,11,12,15,16,20,21,23
2185,5,6,7,8,9,11,12,16,17,19,22,24
2186,1,2,6,8,9,11,14,16,18,21,23,24
2187,1,2,3,4,6,9,14,16,18,19,20,22
2188,1,2,5,6,7,10,11,12,15,20,23,24
2189,1,2,4,5,6,7,10,11,17,18,21,22
2190,1,7,8,11,15,16,17,18,19,20,22,24
2191,3,4,12,14,15,16,17,18,19,21,23,24
2192,3,4,7,10,12,15,16,17,18,19,22,24
2193,2,3,10,11,13,15,16,17,18,19,21,23
2194,2,3,5,6,7,17,18,19,21,22,23,24
2195,1,4,7,8,10,11,13,15,17,18,22,23
2196,4,6,7,12,14,15,17,18,19,20,23,24
2197,1,2,4,9,11,12,14,16,17,19,20,22
2198,1,2,3,6,7,11,12,13,14,16,17,24
2199,2,5,8,9,11,12,16,17,19,21,22,23
2200,3,4,5,7,11,12,13,14,16,18,20,24
2201,1,2,3,7,8,13,16,17,19,20,21,23
2202,1,2,3,5,8,12,16,18,20,22,23,24
2203,2,4,6,7,12,13,14,15,16,19,22,23
2204,1,2,3,4,8,10,11,14,15,16,23,24
2205,1,2,3,4,5,7,15,16,19,20,22,23
2206,1,5,11,12,13,14,16,17,19,20,22,24
2207,1,4,6,7,8,9,10,11,12,13,17,23
2208,1,3,5,6,9,11,14,15,18,20,21,22
2209,1,4,5,7,8,9,14,16,18,19,21,22
2210,1,2,7,11,14,15,16,17,18,19,20,21
2211,2,5,6,9,10,13,16,19,20,21,23,24
2212,1,2,4,5,7,8,10,14,15,22,23,24
2213,1,2,4,5,7,10,13,18,20,21,22,24
2214,1,2,4,6,7,11,14,17,19,21,22,23
2215,1,3,4,5,6,7,14,15,16,21,22,23
2216,3,5,6,7,8,12,16,17,18,19,23,24
2217,1,2,3,4,5,6,7,10,13,17,20,22
2218,1,4,5,11,14,15,16,17,18,21,23,24
2219,2,4,5,7,9,10,12,15,19,20,23,24
2220,1,2,4,5,6,11,12,16,19,20,22,23
2221,3,4,6,9,10,12,14,15,16,21,22,24
2222,1,3,6,7,11,13,15,17,20,21,22,23
2223,1,2,4,6,7,8,11,12,13,21,23,24
2224,1,2,11,12,13,14,15,20,21,22,23,24
2225,2,4,5,8,11,12,13,14,20,21,22,23
2226,4,5,7,8,9,10,12,13,14,18,22,24
2227,1,2,3,5,7,8,9,11,13,17,22,23
2228,1,2,3,4,6,9,11,13,14,22,23,24
2229,1,2,3,6,7,8,10,11,14,16,17,23
2230,2,5,10,11,12,13,14,15,16,18,20,24
2231,1,3,6,7,8,9,14,15,16,20,23,24
2232,3,4,5,6,9,10,12,17,19,20,21,23
2233,1,2,6,7,8,15,16,17,18,22,23,24
2234,4,5,6,9,10,13,15,16,17,19,21,24
2235,1,4,5,8,11,12,14,15,16,17,18,19
2236,1,2,4,5,6,9,13,14,15,18,19,20
2237,1,2,3,4,7,12,13,18,19,21,22,24
2238,2,3,4,5,8,9,11,13,21,22,23,24
2239,5,6,7,9,11,13,14,16,17,19,20,22
2240,1,2,4,7,9,10,12,13,16,19,21,23
2241,4,5,6,7,8,10,12,13,17,19,22,23
2242,4,6,7,8,10,11,13,15,20,21,23,24
2243,1,2,3,4,5,8,9,12,16,18,20,22
2244,2,3,4,6,12,14,16,17,20,21,22,24
2245,2,7,8,9,10,11,12,17,18,19,20,24
2246,2,6,7,8,10,11,15,16,19,21,23,24
2247,5,6,11,14,16,17,18,19,21,22,23,24
2248,3,5,6,7,11,13,14,15,19,20,22,23
2249,2,4,6,9,11,12,13,14,18,19,22,24
2250,3,5,6,8,10,14,15,16,17,18,23,24
2251,1,2,5,6,9,11,13,14,16,18,22,24
2252,3,4,5,6,7,11,12,17,18,21,22,24
2253,5,6,9,10,11,15,17,20,21,22,23,24
2254,3,5,8,9,10,11,13,15,18,19,23,24
2255,5,8,10,11,13,14,17,18,21,22,23,24
2256,2,3,7,10,11,12,13,14,16,17,18,24
2257,6,8,11,12,13,14,16,19,20,21,22,24
2258,1,3,4,5,8,9,13,15,18,19,21,24
2259,1,3,4,5,6,8,12,15,16,19,23,24
2260,6,9,10,12,13,14,15,16,17,20,22,24
2261,2,4,8,9,12,13,16,17,18,20,21,22
2262,3,8,10,11,12,13,14,17,18,21,22,24
2263,1,2,5,6,8,10,16,17,18,20,22,23
2264,6,8,10,11,13,14,16,20,21,22,23,24
2265,1,2,3,4,7,8,10,13,20,22,23,24
2266,2,4,6,10,11,12,16,17,19,21,23,24
2267,1,2,3,5,7,9,13,16,19,20,21,22
2268,5,7,9,12,13,15,16,19,20,21,22,24
2269,2,7,11,12,13,15,16,17,19,22,23,24
2270,2,3,4,5,8,9,13,17,19,21,22,24
2271,4,7,9,10,12,14,15,16,17,19,20,23
2272,1,3,5,8,10,12,15,18,19,20,21,24
2273,2,3,4,5,6,7,9,13,17,19,20,22
2274,1,2,8,9,11,15,16,17,18,19,20,22
2275,1,4,5,9,10,13,15,16,18,20,23,24
2276,1,3,7,9,10,11,15,16,17,18,19,23
2277,3,5,6,9,13,15,19,20,21,22,23,24
2278,3,5,7,10,12,13,15,16,18,20,21,23
2279,1,4,6,9,11,13,14,15,16,22,23,24
2280,2,3,4,5,6,7,9,12,15,18,23,24
2281,1,2,3,8,12,13,14,15,17,18,21,23
2282,4,6,8,10,12,14,15,16,17,21,22,24
2283,1,5,6,7,11,12,14,15,16,17,18,19
2284,3,4,6,8,12,13,14,15,21,22,23,24
2285,1,7,9,11,12,14,17,18,19,20,21,23
2286,2,7,8,10,12,13,15,16,18,21,22,23
2287,1,2,3,5,7,10,12,13,16,19,21,22
2288,1,3,6,7,8,11,14,17,20,21,22,23
2289,1,2,3,4,5,7,9,10,13,14,15,22
2290,2,3,4,7,8,10,13,14,16,18,20,24
2291,2,3,7,8,10,13,14,15,16,20,21,24
2292,2,3,5,9,10,12,13,19,20,21,22,23
2293,3,4,6,7,9,10,11,14,15,17,19,23
2294,1,2,4,5,8,9,10,12,15,16,17,20
2295,5,6,11,12,14,15,16,17,19,20,21,23
2296,3,4,5,6,9,11,12,13,14,16,17,23
2297,1,2,5,7,8,9,10,14,15,17,18,21
2298,2,4,8,10,11,12,17,18,19,20,22,24
2299,2,3,7,9,10,12,13,14,15,19,21,24
2300,1,3,8,9,11,14,17,19,20,22,23,24
2301,3,4,5,6,10,12,13,14,16,17,19,22
2302,1,2,5,6,7,8,11,15,16,17,22,24
2303,5,7,10,13,14,15,16,17,18,19,21,24
2304,2,3,6,8,9,10,11,12,15,19,20,21
2305,1,4,6,7,9,10,11,13,16,19,20,22
2306,1,2,3,4,5,7,11,16,18,21,22,24
2307,1,2,4,5,7,14,15,16,19,21,22,24
2308,4,6,7,9,11,13,15,19,21,22,23,24
2309,3,4,5,8,9,10,11,15,17,19,21,24
2310,2,7,9,12,14,15,17,18,21,22,23,24
2311,5,8,9,12,14,15,16,18,21,22,23,24
2312,1,3,6,7,9,13,14,15,16,17,19,20
2313,1,2,4,5,6,8,9,11,15,18,19,23
2314,1,3,4,7,8,9,12,13,16,18,21,24
2315,1,8,9,10,11,13,14,16,18,21,22,23
2316,1,3,4,5,6,7,15,16,18,19,20,21
2317,2,4,5,6,7,11,12,13,14,19,22,24
2318,1,5,6,10,12,13,16,19,20,21,23,24
2319,1,3,4,9,10,14,15,18,19,20,22,23
2320,1,3,4,7,10,11,12,14,15,17,22,24
2321,2,3,5,10,11,12,13,15,16,17,18,21
2322,1,2,3,4,5,6,7,8,10,13,14,24
2323,3,6,9,11,14,16,17,19,20,21,22,23
2324,1,3,4,6,9,13,14,15,16,20,21,23
2325,3,4,5,6,7,11,12,14,18,19,20,23
2326,1,2,4,7,9,10,11,12,13,14,18,24
2327,1,2,3,6,11,12,16,18,19,21,22,23
2328,1,2,3,4,7,8,10,11,15,18,19,23
2329,1,2,3,4,6,7,13,15,18,19,21,24
2330,1,2,4,8,9,10,11,13,14,16,21,22
2331,1,5,7,8,11,13,15,17,18,22,23,24
2332,2,4,5,6,8,9,10,11,15,17,18,19
2333,1,2,5,6,11,12,14,17,18,19,23,24
2334,1,2,3,4,7,8,11,15,16,21,22,24
2335,4,5,8,11,13,15,16,18,19,21,23,24
2336,3,4,5,6,9,11,17,19,20,21,22,23
2337,1,4,5,9,12,14,18,19,20,21,23,24
2338,1,2,3,4,7,9,13,16,18,22,23,24
2339,3,5,8,9,10,11,12,15,18,20,21,23
2340,5,7,9,10,11,13,15,18,19,22,23,24
2341,1,2,7,9,10,11,14,16,19,21,22,23
2342,3,4,10,11,12,13,14,15,19,21,23,24
2343,2,3,4,6,7,9,12,18,20,21,22,24
2344,2,4,6,8,10,14,15,16,17,20,22,24
2345,1,3,4,5,9,10,12,13,16,19,22,24
2346,1,3,4,6,9,10,11,16,20,21,22,23
2347,1,3,5,6,7,10,11,17,18,21,23,24
2348,2,3,4,6,7,8,13,14,15,19,21,24
2349,1,8,9,10,14,15,17,18,19,20,21,24
2350,1,2,3,4,6,8,9,14,16,18,23,24
2351,4,5,9,12,13,14,15,18,19,22,23,24
2352,1,2,5,6,7,8,10,11,13,14,17,24
2353,3,4,5,6,8,9,10,16,17,18,20,21
2354,1,2,5,7,8,9,12,14,16,19,20,24
2355,1,3,4,5,6,7,13,14,15,19,22,23
2356,2,3,4,6,7,8,11,13,15,16,18,20
2357,1,2,3,5,6,7,14,15,19,20,22,23
2358,2,7,8,9,11,12,13,15,16,18,20,22
2359,1,4,5,6,8,9,10,12,17,19,20,21
2360,1,2,3,9,10,11,13,16,17,19,20,22
2361,1,2,3,8,9,11,13,18,20,21,22,24
2362,5,9,10,11,15,17,18,19,20,21,22,23
2363,1,3,4,7,8,9,11,14,15,17,18,22
2364,1,2,4,7,12,13,15,16,17,18,22,24
2365,4,5,7,9,11,12,13,14,16,18,20,22
2366,5,6,7,9,10,16,17,18,19,20,23,24
2367,3,5,6,7,8,10,11,13,15,17,21,22
2368,1,2,3,6,8,9,10,11,12,17,18,22
2369,2,3,7,8,11,15,16,17,19,22,23,24
2370,1,2,4,6,7,9,11,13,16,17,19,22
2371,4,6,8,9,10,13,17,18,19,20,23,24
2372,4,5,6,7,11,15,16,18,19,20,21,24
2373,1,2,4,5,7,12,13,14,17,18,20,23
2374,2,3,5,7,9,11,12,13,16,17,22,24
2375,1,5,7,8,9,11,13,15,16,17,20,24
2376,4,5,6,9,10,11,15,16,18,19,22,24
2377,1,4,5,6,7,11,12,13,16,17,18,22
2378,2,4,6,7,9,11,12,13,14,18,20,24
2379,2,3,4,5,8,9,10,12,13,15,20,22
2380,1,2,3,8,9,11,13,17,18,19,20,23
2381,1,2,4,5,9,11,13,15,17,18,20,23
2382,2,5,6,8,9,10,14,15,16,22,23,24
2383,7,9,10,11,13,14,15,16,18,20,23,24
2384,1,7,8,10,11,12,13,14,16,17,20,24
2385,1,2,3,5,10,11,12,14,15,16,19,22
2386,1,2,4,5,7,12,13,15,18,22,23,24
2387,1,4,5,8,9,10,15,16,17,18,22,24
2388,3,4,6,7,9,10,11,12,15,17,19,24
2389,1,5,6,8,9,11,12,14,15,16,18,22
2390,1,3,4,7,9,10,11,14,15,19,21,24
2391,1,2,6,7,8,9,11,16,18,19,21,24
2392,2,4,5,7,11,12,15,18,19,20,22,24
2393,1,3,5,9,12,13,15,19,20,21,22,23
2394,3,5,6,7,11,12,15,17,18,19,21,24
2395,1,2,3,7,11,12,13,15,17,19,20,22
2396,1,3,4,5,7,8,10,13,15,17,19,20
2397,4,5,7,8,9,11,14,16,18,20,22,24
2398,2,4,6,7,8,10,11,12,15,19,20,24
2399,1,2,3,4,5,6,9,10,11,12,22,24
2400,1,2,3,6,8,9,10,14,16,18,20,21
2401,2,3,4,5,9,13,14,18,19,20,21,23
2402,1,2,5,10,11,12,14,15,18,22,23,24
2403,1,2,8,11,12,13,14,15,18,21,23,24
2404,1,3,4,5,7,8,9,11,16,20,21,23
2405,2,3,5,7,9,11,14,16,19,21,22,24
2406,2,3,5,9,11,12,15,16,17,18,19,22
2407,1,3,4,6,8,15,17,19,21,22,23,24
2408,1,5,9,10,11,13,14,15,20,22,23,24
2409,1,3,4,6,8,10,11,13,17,18,21,22
2410,3,4,7,9,12,13,14,17,20,22,23,24
2411,1,4,5,6,7,8,10,11,13,14,18,23
2412,1,2,3,4,11,12,15,16,19,21,22,24
2413,3,9,11,12,13,14,15,16,19,20,23,24
2414,1,2,3,4,5,6,8,11,12,13,19,24
2415,3,4,7,9,11,12,15,16,19,20,21,23
2416,2,3,5,9,10,11,13,17,19,20,22,23
2417,4,8,10,11,14,16,18,20,21,22,23,24
2418,2,3,4,5,6,7,12,17,18,19,22,24
2419,2,4,5,6,7,8,10,13,14,15,20,21
2420,1,2,3,4,6,8,10,15,16,18,20,21
2421,1,6,12,13,14,16,18,20,21,22,23,24
2422,3,4,7,9,11,12,14,15,16,17,19,20
2423,1,8,9,12,14,15,16,18,19,21,22,24
2424,1,2,3,4,5,7,9,13,19,20,21,22
2425,1,5,6,7,8,9,10,15,18,20,22,24
2426,2,4,5,8,9,11,12,13,18,19,20,24
2427,1,3,6,9,11,12,13,14,17,18,23,24
2428,2,3,4,6,7,10,11,15,16,21,22,24
2429,1,2,5,6,7,11,12,17,18,19,20,24
2430,2,5,6,9,12,13,16,17,18,20,22,23
2431,2,3,4,7,9,11,13,14,17,22,23,24
2432,1,3,5,7,8,11,15,16,19,20,23,24
2433,3,4,6,8,13,17,18,20,21,22,23,24
2434,4,5,6,7,10,12,15,16,17,19,20,21
2435,2,4,9,10,12,14,15,17,18,22,23,24
2436,6,7,8,9,10,12,14,15,19,22,23,24
2437,1,8,9,13,16,17,18,19,21,22,23,24
2438,1,2,7,11,12,14,17,19,20,21,22,23
2439,4,6,7,9,10,13,14,17,18,19,22,23
2440,1,2,5,6,7,8,10,12,15,19,22,24
2441,1,2,3,6,7,12,13,14,15,19,21,23
2442,1,3,5,7,8,10,15,16,17,18,21,23
2443,1,3,4,5,9,10,11,14,18,19,20,22
2444,1,2,4,7,8,9,10,13,14,15,17,20
2445,2,3,6,8,9,12,13,15,17,21,23,24
2446,1,2,9,10,12,14,16,17,20,22,23,24
2447,4,5,9,10,11,13,15,20,21,22,23,24
2448,6,7,8,9,11,12,15,16,17,19,20,22
2449,1,5,6,9,10,11,12,13,15,16,23,24
2450,1,2,4,5,6,8,11,12,14,15,17,22
2451,5,6,7,9,12,13,17,18,19,21,23,24
2452,2,4,5,6,10,14,15,16,18,19,20,21
2453,2,3,4,5,9,11,16,17,20,21,23,24
2454,3,4,6,8,11,12,16,17,19,20,21,22
2455,2,3,7,8,10,12,14,15,19,20,22,23
2456,1,2,3,5,6,7,11,12,13,14,19,23
2457,1,3,5,6,8,9,10,15,16,20,23,24
2458,1,2,4,5,8,11,13,15,18,20,23,24
2459,3,4,6,12,13,15,16,17,18,19,20,22
2460,1,3,5,6,7,10,15,16,19,21,22,23
2461,2,4,5,11,12,13,15,16,17,20,23,24
2462,3,6,7,8,9,10,11,13,16,17,18,22
2463,2,3,4,5,6,7,9,14,17,20,21,24
2464,2,4,5,6,8,12,13,16,19,20,21,22
2465,1,2,5,7,8,10,12,14,16,20,21,24
2466,1,5,6,7,10,11,12,15,18,20,21,24
2467,1,3,4,6,8,9,12,14,17,20,23,24
2468,1,3,5,6,10,13,15,16,18,19,23,24
2469,1,5,7,8,10,11,12,14,17,18,19,21
2470,2,4,8,11,12,13,15,17,18,19,20,23
2471,2,3,6,9,13,15,16,20,21,22,23,24
2472,1,2,3,4,6,8,13,14,15,16,19,21
2473,1,2,3,4,6,8,15,16,19,20,23,24
2474,5,6,8,12,13,14,15,17,19,20,21,23
2475,4,5,6,7,8,9,10,12,14,15,19,22
2476,2,7,8,9,12,13,14,15,18,22,23,24
2477,1,3,6,7,11,14,16,17,19,21,23,24
2478,1,2,4,5,6,7,8,16,19,20,21,22
2479,1,6,8,11,13,14,15,16,19,22,23,24
2480,1,3,4,7,9,10,11,13,14,15,19,24
2481,2,3,4,6,9,10,13,14,15,17,18,22
2482,1,4,6,10,11,12,13,18,19,21,22,24
2483,1,2,5,8,9,11,12,13,17,18,21,24
2484,4,5,7,8,10,11,15,17,18,19,21,23
2485,1,4,5,7,8,9,11,13,15,17,22,23
2486,5,6,9,10,11,13,15,16,18,20,22,24
2487,1,2,3,4,6,8,11,12,14,16,17,19
2488,4,5,8,9,11,14,15,17,18,20,21,24
2489,4,6,7,8,9,10,12,13,18,19,23,24
2490,4,5,6,7,9,10,11,14,17,18,23,24
2491,1,3,7,8,11,16,17,18,20,21,22,23
2492,1,3,4,6,8,9,14,15,16,20,22,24
2493,2,5,6,8,9,11,12,15,16,18,20,21
2494,2,3,4,6,7,8,12,15,21,22,23,24
2495,2,5,8,12,13,15,17,18,19,20,21,24
2496,1,3,4,5,6,9,12,13,14,15,18,22
2497,5,7,8,11,13,14,16,17,18,19,20,22
2498,1,3,4,6,7,8,10,11,15,16,21,24
2499,1,7,8,9,10,11,13,16,17,18,21,24
2500,1,3,5,6,7,10,12,15,16,18,19,24
2501,4,5,7,9,10,11,16,17,18,20,21,22
2502,1,3,6,9,10,12,15,18,19,20,21,23
2503,7,8,9,10,12,15,16,17,18,20,21,24
2504,2,3,5,7,9,10,11,13,17,18,19,24
2505,2,3,4,5,6,8,9,13,15,18,20,24
2506,1,3,4,5,6,7,11,12,14,16,18,21
2507,2,3,5,7,8,9,11,12,13,19,21,24
2508,4,5,7,8,10,11,12,13,19,21,22,24
2509,4,6,10,12,14,15,16,17,19,22,23,24
2510,1,2,6,8,9,10,11,15,17,20,21,24
2511,3,4,5,6,7,9,10,14,16,17,20,23
2512,2,5,6,10,11,12,14,15,16,18,20,22
2513,1,6,7,10,11,12,14,15,16,19,23,24
2514,2,4,5,6,9,11,12,14,15,17,21,23
2515,2,3,6,9,13,14,15,18,19,20,22,24
2516,5,6,9,12,14,15,16,17,18,19,21,22
2517,1,2,3,5,6,11,12,16,17,18,19,23
2518,1,2,5,6,9,14,15,16,17,21,23,24
2519,8,9,10,11,13,14,16,17,18,20,21,24
2520,1,2,4,5,9,10,11,13,16,20,23,24
2521,1,4,5,8,9,10,11,12,16,17,19,21
2522,4,5,6,9,10,11,13,14,15,22,23,24
2523,1,2,3,4,5,10,12,13,14,16,17,19
2524,1,3,4,5,7,10,14,15,16,18,19,23
2525,1,2,3,4,9,13,14,16,19,20,23,24
2526,1,2,4,5,6,13,15,16,17,18,21,24
2527,1,2,9,10,12,14,15,16,17,18,19,22
2528,1,2,3,4,11,14,16,17,18,19,22,23
2529,2,3,4,6,8,11,12,13,16,17,19,22
2530,1,2,4,6,7,11,12,13,15,16,21,23
2531,1,3,4,5,7,8,10,12,13,14,15,22
2532,1,2,3,4,7,8,9,15,17,21,22,24
2533,2,4,5,6,9,11,12,17,19,20,21,24
2534,5,6,9,10,11,12,15,16,18,21,22,23
2535,1,3,8,13,14,15,16,18,19,21,23,24
2536,2,3,6,7,8,9,13,17,19,20,22,23
2537,1,2,3,5,8,9,10,13,14,17,19,22
2538,3,4,5,6,8,9,10,11,13,18,20,23
2539,1,3,4,5,6,7,12,14,17,19,21,24
2540,2,5,6,7,8,9,10,11,14,18,20,23
2541,3,5,7,8,10,11,13,15,16,20,21,24
2542,1,2,3,7,8,10,14,18,19,20,22,24
2543,4,7,9,11,13,14,15,16,18,20,22,23
2544,1,2,3,7,8,10,13,15,18,20,23,24
2545,2,3,5,8,10,11,13,14,15,16,19,22
2546,4,5,6,9,11,12,15,16,17,19,20,23
2547,1,2,3,5,8,9,13,14,15,17,22,23
2548,2,5,7,10,12,13,14,15,17,18,20,22
2549,2,3,4,5,7,8,10,11,12,13,17,18
2550,2,4,6,8,9,10,11,13,15,17,20,22
2551,7,9,10,11,12,14,15,18,19,21,23,24
2552,2,3,5,7,9,11,12,13,14,17,19,24
2553,1,3,4,6,7,8,9,15,18,19,20,21
2554,2,3,5,6,7,10,11,14,16,17,21,24
2555,1,3,5,8,10,11,14,15,18,21,23,24
2556,1,2,3,5,7,8,10,13,14,16,18,20
2557,1,4,5,7,9,11,13,15,17,19,20,23
2558,1,3,5,8,10,11,12,13,14,17,19,24
2559,2,5,7,9,10,11,12,17,19,20,21,24
2560,1,4,7,9,10,12,14,15,17,20,23,24
2561,1,2,3,4,7,10,14,15,17,19,20,23
2562,1,5,6,7,8,10,11,13,15,16,19,22
2563,7,8,10,11,12,13,16,17,19,21,23,24
2564,2,4,5,7,8,10,13,15,18,21,23,24
2565,1,2,6,9,13,14,15,17,18,19,23,24
2566,1,5,6,8,10,11,12,13,18,19,21,23
2567,1,4,5,6,8,12,16,17,19,20,21,23
2568,1,3,4,5,7,8,9,12,14,15,18,23
2569,2,7,10,11,13,16,17,18,20,21,22,23
2570,1,2,4,7,10,11,15,18,19,21,22,24
2571,2,4,7,8,9,11,15,17,20,21,22,24
2572,3,4,6,7,10,12,14,15,17,20,21,23
2573,1,3,5,6,7,8,10,11,13,19,20,24
2574,2,3,7,10,11,13,16,20,21,22,23,24
2575,1,2,6,7,10,11,12,13,14,16,17,24
2576,2,6,8,9,11,13,14,15,16,18,19,22
2577,3,5,6,9,10,11,13,17,19,20,22,24
2578,1,6,7,11,12,13,14,19,20,21,22,23
2579,2,4,6,8,10,11,14,17,18,19,20,22
2580,4,5,8,9,11,12,13,14,18,20,21,22
2581,2,4,5,7,8,15,18,19,21,22,23,24
2582,1,2,5,6,8,11,13,14,17,18,20,21
2583,3,8,9,11,13,15,18,19,20,21,22,24
2584,1,2,3,6,8,10,11,16,19,20,22,23
2585,1,4,6,8,9,11,12,14,16,19,22,23
2586,2,4,6,8,12,13,16,17,18,19,21,23
2587,1,2,4,5,7,8,13,14,15,16,22,23
2588,1,4,6,9,10,15,16,17,18,20,21,23
2589,1,4,5,6,7,8,10,15,16,17,20,23
2590,1,2,3,4,5,6,7,9,11,18,22,24
2591,2,5,6,8,12,13,14,18,20,21,22,23
2592,5,7,8,10,11,16,17,18,20,22,23,24
2593,1,4,6,10,11,12,14,16,17,18,19,20
2594,3,5,6,7,8,10,11,12,16,19,22,23
2595,1,5,8,9,13,14,15,16,17,19,22,24
2596,1,7,10,11,12,15,16,17,18,20,21,23
2597,1,4,6,10,12,13,14,16,17,18,21,23
2598,1,3,4,7,8,9,11,14,15,18,21,23
2599,2,3,10,11,14,16,18,20,21,22,23,24
2600,1,3,4,5,7,8,9,11,13,17,19,22
2601,4,6,7,9,13,14,15,17,18,21,22,23
2602,1,4,5,8,9,10,11,12,15,18,19,23
2603,1,3,4,6,8,10,12,18,21,22,23,24
2604,3,4,5,6,7,10,14,15,18,20,22,24
2605,2,4,6,7,8,10,12,15,18,20,22,23
2606,1,3,4,5,8,10,11,14,15,17,18,24
2607,2,3,6,9,10,11,14,18,21,22,23,24
2608,4,6,7,8,10,14,15,16,18,19,21,23
2609,1,2,4,5,8,9,10,12,15,17,18,24
2610,1,3,4,6,7,8,9,10,15,17,21,24
2611,5,6,7,8,10,13,14,15,17,19,23,24
2612,3,4,6,7,8,9,10,11,12,15,18,20
2613,2,3,6,8,10,12,13,14,18,22,23,24
2614,1,5,6,11,13,15,16,17,19,20,21,22
2615,2,4,5,7,9,10,11,13,16,20,21,22
2616,1,4,5,6,9,10,12,14,16,17,18,20
2617,2,5,7,11,14,15,16,18,19,20,22,23
2618,4,5,7,10,11,12,16,17,21,22,23,24
2619,2,3,5,6,8,9,11,14,18,19,20,21
2620,1,2,3,4,5,7,8,9,12,18,20,22
2621,2,4,6,7,8,12,13,14,15,17,21,23
2622,1,2,3,4,6,9,15,18,20,21,22,23
2623,2,3,4,6,8,10,12,14,15,16,18,19
2624,2,3,4,6,9,12,14,16,17,20,21,23
2625,1,2,6,9,10,11,15,16,17,20,22,24
2626,2,3,4,5,6,7,10,14,16,21,22,23
2627,1,3,6,7,8,10,12,13,14,21,22,23
2628,1,4,7,9,12,14,15,16,18,20,22,23
2629,1,2,3,4,5,10,11,13,16,17,19,21
2630,2,6,7,8,9,10,12,15,16,17,23,24
2631,4,5,6,7,9,12,16,19,21,22,23,24
2632,2,5,6,8,9,10,11,15,17,21,22,24
2633,1,2,4,5,7,8,11,13,19,21,22,24
2634,2,7,9,10,11,12,14,17,18,19,20,24
2635,1,3,6,9,11,13,14,16,19,20,21,24
2636,4,6,7,8,9,11,15,16,18,19,20,21
2637,1,4,6,7,8,12,14,15,17,18,20,24
2638,1,7,9,10,11,13,14,17,18,19,21,23
2639,2,4,6,8,11,13,14,15,17,20,21,22
2640,1,2,6,7,10,13,14,17,19,20,21,22
2641,1,2,4,6,7,8,10,12,17,21,22,24
2642,4,6,7,8,10,11,12,13,15,16,22,23
2643,1,3,6,7,8,9,10,13,15,17,21,24
2644,1,3,5,9,12,15,16,17,21,22,23,24
2645,2,4,5,6,9,12,13,14,15,17,18,24
2646,2,6,7,8,11,15,16,17,18,21,22,23
2647,1,4,5,6,9,11,12,13,16,19,20,22
2648,2,4,7,8,9,13,14,15,18,19,21,24
2649,1,3,7,9,10,11,13,16,20,21,22,24
2650,2,4,5,6,8,9,11,13,14,22,23,24
2651,1,3,4,11,12,13,15,16,17,20,21,24
2652,1,3,6,7,8,9,13,14,16,19,22,24
2653,1,3,4,6,11,13,15,16,18,20,22,24
2654,5,6,7,8,9,11,12,16,19,21,22,23
2655,1,3,5,11,13,15,17,18,21,22,23,24
2656,2,4,6,7,8,9,10,13,14,19,21,24
2657,2,3,4,6,7,9,10,14,15,16,20,22
2658,1,4,7,8,12,14,17,18,19,20,21,22
2659,1,2,3,4,6,9,11,17,18,20,21,22
2660,1,2,3,5,6,7,9,11,12,13,15,20
2661,1,2,3,6,7,9,11,12,13,18,19,21
2662,1,2,4,7,9,13,14,15,18,22,23,24
2663,1,4,5,6,7,10,13,14,17,19,21,24
2664,1,7,8,10,12,13,14,17,18,21,23,24
2665,1,2,3,7,8,12,15,16,18,20,23,24
2666,3,6,8,10,12,13,16,17,18,19,20,21
2667,1,2,3,4,9,10,13,14,15,18,21,22
2668,1,3,4,8,11,14,17,18,20,21,23,24
2669,3,5,7,8,10,11,13,15,16,20,22,24
2670,1,3,6,9,11,15,16,17,18,19,20,24
2671,1,4,5,8,9,10,11,17,19,21,23,24
2672,4,5,8,9,10,11,13,17,18,19,22,24
2673,1,3,4,8,9,11,14,15,16,18,21,23
2674,1,3,4,5,7,9,12,15,16,18,20,21
2675,2,4,5,6,8,10,11,14,20,21,22,23
2676,1,2,7,8,10,11,12,14,15,16,17,19
2677,2,6,8,11,14,17,18,19,21,22,23,24
2678,1,3,4,7,9,10,12,15,16,20,23,24
2679,4,6,7,10,12,13,17,18,21,22,23,24
2680,1,2,4,6,7,9,11,13,14,16,17,23
2681,1,2,6,8,9,11,13,15,16,19,20,21
2682,2,5,6,7,14,15,16,17,19,22,23,24
2683,1,3,5,6,11,13,15,16,17,21,23,24
2684,1,2,8,10,11,12,15,17,18,20,21,22
2685,1,2,3,6,9,10,14,15,19,21,22,23
2686,2,3,6,8,9,11,12,13,16,21,22,23
2687,1,2,3,10,11,14,15,17,19,22,23,24
2688,1,2,5,7,10,12,13,15,17,18,20,22
2689,1,2,3,4,7,10,14,15,16,19,20,22
2690,2,3,5,8,9,10,11,12,16,17,21,23
2691,1,4,7,8,10,13,15,16,18,20,21,23
2692,2,3,4,5,6,9,16,17,18,19,21,23
2693,2,3,6,9,10,11,12,13,14,16,21,24
2694,1,5,8,10,11,12,13,14,18,20,21,24
2695,2,3,4,5,6,7,10,12,14,16,17,22
2696,1,2,3,6,8,11,13,14,18,19,20,24
2697,2,5,6,9,11,12,15,16,19,20,21,24
2698,2,7,8,10,11,12,13,14,18,19,21,24
2699,2,3,4,5,6,8,9,13,15,18,21,24
2700,3,4,6,8,9,12,13,14,16,19,23,24
2701,2,3,5,7,9,14,15,16,19,22,23,24
2702,3,5,6,7,9,10,11,14,19,20,21,24
2703,1,2,6,7,9,12,13,15,16,17,21,24
2704,1,2,5,6,8,11,13,14,15,16,19,22
2705,1,2,4,7,9,11,12,13,18,19,20,21
2706,3,4,5,8,9,11,16,17,18,19,21,22
2707,2,3,6,7,11,12,15,19,21,22,23,24
2708,1,3,5,6,7,10,13,16,17,21,23,24
2709,3,5,6,7,9,12,13,14,16,17,18,22
2710,4,7,8,9,12,13,14,16,17,21,22,24
2711,2,4,7,8,11,12,13,15,17,19,20,23
2712,2,5,6,7,12,14,15,16,18,21,22,23
2713,2,6,7,8,9,10,15,16,20,22,23,24
2714,1,4,7,13,14,15,16,17,18,19,21,24
2715,3,4,5,6,7,8,10,11,13,15,21,24
2716,7,9,10,11,12,13,14,17,20,21,23,24
2717,1,2,3,4,9,13,14,15,16,17,20,22
2718,1,2,3,5,6,7,8,12,16,17,19,21
2719,2,4,6,8,9,14,16,17,18,19,20,22
2720,2,4,5,6,9,11,12,13,16,19,21,24
2721,1,2,7,8,10,13,14,16,19,22,23,24
2722,1,2,3,7,9,11,13,14,15,17,19,23
2723,1,2,4,7,8,12,14,16,17,18,21,22
2724,1,5,6,8,9,14,16,18,19,20,21,24
2725,5,6,7,8,9,11,13,14,17,18,20,23
2726,2,3,4,5,6,8,9,11,12,15,17,23
2727,7,8,9,10,12,13,16,17,18,20,21,24
2728,1,4,6,7,8,9,11,14,15,16,22,23
2729,2,3,5,6,7,8,16,17,21,22,23,24
2730,1,4,7,10,11,14,17,19,21,22,23,24
2731,4,5,6,9,11,15,16,17,18,21,22,24
2732,1,2,6,7,13,15,17,18,19,20,21,24
2733,2,3,4,5,8,9,11,14,15,16,20,22
2734,2,8,9,12,14,15,16,17,18,21,22,23
2735,1,2,4,6,8,12,15,16,17,18,21,24
2736,1,4,5,6,11,12,13,17,18,20,23,24
2737,1,2,8,12,13,14,16,19,20,22,23,24
2738,1,3,6,9,10,13,15,16,20,21,22,24
2739,1,2,8,11,13,15,16,19,20,21,22,23
2740,2,3,4,6,8,9,10,14,16,21,22,23
2741,2,4,5,8,10,12,13,14,16,18,20,21
2742,1,2,4,5,9,13,14,15,17,18,21,23
2743,1,2,4,5,10,11,15,16,18,19,20,22
2744,2,4,6,7,8,9,10,13,16,20,21,24
2745,1,2,4,6,10,12,14,15,18,19,23,24
2746,1,3,4,5,11,12,14,17,18,20,21,24
2747,3,5,6,9,10,13,14,15,16,20,23,24
2748,2,3,4,5,9,10,13,14,16,17,18,22
2749,1,2,3,6,10,11,13,15,16,20,22,24
2750,3,5,7,8,9,12,16,17,18,21,22,23
2751,2,4,6,10,11,13,16,17,18,19,20,22
2752,1,8,9,12,14,15,16,17,19,21,22,24
2753,2,3,4,5,6,7,8,12,15,18,19,20
2754,1,2,3,4,5,11,12,14,17,19,20,23
2755,1,4,6,9,11,12,14,16,17,22,23,24
2756,1,2,3,7,8,10,13,14,15,16,19,23
2757,2,4,5,7,8,12,13,14,16,18,20,22
2758,4,5,8,9,11,13,17,18,19,20,21,22
2759,1,6,7,8,9,12,13,18,19,20,22,24
2760,1,2,3,4,8,11,17,18,19,21,22,23
2761,1,3,6,7,8,9,13,15,16,17,22,24
2762,2,4,6,7,11,12,14,15,19,20,23,24
2763,3,5,6,9,10,11,13,14,19,20,22,24
2764,3,4,5,7,8,10,15,16,18,22,23,24
2765,1,2,4,7,8,10,12,15,17,20,22,24
2766,3,4,5,6,7,8,9,12,14,18,19,23
2767,1,2,3,4,5,9,15,17,21,22,23,24
2768,2,7,8,10,13,14,15,16,17,20,22,24
2769,1,2,4,5,7,10,12,14,17,20,21,22
2770,2,3,5,6,12,13,15,16,17,18,19,24
2771,1,2,4,5,6,7,8,11,16,19,23,24
2772,2,3,4,8,9,11,15,19,20,21,23,24
2773,2,3,4,11,12,16,17,19,20,21,22,23
2774,1,2,7,8,9,10,14,15,16,18,20,24
2775,3,4,5,8,9,10,11,15,17,20,23,24
2776,8,10,11,13,14,15,16,17,19,20,22,23
2777,2,5,7,12,14,15,16,18,19,20,21,22
2778,1,3,5,6,8,10,11,13,15,16,17,24
2779,3,4,5,6,10,13,15,16,18,20,21,24
2780,1,3,5,8,11,14,15,17,18,21,22,24
2781,2,4,6,7,8,9,10,15,18,21,22,24
2782,2,3,6,7,11,13,15,18,19,20,21,24
2783,1,2,4,5,6,7,8,9,12,15,18,24
2784,1,2,9,11,12,13,15,17,19,20,21,23
2785,5,6,7,8,10,13,14,15,16,17,22,23
2786,1,4,7,10,11,12,13,15,18,22,23,24
2787,2,3,5,7,9,11,12,17,19,21,22,24
2788,2,5,7,8,9,11,12,14,15,17,19,23
2789,1,2,5,6,7,8,9,12,13,14,16,20
2790,3,5,7,9,10,11,12,14,15,17,21,22
2791,1,4,5,8,12,13,17,19,21,22,23,24
2792,2,5,6,8,10,11,14,19,20,22,23,24
2793,3,4,5,6,7,9,10,11,15,17,18,20
2794,1,6,10,13,16,17,18,19,20,21,23,24
2795,1,6,7,9,11,12,13,14,15,16,17,19
2796,2,3,5,6,7,10,11,13,14,20,21,23
2797,1,4,8,10,11,12,13,15,17,20,23,24
2798,1,7,11,12,13,14,15,19,20,21,22,23
2799,2,4,6,9,10,11,12,13,15,17,23,24
2800,3,4,8,10,11,13,16,17,18,19,22,24
2801,1,2,3,5,8,9,13,14,17,18,19,22
2802,3,5,6,8,10,11,17,18,19,21,23,24
2803,3,4,6,7,10,11,15,18,19,20,21,23
2804,2,3,4,6,7,9,11,14,18,21,23,24
2805,3,6,7,10,12,14,16,19,20,21,22,24
2806,3,4,6,8,9,10,12,13,20,22,23,24
2807,2,5,8,9,11,12,13,17,18,19,20,21
2808,2,3,5,7,8,13,16,18,20,21,22,23
2809,5,6,7,9,11,12,15,16,17,21,23,24
2810,1,2,5,7,8,9,13,14,15,16,17,18
2811,1,2,3,9,11,12,13,14,17,18,19,23
2812,1,2,5,7,9,10,12,13,15,17,19,22
2813,1,3,4,5,7,8,11,13,16,17,20,22
2814,1,2,6,7,8,14,16,17,20,22,23,24
2815,1,2,3,4,7,10,12,14,16,17,18,21
2816,1,2,6,7,8,10,13,14,18,19,20,23
2817,1,2,4,5,6,9,10,11,13,14,18,19
2818,1,5,6,8,9,10,12,14,19,21,22,23
2819,1,3,5,6,10,15,16,17,20,22,23,24
2820,1,3,5,6,12,14,15,17,18,21,22,24
2821,1,4,5,6,7,9,12,18,20,21,22,23
2822,1,2,3,4,6,7,9,10,13,18,22,24
2823,2,3,5,6,7,9,10,11,14,18,23,24
2824,1,2,3,8,10,13,15,16,17,18,20,21
2825,2,4,5,7,10,11,12,13,14,18,22,24
2826,3,5,8,10,14,17,18,19,20,21,22,24
2827,1,3,4,5,9,10,11,13,15,19,21,22
2828,1,3,4,6,7,13,14,15,16,22,23,24
2829,1,2,4,5,6,8,10,11,15,16,17,20
2830,1,5,7,9,12,15,16,17,18,20,21,23
2831,2,6,7,9,11,14,17,18,20,21,23,24
2832,3,6,8,9,11,15,16,17,19,20,23,24
2833,5,7,12,14,15,16,18,20,21,22,23,24
2834,1,3,4,6,7,8,13,15,18,19,23,24
2835,3,4,9,12,13,15,17,18,20,21,22,23
2836,1,3,4,5,8,9,13,15,16,19,20,23
2837,1,2,6,7,8,9,10,13,14,16,19,20
2838,1,2,4,5,6,7,9,11,17,19,21,23
2839,1,3,6,8,9,11,14,15,19,21,22,24
2840,1,2,7,8,10,11,12,14,19,20,21,23
2841,1,2,3,4,7,9,10,14,15,19,20,21
2842,2,4,5,6,7,10,14,15,18,19,20,24
2843,2,4,6,11,13,16,17,18,21,22,23,24
2844,1,2,4,6,9,11,12,13,15,17,21,24
2845,2,3,6,10,13,14,15,16,17,18,20,23
2846,1,2,4,6,11,14,15,17,20,22,23,24
2847,2,4,5,6,8,14,15,17,18,20,22,24
2848,1,2,4,6,8,9,15,16,19,21,22,23
2849,5,7,8,10,11,12,13,16,19,21,22,24
2850,1,2,5,10,14,15,16,17,18,21,23,24
2851,2,3,4,5,6,8,9,11,13,15,23,24
2852,1,2,3,4,6,7,8,9,10,11,17,22
2853,1,3,4,6,7,8,10,13,14,16,17,22
2854,1,6,7,8,9,10,11,12,14,15,18,23
2855,1,3,4,5,6,9,13,17,20,21,23,24
2856,4,6,10,11,12,14,15,16,21,22,23,24
2857,2,6,7,8,9,10,11,12,13,15,18,21
2858,1,2,3,5,6,9,15,16,19,20,23,24
2859,3,4,6,7,9,10,11,12,13,14,22,24
2860,1,3,5,6,9,12,13,14,16,18,22,23
2861,1,2,3,5,9,10,11,13,14,17,21,23
2862,2,4,5,10,13,14,16,17,19,20,22,24
2863,1,3,4,10,13,14,16,18,19,20,21,24
2864,2,3,4,5,6,8,10,12,16,19,22,24
2865,1,4,7,8,10,12,13,15,16,18,19,24
2866,1,7,9,10,11,12,13,19,20,22,23,24
2867,4,5,6,7,8,9,12,13,14,17,18,19
2868,2,3,6,8,9,10,13,14,15,16,20,21
2869,4,5,6,10,12,13,15,18,19,20,22,23
2870,2,3,4,5,6,8,10,14,15,18,21,22
2871,1,3,4,5,9,10,11,12,13,15,17,20
2872,1,3,4,9,10,11,12,19,20,22,23,24
2873,2,3,6,7,8,13,14,18,19,20,22,24
2874,5,6,7,8,9,10,14,15,16,17,19,21
2875,4,5,7,8,9,11,13,14,16,17,18,21
2876,2,5,9,10,13,15,16,18,20,21,22,23
2877,5,6,7,8,9,15,16,17,18,19,21,24
2878,1,2,6,8,13,15,16,19,20,21,22,24
2879,1,2,3,4,6,7,10,11,13,14,17,23
2880,2,4,6,7,11,12,13,18,19,21,23,24
2881,1,3,5,9,10,12,13,15,17,19,22,23
2882,1,2,3,4,5,7,8,12,20,22,23,24
2883,2,3,4,7,9,10,11,13,17,18,20,22
2884,1,2,3,4,5,7,10,11,13,14,17,20
2885,1,4,5,6,7,8,11,12,13,19,20,21
2886,5,7,8,11,12,15,16,17,18,20,23,24
2887,1,2,9,10,11,14,16,19,20,21,22,23
2888,2,7,8,11,12,14,16,17,18,19,21,24
2889,1,2,6,9,10,12,13,17,18,21,23,24
2890,1,3,5,8,12,14,16,17,20,21,22,24
2891,1,4,5,10,12,16,18,19,20,21,23,24
2892,1,2,3,7,10,11,13,15,16,19,20,24
2893,5,6,7,9,12,13,15,17,18,22,23,24
2894,3,7,9,11,13,14,15,17,18,21,23,24
2895,3,4,6,8,10,11,14,17,21,22,23,24
2896,3,4,6,8,10,12,14,16,17,18,21,22
2897,2,3,4,5,7,9,12,13,16,20,21,23
2898,1,2,4,9,11,13,16,17,18,19,22,23
2899,1,4,5,6,7,9,10,12,13,14,22,24
2900,1,5,6,8,12,13,15,16,19,20,21,24
2901,2,5,9,10,11,14,16,17,18,20,22,23
2902,1,2,4,8,9,10,15,18,21,22,23,24
2903,1,4,6,7,12,14,15,17,21,22,23,24
2904,1,2,3,5,6,11,12,15,17,20,21,22
2905,2,4,6,7,8,11,12,15,17,20,22,23
2906,1,5,8,9,12,14,15,17,18,21,22,24
2907,4,5,7,9,10,15,16,17,19,21,22,24
2908,1,7,8,9,10,12,13,14,15,17,22,23
2909,1,2,3,5,8,9,10,14,16,18,21,24
2910,3,4,7,9,10,11,12,13,15,16,18,22
2911,2,4,6,7,9,11,13,14,16,19,21,24
2912,5,7,12,13,14,15,16,17,20,21,22,23
2913,2,3,5,8,10,11,12,13,14,17,21,23
2914,2,3,4,5,6,8,17,20,21,22,23,24
2915,1,2,4,7,11,12,13,15,16,17,20,23
2916,1,3,5,6,10,12,14,15,17,18,21,22
2917,1,3,4,8,10,12,13,14,18,20,21,22
2918,1,6,7,8,9,11,15,18,20,22,23,24
2919,1,4,5,6,8,9,10,11,17,19,21,24
2920,3,4,5,6,8,9,10,13,16,18,22,24
2921,1,2,3,5,7,10,12,14,18,19,20,21
2922,1,8,9,10,14,15,16,19,20,21,22,23
2923,3,4,5,6,9,11,17,18,20,21,22,24
2924,2,3,5,6,10,11,16,17,19,20,22,24
2925,1,2,6,7,8,10,11,12,16,17,18,19
2926,4,5,6,9,11,12,13,16,17,20,21,23
2927,2,3,5,7,10,13,15,19,21,22,23,24
2928,1,2,3,4,6,8,12,13,14,15,18,24
2929,1,3,4,5,6,9,12,15,16,18,23,24
2930,2,3,6,8,9,10,12,13,14,15,16,17
2931,4,5,6,8,10,12,13,15,16,21,22,24
2932,2,3,4,5,6,7,9,11,14,15,19,22
2933,2,5,9,10,11,12,13,17,18,20,21,23
2934,1,2,4,5,7,9,16,17,19,20,22,23
2935,1,3,11,13,14,16,17,18,19,21,22,23
2936,1,5,6,7,8,13,15,16,18,21,23,24
2937,1,2,4,5,8,11,14,15,20,21,22,24
2938,1,2,3,4,7,8,9,10,11,16,18,23
2939,3,6,7,9,11,15,16,18,19,20,21,22
2940,1,3,5,6,8,11,14,15,16,17,18,19
2941,2,3,4,5,6,7,9,11,12,13,19,24
2942,2,3,6,11,12,14,17,19,20,21,22,24
2943,1,3,5,9,11,14,15,16,17,18,19,22
2944,3,4,6,7,9,10,12,15,17,19,22,24
2945,1,3,4,8,10,13,17,19,21,22,23,24
2946,2,4,5,8,10,11,13,16,17,18,19,20
2947,9,10,11,13,15,16,17,18,19,20,23,24
2948,2,5,10,13,14,16,17,19,20,21,23,24
2949,1,4,5,6,7,8,12,14,16,19,21,23
2950,3,5,6,7,9,10,12,16,17,18,22,23
2951,1,6,8,9,11,14,15,17,18,19,23,24
2952,2,4,5,7,9,11,13,14,16,18,22,24
2953,3,4,5,7,8,10,13,16,17,18,19,20
2954,1,3,4,8,10,12,13,17,19,20,21,22
2955,2,5,6,7,8,10,12,13,16,19,20,22
2956,4,5,10,11,13,16,18,19,21,22,23,24
2957,4,6,7,8,11,13,14,15,16,17,19,23
2958,3,8,11,12,13,15,17,18,20,21,22,24
2959,1,2,4,7,13,15,18,19,20,21,22,24
2960,2,3,4,6,8,12,13,14,16,17,19,23
2961,2,3,5,6,8,9,10,11,12,15,23,24
2962,3,5,6,8,12,14,15,16,17,18,21,23
2963,2,3,6,7,9,12,13,16,20,21,22,23
2964,2,3,4,5,7,9,10,13,16,18,19,20
2965,4,5,8,10,11,12,13,14,16,18,19,22
2966,1,3,6,7,9,11,14,16,17,20,23,24
2967,1,3,4,7,8,11,16,19,20,22,23,24
2968,1,2,3,4,6,7,14,15,18,19,22,24
2969,1,2,5,6,7,8,9,12,17,19,23,24
2970,2,3,5,7,8,10,13,14,16,20,21,23
2971,4,7,8,10,12,13,14,16,17,19,21,23
2972,1,3,4,6,8,10,11,12,13,14,19,24
2973,2,3,4,5,6,9,11,16,18,19,21,22
2974,1,2,3,5,8,12,14,15,16,21,22,23
2975,1,3,7,8,9,10,15,16,19,20,22,23
2976,1,2,3,6,10,13,14,15,17,18,23,24
2977,1,2,3,4,6,7,11,12,13,14,15,19
2978,2,6,10,12,14,15,17,18,19,20,23,24
2979,1,2,3,9,15,16,17,19,21,22,23,24
2980,1,3,4,5,6,11,12,14,15,16,21,22
2981,1,4,5,7,10,11,13,14,16,19,21,24
2982,1,4,5,6,7,8,10,13,17,21,22,23
2983,2,3,4,5,6,8,13,14,19,20,22,24
2984,1,5,7,8,9,10,11,12,13,15,19,24
2985,3,5,9,13,14,16,17,18,19,21,22,23
2986,1,2,9,10,11,13,16,18,20,21,23,24
2987,3,4,5,6,7,9,11,14,16,19,20,22
2988,1,2,3,7,8,9,12,14,16,17,19,23
2989,1,2,3,4,6,9,10,14,17,18,21,24
2990,1,3,7,8,11,12,15,16,17,19,22,24
2991,2,7,8,9,13,17,18,20,21,22,23,24
2992,2,5,8,9,10,11,14,15,18,21,22,23
2993,4,5,6,7,8,14,15,16,17,18,20,22
2994,1,2,5,6,7,9,10,13,15,19,20,24
2995,1,2,5,8,9,10,11,15,16,19,23,24
2996,1,4,5,6,9,11,13,16,20,21,23,24
2997,2,3,6,10,11,13,14,15,16,20,21,24
2998,7,8,11,12,13,14,16,17,18,19,21,22
2999,1,4,5,7,10,11,12,13,16,18,19,21
3000,2,3,5,7,8,10,11,12,14,17,18,22
3001,2,5,7,9,10,13,14,15,18,19,21,22
3002,1,4,5,6,7,9,13,14,15,16,22,23
3003,4,7,8,9,13,15,16,19,21,22,23,24
3004,2,3,5,6,8,9,13,15,18,20,22,23
3005,2,5,8,9,11,12,14,15,18,19,21,23
3006,2,3,5,6,7,12,13,15,19,20,22,24
3007,1,2,4,5,8,10,11,13,16,17,21,23
3008,2,4,5,7,8,9,10,15,18,19,20,23
3009,1,2,3,5,6,9,16,17,18,19,20,22
3010,5,7,8,11,14,16,17,19,20,21,22,24
3011,1,3,6,7,8,11,12,13,14,18,23,24
3012,1,2,4,6,7,8,11,13,14,15,20,22
3013,2,6,9,10,12,13,14,15,16,18,20,21
3014,1,5,6,7,8,10,11,15,18,19,21,24
3015,2,5,7,8,9,10,12,13,17,21,23,24
3016,1,5,6,8,9,14,16,18,19,20,21,23
3017,1,2,4,5,6,9,10,11,14,15,17,18
3018,1,4,6,7,9,11,14,15,18,19,20,21
3019,1,3,4,5,6,10,12,17,18,20,21,22
3020,2,4,8,9,12,13,15,17,18,19,22,23
3021,1,2,3,4,6,8,12,13,19,21,22,23
3022,5,6,7,8,10,12,13,14,15,16,20,24
3023,3,5,6,7,8,13,16,20,21,22,23,24
3024,1,5,6,8,11,12,13,15,16,17,19,22
3025,2,3,8,9,10,11,14,15,16,18,19,21
3026,1,2,4,5,6,9,12,15,19,20,21,23
3027,1,4,7,8,9,10,12,13,14,19,20,21
3028,2,3,5,6,7,12,13,14,17,20,22,23
3029,2,4,5,6,7,10,12,15,19,22,23,24
3030,1,4,8,9,11,12,13,14,18,22,23,24
3031,1,2,3,4,5,7,12,14,17,18,20,22
3032,1,2,5,12,13,16,17,19,20,21,22,23
3033,5,8,10,11,12,13,14,15,16,17,20,23
3034,1,4,6,7,11,12,14,16,18,19,20,22
3035,1,3,5,6,8,9,10,11,13,14,17,19
3036,1,2,3,7,9,10,11,13,17,18,19,20
3037,1,2,3,6,9,12,14,15,16,19,23,24
3038,2,3,4,5,6,8,9,13,17,18,19,20
3039,2,4,6,9,10,11,12,14,17,19,21,22
3040,2,6,8,9,11,13,15,17,18,19,20,23
3041,2,4,5,10,12,13,14,15,16,19,22,24
3042,3,5,8,9,10,12,13,14,18,21,23,24
3043,1,3,5,8,12,13,14,16,17,19,22,23
3044,1,2,5,6,7,10,13,20,21,22,23,24
3045,1,5,7,8,9,11,13,14,15,16,19,20
3046,3,5,6,8,9,11,13,15,17,18,19,21
3047,1,2,3,4,6,12,14,15,17,19,21,22
3048,1,2,5,7,10,14,15,16,17,21,23,24
3049,1,2,6,8,10,11,12,15,16,17,20,23
3050,7,8,9,10,11,12,14,15,17,20,21,22
3051,3,4,5,6,7,8,9,10,14,19,20,23
3052,1,4,7,12,14,17,18,19,21,22,23,24
3053,2,3,5,6,7,12,13,14,15,17,18,24
3054,6,7,8,9,10,11,14,19,20,21,23,24
3055,1,2,4,5,8,12,13,14,15,16,17,20
3056,1,2,5,6,11,12,13,15,18,21,22,23
3057,2,4,5,7,9,13,16,17,18,19,21,23
3058,1,4,5,6,8,10,15,18,19,21,22,24
3059,3,6,7,8,10,14,15,16,19,20,21,22
3060,1,3,5,6,8,13,14,15,19,20,21,24
3061,1,2,3,5,6,12,13,17,19,22,23,24
3062,1,4,7,8,9,11,13,15,16,17,19,22
3063,4,6,7,8,9,11,14,15,16,19,21,22
3064,2,5,9,10,11,13,16,17,19,20,21,24
3065,1,3,4,5,8,12,14,20,21,22,23,24
3066,1,3,4,5,7,8,9,10,11,13,17,22
3067,1,4,6,7,8,13,14,15,17,18,19,20
3068,2,7,8,10,12,13,15,17,18,19,22,24
3069,4,7,8,10,12,15,17,19,20,21,23,24
3070,3,6,8,10,11,14,18,19,20,22,23,24
3071,3,5,6,11,15,16,17,19,20,22,23,24
3072,1,3,5,6,7,9,12,17,20,22,23,24
3073,1,3,4,7,9,11,13,14,15,16,21,24
3074,2,4,5,6,7,9,11,12,13,16,19,20
3075,1,2,7,9,11,12,13,14,16,17,18,19
3076,1,2,6,7,8,9,10,12,16,17,22,24
3077,4,5,6,9,15,17,18,19,20,21,22,24
3078,2,6,7,8,9,13,14,16,17,18,21,23
3079,1,2,6,7,8,11,12,13,15,19,22,23
3080,1,3,4,8,9,10,13,17,19,20,23,24
3081,2,3,5,6,8,10,12,13,15,18,19,22
3082,4,5,7,9,10,12,13,15,18,21,22,23
3083,1,3,4,5,6,7,8,13,15,18,20,23
3084,1,5,7,9,10,11,12,14,16,18,21,24
3085,3,4,6,8,9,10,12,13,15,16,18,21
3086,2,6,7,8,12,16,17,19,20,21,23,24
3087,1,3,6,7,13,16,18,19,20,21,22,24
3088,2,3,4,9,10,14,15,17,18,19,20,22
3089,2,5,6,10,11,12,17,19,20,21,23,24
3090,1,4,5,7,8,9,11,13,14,15,18,19
3091,1,2,3,9,10,15,17,18,19,20,22,24
3092,1,5,6,7,8,13,17,18,19,20,22,24
3093,1,3,4,6,8,11,15,16,18,20,23,24
3094,1,2,6,7,9,12,13,14,15,19,21,24
3095,1,5,6,10,11,12,13,14,15,17,20,22
3096,1,2,5,6,9,11,12,16,17,20,21,23
3097,4,6,7,8,9,14,15,16,20,21,22,23
3098,1,3,4,8,9,10,11,13,15,17,19,22
3099,1,2,3,5,9,12,14,15,16,17,20,22
3100,3,6,7,8,11,17,18,20,21,22,23,24
3101,2,5,6,7,9,14,15,16,18,19,22,24
3102,1,2,3,4,7,8,10,11,12,18,22,24
3103,1,2,3,5,6,8,12,13,14,20,21,23
3104,1,2,7,9,12,13,14,16,17,19,21,24
3105,2,6,8,9,12,13,14,16,17,19,23,24
3106,1,4,7,10,12,15,16,17,19,20,22,24
3107,1,4,5,7,8,11,12,14,16,22,23,24
3108,4,6,7,8,9,11,14,16,19,21,22,23
3109,1,6,10,11,12,13,15,18,19,20,21,22
3110,2,4,6,8,10,12,14,15,16,17,19,22
3111,3,5,6,8,10,11,12,13,14,16,21,22
3112,2,3,5,6,10,12,13,14,16,19,22,23
3113,1,2,5,8,10,12,13,16,17,18,22,23
3114,1,2,6,10,11,13,14,16,18,19,21,24
3115,1,2,3,5,6,7,11,12,16,18,20,24
3116,2,3,5,7,9,13,14,17,18,19,21,24
3117,3,4,5,6,7,9,13,14,17,18,19,20
3118,1,2,3,5,8,9,13,15,18,22,23,24
3119,1,3,5,6,7,8,9,10,15,16,17,22
3120,2,5,6,8,14,15,16,17,18,19,20,24
3121,1,4,5,7,8,13,14,16,17,20,22,24
3122,1,2,3,5,6,9,13,15,16,19,22,24
3123,3,4,5,6,11,12,13,15,16,20,21,24
3124,2,3,5,6,7,10,11,12,14,17,21,24
3125,3,6,9,10,14,15,16,18,19,20,21,22
3126,2,3,4,5,6,7,12,14,18,20,21,22
3127,2,4,5,8,9,11,13,15,16,17,18,21
3128,3,6,9,10,12,13,15,18,20,21,22,24
3129,1,3,4,6,8,14,15,16,18,20,21,22
3130,3,6,8,10,12,14,15,16,17,19,20,21
3131,2,6,7,10,12,14,15,16,17,18,22,24
3132,3,5,7,9,12,15,16,18,19,20,21,22
3133,1,2,6,7,10,13,14,15,17,18,20,22
3134,1,4,5,6,7,11,12,14,16,18,23,24
3135,1,3,5,6,8,13,16,17,18,19,21,23
3136,2,3,6,8,9,14,15,18,19,20,21,23
3137,1,7,8,11,12,13,18,19,20,21,23,24
3138,2,4,5,7,9,16,17,18,19,20,21,22
3139,5,6,7,8,9,12,16,19,20,21,22,24
3140,1,4,5,6,8,9,11,12,13,14,23,24
3141,2,4,5,6,8,10,14,15,16,20,21,24
3142,1,2,3,4,10,14,15,16,17,19,22,23
3143,3,5,6,7,10,11,13,14,15,16,19,22
3144,2,7,8,12,14,16,17,19,20,22,23,24
3145,1,2,6,7,9,10,12,13,14,15,21,22
3146,3,6,7,8,13,14,15,16,18,19,22,24
3147,3,4,7,8,9,11,13,15,16,20,21,24
3148,3,5,6,9,10,13,15,17,19,20,21,24
3149,4,7,8,9,11,13,14,16,18,20,22,24
3150,3,5,7,8,10,11,14,15,16,18,21,22
3151,1,3,7,8,9,12,14,19,21,22,23,24
3152,4,7,9,11,12,14,15,18,20,21,23,24
3153,1,4,5,6,10,13,14,16,18,20,23,24
3154,2,3,7,8,11,12,14,15,18,20,21,23
3155,4,6,7,9,11,14,15,16,18,19,20,24
3156,2,3,4,5,7,9,10,11,13,14,18,20
3157,1,4,5,10,12,14,16,19,20,21,22,24
3158,1,2,5,7,8,9,11,14,18,19,20,24
3159,2,3,5,8,10,12,14,15,17,19,20,24
3160,1,5,7,8,12,13,14,15,16,21,23,24
3161,1,9,10,12,14,17,18,19,20,21,22,24
3162,1,3,4,7,8,12,13,15,16,21,22,24
3163,1,2,3,4,6,8,10,11,13,15,17,21
3164,2,3,7,11,12,13,14,15,16,17,19,21
3165,4,7,8,9,10,11,13,14,16,20,23,24
3166,3,5,6,8,9,10,14,18,20,21,22,24
3167,1,6,7,9,11,12,13,14,19,20,21,24
3168,1,3,6,8,9,10,12,13,14,20,23,24
3169,1,4,5,7,10,13,14,15,16,20,22,24
3170,1,3,5,9,10,11,14,15,16,18,22,24
3171,2,3,4,6,8,9,10,15,16,18,19,21
3172,1,2,5,6,8,12,14,15,16,17,18,23
3173,1,3,4,5,7,10,12,15,17,18,21,24
3174,1,2,3,4,5,6,9,12,14,16,17,24
3175,1,3,4,6,8,9,12,13,15,18,19,23
3176,1,2,3,4,8,9,10,11,13,20,21,22
3177,1,2,5,6,8,9,12,14,15,16,21,23
3178,3,5,8,12,14,15,16,17,18,22,23,24
3179,1,2,5,6,7,8,16,17,19,21,22,24
3180,2,3,6,9,11,13,14,16,17,18,19,20
3181,1,4,8,11,12,13,14,15,16,20,22,23
3182,3,4,7,8,9,10,13,14,15,17,18,19
3183,6,9,10,11,12,15,17,18,19,22,23,24
3184,1,2,5,6,7,11,13,15,16,17,18,19
3185,2,3,5,6,8,11,13,15,16,19,20,23
3186,1,8,11,12,14,15,16,17,18,21,22,24
3187,3,5,7,8,9,10,13,14,15,18,22,23
3188,2,4,5,6,8,9,16,17,20,21,22,24
3189,3,4,5,6,7,8,10,11,13,17,18,20
3190,1,2,6,7,9,12,14,16,17,18,19,24
3191,4,5,8,9,11,13,14,16,19,20,21,23
3192,1,3,4,7,10,12,13,17,20,21,22,23
3193,1,3,6,9,12,13,14,15,21,22,23,24
3194,1,2,3,6,7,8,9,10,14,18,21,22
3195,1,3,5,7,9,10,13,15,16,17,19,22
3196,2,4,6,9,10,12,13,16,17,18,23,24
3197,1,3,6,9,10,13,15,17,18,20,21,24
3198,2,3,4,7,9,10,11,12,16,22,23,24
3199,1,2,3,4,7,8,10,11,12,13,15,21
3200,1,2,4,5,6,7,8,10,11,18,21,24
3201,1,5,6,7,8,11,13,14,15,17,18,24
3202,1,2,7,8,9,11,12,15,17,18,19,21
3203,1,2,3,4,7,8,12,13,17,19,21,23
3204,1,6,7,10,11,13,14,17,18,19,20,24
3205,2,4,5,6,7,8,9,10,11,14,15,17
3206,3,4,6,7,9,12,13,17,21,22,23,24
3207,3,5,10,11,12,14,16,17,19,22,23,24
3208,2,4,8,9,10,12,17,18,19,21,23,24
3209,2,5,6,7,8,9,11,14,16,17,19,21
3210,1,2,3,4,12,13,14,15,17,20,22,24
3211,4,6,7,10,11,14,15,16,18,20,21,24
3212,1,4,9,10,11,15,16,17,18,19,20,22
3213,1,2,4,6,8,9,10,12,13,16,21,23
3214,1,2,3,6,10,11,14,16,17,22,23,24
3215,1,4,5,6,8,9,10,11,17,20,22,23
3216,4,6,9,12,13,15,16,17,18,20,22,24
3217,4,5,6,7,10,11,15,16,18,19,21,23
3218,3,4,6,8,9,11,15,16,17,19,20,21
3219,1,3,6,7,9,10,12,17,18,19,21,24
3220,1,2,7,9,10,11,12,16,17,22,23,24
3221,2,5,6,7,13,14,17,18,19,20,21,23
3222,1,3,4,7,9,10,14,15,17,19,20,21
3223,3,6,8,9,10,11,12,13,15,18,20,21
3224,3,6,8,9,11,14,15,18,20,21,23,24
3225,4,5,6,10,11,12,17,18,20,21,22,23
3226,1,7,8,9,10,11,13,18,20,21,22,24
3227,2,4,5,7,9,10,12,14,17,18,23,24
3228,6,9,10,12,14,15,16,19,20,21,22,23
3229,1,2,4,8,10,11,13,16,17,19,22,23
3230,2,6,8,9,11,12,13,18,19,22,23,24
3231,2,3,5,6,7,8,11,12,14,20,23,24
3232,1,4,6,9,10,12,13,14,15,16,17,24
3233,1,2,5,7,12,13,14,15,17,20,22,23
3234,1,6,7,8,9,11,13,16,17,20,22,23
3235,4,6,8,11,12,13,17,18,19,20,21,22
3236,2,3,4,6,9,10,12,13,15,16,20,24
3237,4,6,10,12,13,14,15,16,19,20,22,23
3238,3,6,7,9,11,12,13,14,15,19,23,24
3239,1,4,6,8,9,11,12,16,17,18,23,24
3240,1,6,7,8,10,13,14,16,18,20,22,24
3241,3,5,6,7,13,16,17,18,20,21,23,24
3242,3,4,5,6,8,10,11,13,16,17,21,23
3243,1,4,5,6,7,9,10,12,14,19,20,22
3244,1,2,3,5,9,10,12,15,18,19,22,24
3245,1,7,14,15,16,17,18,20,21,22,23,24
3246,3,6,7,8,9,10,11,16,19,20,21,22
3247,1,2,4,5,7,11,12,14,16,17,20,23
3248,1,6,7,8,9,11,12,15,16,17,19,24
3249,1,3,6,7,8,10,11,12,13,17,19,21
3250,6,7,12,13,14,15,18,19,20,22,23,24
3251,4,5,7,8,9,12,13,14,15,18,21,24
3252,2,3,6,7,8,9,10,11,15,21,22,24
3253,4,5,6,7,9,10,11,16,17,19,22,23
3254,4,5,6,7,8,10,11,12,15,17,18,20
3255,2,4,6,11,12,13,15,17,18,22,23,24
3256,1,2,4,7,10,11,14,17,20,22,23,24
3257,1,3,4,5,6,10,13,16,17,19,23,24
3258,1,2,3,5,6,9,11,16,17,19,21,24
3259,1,3,5,6,8,10,12,14,16,17,20,22
3260,2,3,7,8,10,11,12,13,14,15,20,23
3261,1,3,4,13,15,18,19,20,21,22,23,24
3262,2,5,7,8,11,13,14,15,18,19,21,22
3263,2,5,7,10,12,14,15,19,20,22,23,24
3264,2,3,8,9,10,11,13,15,16,18,21,22
3265,1,7,9,13,15,16,17,18,19,20,23,24
3266,2,3,4,7,10,11,13,17,18,20,22,23
3267,2,7,10,11,12,13,14,18,19,20,21,22
3268,2,4,7,12,13,14,17,19,20,21,23,24
3269,3,4,5,13,14,15,17,19,21,22,23,24
3270,1,2,4,5,6,7,9,12,15,18,19,24
3271,1,3,4,5,8,9,10,13,14,17,23,24
3272,1,2,4,6,8,10,13,14,15,17,18,21
3273,2,7,8,9,11,14,16,18,19,20,22,23
3274,1,8,9,10,11,14,15,17,19,21,22,23
3275,1,2,3,4,5,6,10,11,12,13,20,22
3276,3,4,8,10,12,13,14,16,19,20,22,24
3277,1,4,5,6,7,8,10,12,17,18,21,22
3278,1,2,3,5,6,7,13,14,15,17,18,22
3279,1,2,8,9,10,11,14,16,18,19,22,24
3280,2,4,6,7,8,9,10,12,13,20,22,24
3281,1,2,3,4,7,13,16,17,21,22,23,24
3282,5,7,8,10,11,12,14,15,16,17,20,23
3283,2,3,8,9,10,11,14,15,18,20,22,24
3284,1,5,9,10,11,16,17,19,20,21,23,24
3285,1,3,4,5,6,8,9,12,18,19,20,21
3286,1,3,4,7,8,10,11,13,14,20,21,22
3287,1,2,3,4,5,6,8,9,16,18,20,21
3288,1,3,5,7,9,12,13,14,17,19,20,21
3289,3,7,8,9,10,11,18,19,21,22,23,24
3290,1,2,8,9,10,12,15,16,17,18,19,23
3291,1,2,4,5,6,9,11,15,16,17,23,24
3292,1,2,4,5,7,11,12,13,17,20,22,23
3293,1,4,7,9,10,12,14,17,18,19,21,22
3294,2,8,12,14,15,16,19,20,21,22,23,24
3295,1,3,4,8,11,15,16,17,18,19,20,21
3296,1,2,3,5,6,7,13,14,15,18,21,23
3297,2,3,8,12,15,16,17,18,19,20,22,24
3298,3,4,5,6,9,11,13,14,15,16,17,21
3299,2,3,4,5,6,11,12,13,16,17,19,21
3300,2,4,7,9,13,14,15,16,17,18,21,24
3301,2,3,7,8,9,13,14,15,16,18,19,23
3302,1,2,3,5,6,12,13,15,17,18,21,22
3303,2,5,6,7,8,10,14,15,16,20,22,23
3304,1,4,5,6,8,9,10,11,13,14,21,23
3305,2,4,5,9,11,12,13,15,17,20,21,22
3306,2,4,5,7,8,14,16,18,19,20,21,23
3307,2,3,4,6,8,9,17,18,21,22,23,24
3308,3,5,6,7,9,10,15,19,21,22,23,24
3309,1,2,3,4,5,6,12,13,17,20,22,23
3310,1,2,4,5,6,11,13,14,17,19,21,24
3311,4,7,8,9,10,11,12,13,14,17,19,21
3312,2,3,4,7,8,9,12,19,20,21,22,23
3313,1,3,4,7,9,12,14,15,17,20,22,23
3314,2,3,4,5,6,8,9,11,14,15,17,23
3315,3,4,5,6,8,10,11,12,16,18,19,22
3316,2,4,5,6,7,9,11,13,15,17,18,22
3317,1,2,4,5,7,9,10,14,17,18,21,23
3318,1,2,4,6,7,8,10,14,20,22,23,24
3319,1,3,7,11,12,14,16,18,19,21,22,23
3320,1,2,3,6,13,14,17,18,19,20,21,22
3321,2,3,4,5,6,8,14,16,17,19,20,22
3322,2,3,6,7,9,10,11,12,15,16,17,24
3323,2,3,4,7,9,12,16,18,19,20,22,23
3324,4,6,7,9,10,11,13,15,17,18,20,22
3325,4,5,7,9,10,11,12,14,15,22,23,24
3326,1,2,3,8,9,10,12,14,18,22,23,24
3327,1,4,5,6,7,14,16,17,18,19,22,24
3328,2,3,6,9,12,13,15,16,17,20,22,23
3329,1,4,7,8,9,13,16,17,18,20,22,23
3330,1,5,8,11,12,14,15,17,19,20,22,23
3331,1,4,6,7,8,10,13,17,18,19,22,23
3332,1,2,3,4,5,8,13,14,18,21,22,23
3333,1,3,4,5,9,12,13,15,17,18,21,22
3334,1,2,4,5,6,8,9,10,11,15,18,24
3335,2,7,9,11,12,13,17,18,19,21,23,24
3336,1,2,6,8,9,14,15,17,19,20,21,24
3337,3,4,13,14,17,18,19,20,21,22,23,24
3338,2,3,4,9,10,11,14,17,19,21,22,24
3339,2,4,5,6,9,10,11,13,14,18,19,20
3340,2,3,4,5,6,7,9,10,20,21,22,23
3341,1,4,5,6,7,9,13,14,15,18,21,23
3342,1,4,5,6,11,12,14,16,17,18,23,24
3343,2,3,5,7,9,10,15,16,17,18,20,22
3344,1,2,4,7,8,10,14,15,16,17,21,23
3345,2,5,6,7,13,14,17,18,19,20,22,23
3346,1,7,8,9,10,11,12,14,15,19,20,21
3347,4,6,7,8,11,13,16,17,19,20,22,23
3348,1,4,9,13,14,16,18,19,21,22,23,24
3349,2,3,7,8,11,15,16,18,21,22,23,24
3350,3,4,5,8,9,10,11,14,17,20,23,24
3351,1,2,5,6,7,11,14,16,19,20,22,24
3352,2,4,5,6,8,9,11,15,17,18,20,21
3353,1,4,5,8,9,10,15,17,18,21,23,24
3354,2,7,8,11,14,17,18,19,20,21,23,24
3355,1,2,4,5,6,7,12,18,19,21,22,23
3356,1,2,3,5,8,9,14,15,16,19,22,23
3357,6,9,10,11,12,13,15,17,18,20,21,23
3358,1,2,3,5,8,9,10,11,14,18,22,24
3359,1,3,7,10,11,13,14,15,18,21,22,24
3360,2,3,4,7,8,12,13,17,18,21,23,24
3361,1,2,3,8,9,10,11,14,16,17,19,23
3362,4,6,10,11,14,16,17,18,19,21,23,24
3363,1,3,4,8,12,13,15,16,21,22,23,24
3364,3,5,7,8,9,10,14,15,16,17,18,24
3365,4,5,6,7,9,10,11,13,17,19,22,23
3366,1,3,5,7,10,11,12,13,15,18,19,20
3367,1,2,3,7,9,15,18,19,20,21,23,24
3368,2,4,5,6,9,11,16,17,19,20,22,23
3369,1,5,8,14,15,16,17,18,19,21,23,24
3370,2,4,5,7,10,11,12,17,18,21,22,24
3371,4,5,10,12,13,14,15,16,17,20,23,24
3372,4,6,10,11,12,14,16,17,19,22,23,24
3373,1,4,6,7,9,10,11,16,17,21,22,24
3374,2,3,4,5,8,10,14,16,17,18,22,24
3375,3,5,7,8,9,10,14,16,17,19,21,23
3376,1,2,6,7,8,10,12,13,15,17,23,24
3377,4,5,6,7,8,10,12,13,15,17,20,23
3378,6,8,10,11,13,14,17,18,19,21,23,24
3379,4,5,9,10,11,14,15,17,19,20,22,24
3380,3,5,6,7,10,12,13,14,16,17,20,23
3381,1,2,6,7,9,10,11,14,15,17,19,23
3382,1,5,8,9,10,11,12,15,18,20,22,24
3383,1,5,9,10,11,13,16,18,19,20,21,23
3384,1,3,6,8,9,11,13,15,16,17,21,22
3385,2,5,6,7,8,10,11,15,18,19,21,24
3386,1,2,5,8,9,10,15,18,19,20,21,23
3387,1,4,5,6,8,9,14,15,17,18,19,23
3388,3,5,7,8,9,12,14,15,17,19,21,22
3389,2,3,4,5,6,7,10,11,12,13,19,21
3390,2,3,6,7,8,11,13,14,19,20,22,24
3391,3,5,7,9,10,11,12,13,16,18,23,24
3392,3,5,6,7,9,10,11,12,15,16,20,22
3393,2,7,9,10,11,14,17,18,19,20,23,24
3394,1,3,4,5,7,8,10,16,18,19,20,24
3395,1,6,7,8,10,11,13,15,16,17,21,22
3396,1,4,7,12,13,14,15,16,18,19,20,24
3397,2,3,4,6,10,12,13,14,15,18,22,23
3398,1,2,5,6,8,9,13,14,18,19,20,22
3399,3,4,5,6,8,10,11,12,13,15,22,24
3400,1,2,6,7,10,13,14,16,17,19,20,22
3401,1,2,5,6,12,13,14,16,17,19,20,21
3402,1,2,5,7,9,10,11,12,13,16,18,20
3403,2,6,7,8,11,13,15,16,18,20,21,22
3404,2,3,5,6,7,9,12,13,14,20,21,22
3405,2,3,7,9,10,11,12,13,15,16,17,21
3406,2,4,8,9,12,14,16,18,19,21,22,23
3407,3,6,7,12,13,16,17,18,20,21,23,24
3408,4,5,8,10,12,13,15,16,19,21,23,24
3409,3,5,6,8,9,14,17,18,19,21,23,24
3410,2,5,6,8,11,12,13,14,15,19,22,24
3411,4,6,9,11,12,15,17,19,20,21,23,24
3412,1,2,4,5,6,7,8,11,12,15,16,18
3413,1,2,4,5,9,10,15,17,18,20,23,24
3414,1,2,6,7,8,12,13,15,19,20,22,24
3415,2,3,5,6,7,8,9,13,16,18,23,24
3416,4,5,7,10,12,13,16,18,21,22,23,24
3417,1,3,5,7,8,10,13,16,20,21,22,23
3418,1,2,3,7,12,15,16,18,19,20,21,23
3419,1,3,4,7,8,9,10,11,15,16,19,24
3420,3,4,6,7,8,13,14,19,20,21,22,23
3421,1,2,4,8,10,11,12,15,17,18,22,24
3422,2,6,7,10,13,14,15,16,17,18,20,22
3423,2,4,9,11,13,14,15,16,18,21,22,24
3424,1,2,3,5,8,9,10,13,16,17,21,24
3425,2,3,6,7,9,10,11,15,18,21,23,24
3426,1,2,3,4,6,7,8,11,16,19,22,23
3427,1,2,5,7,8,9,10,12,13,17,19,22
3428,1,4,5,6,7,10,11,15,18,20,21,23
3429,2,8,9,10,11,14,15,18,19,21,22,24
3430,2,3,4,7,8,12,15,18,19,20,21,24
3431,1,2,4,6,8,9,11,13,14,18,19,24
3432,2,3,6,7,8,9,11,12,18,19,23,24
3433,1,3,5,7,8,9,11,12,16,17,20,22
3434,1,3,4,6,8,10,13,14,16,18,19,20
3435,3,9,10,12,14,15,16,18,19,21,22,24
3436,1,5,8,9,13,14,15,16,18,19,20,22
3437,2,3,5,7,8,10,11,12,14,15,23,24
3438,1,4,5,9,11,15,16,17,19,21,22,24
3439,2,3,5,7,8,9,10,16,18,20,21,23
3440,1,4,5,6,9,10,12,13,15,17,19,24
3441,1,3,5,8,9,10,11,12,16,17,18,24
3442,4,7,10,11,12,14,15,16,19,20,21,22
3443,4,6,8,10,11,15,16,17,19,21,23,24
3444,1,5,7,8,9,10,12,15,18,19,22,23
3445,3,5,6,7,8,9,11,12,16,17,19,21
3446,2,6,9,10,11,13,15,16,17,19,21,23
3447,1,2,6,8,9,10,11,15,16,17,18,24
3448,2,3,7,8,9,11,13,15,16,19,23,24
3449,1,2,3,5,6,8,9,10,11,12,13,18
3450,2,3,5,6,9,10,12,13,15,16,19,23
3451,1,2,7,8,11,12,13,14,16,18,22,24
3452,1,3,5,6,11,13,16,18,19,21,22,24
3453,1,2,4,5,8,10,11,12,14,17,18,21
3454,2,4,10,11,13,14,16,17,19,20,21,23
3455,2,4,6,9,10,12,14,15,19,20,21,22
3456,2,5,6,8,9,12,13,14,16,17,22,23
3457,1,5,6,8,14,15,16,17,18,20,21,23
3458,5,6,8,9,12,14,17,18,19,20,21,24
3459,2,6,8,11,12,15,16,18,20,21,23,24
3460,2,3,7,8,9,11,14,15,16,17,19,21
3461,7,9,10,11,12,13,14,15,17,22,23,24
3462,3,5,7,9,10,11,12,14,15,16,20,22
3463,1,6,8,10,12,14,15,16,18,22,23,24
3464,1,2,3,4,5,7,8,11,13,15,18,19
3465,1,2,4,5,10,14,15,16,17,18,20,21
3466,9,10,12,14,15,16,17,18,19,20,21,23
3467,2,4,5,10,11,12,14,15,20,22,23,24
3468,1,4,8,11,13,15,16,17,18,19,23,24
3469,2,4,7,10,13,14,16,17,18,20,22,24
3470,2,3,7,9,12,13,17,18,19,20,22,23
3471,3,4,5,6,7,8,9,13,14,18,19,20
3472,3,6,8,9,10,12,17,19,20,22,23,24
3473,3,4,6,7,11,13,14,15,17,18,19,22
3474,1,2,4,8,10,11,12,15,16,19,22,23
3475,2,6,9,10,11,13,16,17,18,20,22,23
3476,1,4,5,6,8,9,10,11,12,14,15,20
3477,1,3,7,8,9,10,12,13,14,16,17,19
3478,3,4,6,7,10,11,12,13,17,18,22,24
3479,1,2,3,4,7,9,10,13,14,17,21,24
3480,1,6,7,9,12,13,14,15,16,20,22,24
3481,2,3,4,5,6,8,9,10,15,21,23,24
3482,2,5,6,11,13,15,16,19,21,22,23,24
3483,2,3,4,5,8,13,15,17,20,21,23,24
3484,4,7,9,11,12,13,14,15,16,19,21,24
3485,4,6,7,9,10,11,15,17,18,20,23,24
3486,1,4,5,6,7,8,10,11,16,17,22,23
3487,2,3,5,8,9,10,11,14,15,17,23,24
3488,4,7,11,13,14,15,16,18,19,20,21,23
3489,1,5,6,8,10,14,15,17,18,21,22,24
3490,1,8,9,10,12,14,17,18,20,21,22,24
3491,1,2,3,4,6,10,13,14,17,18,20,22
3492,1,3,5,7,11,13,15,16,18,20,22,23
3493,6,8,10,13,14,15,16,17,18,19,20,21
3494,4,5,7,10,11,12,13,16,17,20,22,23
3495,1,2,3,4,7,10,12,13,18,21,22,24
3496,1,6,7,10,12,14,16,17,19,22,23,24
3497,1,2,5,7,9,10,11,12,13,15,16,19
3498,3,5,7,9,10,11,13,14,15,17,20,21
3499,1,4,5,6,10,11,12,13,14,18,21,22
3500,2,3,4,5,6,7,8,9,10,12,15,20
3501,1,4,5,7,11,15,16,20,21,22,23,24
3502,1,2,3,4,7,10,14,15,17,19,22,24
3503,1,4,7,8,9,12,13,14,15,20,21,24
3504,3,4,7,10,12,13,16,17,20,22,23,24
3505,1,4,7,9,10,11,14,15,17,19,22,23
3506,1,2,4,6,8,12,13,17,18,19,20,23
3507,2,5,6,7,8,11,13,15,16,19,22,23
3508,1,2,4,8,9,10,11,12,17,18,23,24
3509,2,3,4,5,8,10,12,14,16,18,22,23
3510,3,4,5,6,7,10,11,14,16,18,19,20
3511,1,3,7,8,9,12,14,15,17,20,21,23
3512,1,2,4,6,8,9,13,14,15,17,20,22
3513,4,5,9,10,11,13,15,18,20,22,23,24
3514,1,2,4,6,7,9,10,17,18,19,22,23
3515,4,5,6,7,9,11,12,13,18,21,22,24
3516,1,2,7,9,12,14,15,16,17,18,21,22
3517,1,3,4,5,9,10,11,12,14,16,22,24
3518,2,4,5,8,9,13,17,20,21,22,23,24
3519,1,2,5,6,7,8,10,11,15,18,19,21
3520,1,3,6,7,8,10,12,15,19,20,21,23
3521,1,2,3,4,5,6,8,10,12,13,15,22
3522,1,4,5,6,10,12,13,15,20,21,22,24
3523,3,5,6,11,12,13,18,19,20,21,23,24
3524,1,4,7,8,9,10,15,16,18,19,20,22
3525,2,4,5,6,9,10,15,16,17,18,20,21
3526,1,3,4,6,8,10,11,12,13,14,15,23
3527,1,5,7,8,10,11,12,13,15,19,22,24
3528,2,8,9,10,11,13,14,16,17,19,22,24
3529,1,4,5,6,7,11,12,13,14,15,17,19
3530,2,6,7,8,9,10,11,12,15,16,18,19
3531,1,2,5,7,8,11,12,14,19,20,21,22
3532,1,2,3,5,9,13,16,17,18,19,20,24
3533,2,3,4,5,14,15,16,17,18,22,23,24
3534,2,5,6,7,8,11,12,13,14,16,18,21
3535,3,8,9,11,14,16,17,19,21,22,23,24
3536,2,8,9,11,14,15,16,17,20,22,23,24
3537,3,4,5,6,7,8,11,12,15,16,18,22
3538,1,2,5,7,8,9,10,12,15,16,23,24
3539,1,2,4,5,7,8,10,12,13,18,19,23
3540,2,3,4,5,7,8,10,13,14,16,20,23
3541,1,2,3,4,6,8,9,14,15,17,23,24
3542,2,3,4,6,7,9,10,12,14,15,16,17
3543,2,3,5,10,13,14,15,16,18,22,23,24
3544,3,4,5,6,7,10,11,12,14,18,19,24
3545,7,8,9,10,11,13,16,18,19,21,22,24
3546,3,6,7,8,9,12,13,15,19,20,21,24
3547,2,3,7,10,12,15,17,19,20,21,22,23
3548,3,5,9,10,11,12,15,16,17,18,19,20
3549,1,2,5,6,8,9,11,12,13,16,18,21
3550,2,4,6,10,12,13,14,15,19,20,21,22
3551,1,5,7,8,9,10,11,13,14,16,19,24
3552,1,4,7,9,10,11,12,13,15,19,21,23
3553,2,3,6,8,9,10,14,15,16,17,18,20
3554,3,5,7,8,11,13,14,16,18,20,23,24
3555,1,3,6,7,8,9,10,16,20,21,23,24
3556,3,5,7,8,9,11,12,16,17,18,19,22
3557,2,4,7,11,12,13,14,17,20,21,22,24
3558,1,2,3,4,5,6,7,11,12,16,22,23
3559,3,4,8,10,11,13,16,17,18,19,20,23
3560,1,2,3,4,6,10,13,15,16,19,21,22
3561,5,7,10,12,13,15,18,19,21,22,23,24
3562,3,4,5,7,8,9,11,12,15,19,20,22
3563,1,2,8,10,11,12,13,15,16,21,22,24
3564,1,2,4,6,7,8,9,12,14,15,19,21
3565,1,5,6,7,9,15,16,17,19,20,22,24
3566,2,3,4,9,11,12,13,14,18,19,20,23
3567,2,5,7,9,12,13,14,15,16,19,20,21
3568,5,8,12,13,14,15,16,17,20,21,22,23
3569,3,5,7,11,12,13,14,15,18,20,21,23
3570,1,6,7,8,11,12,13,14,16,18,19,24
3571,2,3,5,6,8,9,10,13,15,19,21,24
3572,1,6,11,12,13,15,17,18,21,22,23,24
3573,2,6,10,11,12,14,17,18,20,21,22,24
3574,2,3,4,5,6,9,12,14,15,18,19,20
3575,1,3,4,5,6,7,17,19,20,22,23,24
3576,1,2,4,6,9,11,12,15,16,18,20,23
3577,1,4,6,8,9,10,12,13,14,15,19,24
3578,1,3,5,7,9,11,13,14,18,19,22,24
3579,1,3,5,6,7,8,9,11,13,16,20,22
3580,4,6,8,9,10,12,14,16,18,20,21,22
3581,1,2,3,5,7,11,12,16,17,18,21,23
3582,1,3,5,7,11,13,14,15,16,18,19,23
3583,2,3,5,9,11,12,15,16,18,20,22,23
3584,1,4,5,6,10,13,14,17,18,19,21,22
3585,1,2,4,5,8,12,14,17,18,19,23,24
3586,3,5,7,11,12,13,15,16,17,19,20,23
3587,1,2,4,6,8,10,12,14,19,20,21,23
3588,2,6,12,14,16,17,19,20,21,22,23,24
3589,1,2,4,6,9,10,11,12,13,16,17,23
3590,5,6,8,10,12,14,16,18,19,20,21,23
3591,6,7,8,9,10,11,12,14,16,17,18,20
3592,2,5,6,8,9,11,12,13,14,15,16,21
3593,1,3,4,5,9,13,14,15,19,20,22,24
3594,1,3,4,5,7,9,10,12,14,16,19,24
3595,3,4,6,9,11,13,15,16,19,22,23,24
3596,1,2,6,8,9,10,11,12,14,15,21,23
3597,2,3,4,8,9,10,11,16,18,19,21,23
3598,2,7,8,9,10,11,14,16,18,19,21,23
3599,1,5,6,8,10,11,12,14,17,18,19,24
3600,1,2,6,8,10,11,12,13,16,20,23,24
3601,1,3,6,7,12,13,14,15,16,21,22,24
3602,2,5,6,7,9,10,14,16,17,20,23,24
3603,2,4,5,7,9,12,13,15,17,22,23,24
3604,1,3,4,5,10,12,14,16,17,22,23,24
3605,2,3,7,8,9,11,15,17,18,20,22,23
3606,3,4,5,8,10,11,13,14,15,16,17,21
3607,2,3,5,8,10,13,18,19,20,21,22,23
3608,2,4,5,6,7,8,12,16,18,19,23,24
3609,1,3,4,7,9,10,15,16,18,19,21,23
3610,3,5,6,8,9,10,11,12,16,20,21,23
3611,1,3,4,5,11,12,14,15,20,21,22,23
3612,1,3,4,5,8,11,12,18,19,20,21,22
3613,3,5,6,8,9,11,12,13,14,16,17,20
3614,1,4,5,6,8,16,17,18,19,20,21,24
3615,3,5,6,7,8,9,12,15,17,18,20,22
3616,1,2,3,4,8,12,13,14,15,18,21,22
3617,2,5,6,8,12,13,15,16,17,20,22,24
3618,1,3,4,6,7,10,12,15,17,20,21,24
3619,5,6,7,9,10,11,16,19,20,22,23,24
3620,5,7,8,9,10,11,13,14,17,18,19,21
3621,4,5,6,7,11,12,14,15,19,21,22,23
3622,1,3,4,6,8,12,13,14,18,19,21,24
3623,1,6,8,10,12,14,16,17,19,20,22,23
3624,1,5,6,7,10,12,13,15,16,21,23,24
3625,2,3,4,5,6,10,13,15,16,22,23,24
3626,1,3,5,6,7,8,9,14,18,19,21,22
3627,1,2,3,5,7,9,12,14,16,18,20,23
3628,3,4,7,9,10,11,16,17,18,21,23,24
3629,3,4,5,7,8,10,11,12,14,15,16,24
3630,1,2,3,5,6,7,13,14,15,16,22,23
3631,2,3,7,8,9,11,12,14,15,16,19,23
3632,2,4,5,6,7,9,11,12,13,14,18,23
3633,1,2,4,9,10,12,13,15,17,18,22,24
3634,3,5,6,8,9,10,16,17,18,20,21,23
3635,1,3,4,5,6,8,14,16,18,19,20,21
3636,7,9,10,12,14,15,16,17,19,20,21,23
3637,3,5,7,8,14,15,16,17,19,21,23,24
3638,1,3,4,6,7,8,13,15,17,20,21,22
3639,2,5,6,7,9,11,15,16,19,20,21,22
3640,4,7,8,10,14,15,17,18,19,21,22,23
3641,3,4,5,6,9,13,15,16,18,20,21,24
3642,3,4,9,10,12,13,14,16,17,20,23,24
3643,2,4,6,9,10,12,13,14,16,17,20,21
3644,1,2,6,7,8,15,17,18,19,22,23,24
3645,2,3,4,5,8,10,13,14,17,18,21,24
3646,4,5,8,10,11,12,14,16,18,19,22,23
3647,4,6,7,8,9,10,11,12,13,16,21,24
3648,2,7,10,11,13,14,17,18,19,22,23,24
3649,1,5,7,8,10,12,13,14,15,16,19,21
3650,1,3,6,7,8,10,12,15,17,18,21,23
3651,4,5,9,10,13,16,17,19,21,22,23,24
3652,1,7,8,9,11,16,17,18,19,20,22,23
3653,2,4,6,8,11,12,13,15,17,18,23,24
3654,1,2,4,6,7,8,11,12,18,19,20,24
3655,2,3,4,6,8,10,11,15,16,17,19,21
3656,1,2,3,4,5,8,11,12,13,20,23,24
3657,3,4,5,6,7,9,10,17,19,20,21,24
3658,1,3,4,6,11,13,16,17,18,19,21,24
3659,1,2,4,5,6,11,13,14,15,16,18,24
3660,1,3,4,5,6,8,14,16,17,18,21,22
3661,2,4,6,10,11,12,14,16,17,22,23,24
3662,2,3,5,6,8,11,15,16,18,19,23,24
3663,4,7,8,9,11,12,13,15,17,18,20,23
3664,1,2,3,6,7,10,12,14,17,19,20,22
3665,3,8,9,10,11,13,15,16,17,20,23,24
3666,1,2,4,6,7,9,11,17,19,21,22,23
3667,2,3,5,6,7,9,14,17,20,22,23,24
3668,2,5,6,7,11,12,13,16,18,19,22,23
3669,1,2,3,4,6,10,11,12,14,17,21,24
3670,1,2,3,5,6,10,11,12,13,18,19,22
3671,4,6,7,8,10,12,15,16,18,19,21,24
3672,2,4,10,12,13,15,17,18,21,22,23,24
3673,2,3,7,10,12,13,16,17,21,22,23,24
3674,1,4,6,7,8,10,11,12,13,16,19,22
3675,1,3,5,6,7,12,13,15,18,19,20,24
3676,3,7,8,9,10,11,13,14,15,17,19,22
3677,3,4,6,11,15,16,17,18,19,20,21,24
3678,1,5,8,13,14,15,16,18,19,20,23,24
3679,4,7,8,9,10,11,13,19,20,21,22,24
3680,1,2,5,8,9,10,16,17,18,19,20,23
3681,3,5,7,8,9,12,13,16,17,18,21,22
3682,4,6,9,11,13,14,15,17,19,21,22,24
3683,2,4,5,7,10,12,13,14,17,18,19,20
3684,3,4,7,8,10,11,12,14,15,17,22,23
3685,1,2,4,5,6,7,8,10,12,13,18,23
3686,3,4,6,11,13,14,16,20,21,22,23,24
3687,3,5,6,8,9,10,11,12,13,17,18,23
3688,2,3,6,8,11,12,14,16,17,19,21,22
3689,1,3,4,9,11,12,14,16,19,20,21,23
3690,1,4,6,7,8,9,10,12,13,17,19,23
3691,1,5,8,10,13,14,18,20,21,22,23,24
3692,1,4,9,10,11,15,16,17,18,19,20,21
3693,1,4,5,7,8,9,12,15,17,22,23,24
3694,2,3,6,7,9,10,11,13,16,17,18,23
3695,1,3,4,5,9,10,13,15,19,20,21,22
3696,1,2,3,6,7,8,9,14,15,20,23,24
3697,2,4,6,7,8,9,13,14,15,16,19,24
3698,1,4,7,9,11,13,16,17,18,22,23,24
3699,1,2,5,9,11,12,13,14,16,19,22,24
3700,1,3,4,6,11,12,13,16,20,21,22,23
3701,1,4,5,6,9,10,11,12,14,18,21,22
3702,1,2,3,6,7,14,15,17,18,19,20,23
3703,3,6,7,9,12,13,14,16,17,18,20,21
3704,2,3,5,11,14,15,16,18,19,20,22,24
3705,2,4,5,8,9,10,11,13,14,19,21,24
3706,1,2,4,8,11,12,13,14,16,17,19,24
3707,4,5,10,12,14,15,16,18,19,20,21,24
3708,4,7,8,10,11,13,16,17,19,20,21,22
3709,6,8,10,11,13,14,15,16,17,18,19,21
3710,2,4,5,7,8,10,12,14,15,20,21,24
3711,2,4,5,6,14,17,18,19,21,22,23,24
3712,1,2,3,5,6,10,12,14,19,20,23,24
3713,3,4,6,9,10,11,12,13,15,16,20,23
3714,2,7,8,9,10,12,15,16,18,20,22,23
3715,1,2,4,5,6,12,13,16,17,21,23,24
3716,4,6,7,8,11,14,17,18,20,22,23,24
3717,1,3,4,7,11,12,13,14,18,21,23,24
3718,2,3,4,9,11,13,15,16,17,20,22,23
3719,2,4,5,7,9,11,15,16,18,19,20,23
3720,1,2,3,4,7,8,15,16,17,19,20,21
3721,1,5,8,11,12,13,14,15,16,21,22,24
3722,3,4,5,9,10,11,16,17,18,19,21,24
3723,1,7,8,9,11,13,14,16,20,21,22,24
3724,1,2,7,9,11,13,14,16,18,19,20,23
3725,1,3,4,6,7,9,11,12,15,16,17,22
3726,6,7,10,11,12,14,15,16,17,18,21,22
3727,1,5,8,9,11,12,14,17,20,22,23,24
3728,2,4,5,6,13,14,18,19,20,22,23,24
3729,2,3,5,7,8,10,12,15,18,20,23,24
3730,1,5,6,8,11,14,16,17,18,19,21,23
3731,3,7,8,9,10,11,12,16,20,21,22,24
3732,6,8,9,10,15,16,17,18,20,21,22,23
3733,1,2,5,7,8,9,10,12,15,16,21,24
3734,1,4,5,6,7,8,11,13,14,18,20,24
3735,3,6,8,9,10,11,13,14,16,18,20,21
3736,1,3,6,8,9,10,12,16,18,20,21,23
3737,1,2,3,5,6,7,8,11,12,16,18,21
3738,2,5,6,9,10,12,13,17,19,20,23,24
3739,4,6,7,8,10,11,13,14,16,17,21,24
3740,1,4,5,6,11,12,14,15,16,20,21,23
3741,3,4,6,10,12,13,15,18,21,22,23,24
3742,1,3,8,9,12,14,15,16,19,20,22,24
3743,1,2,6,7,12,13,14,16,17,20,21,22
3744,2,4,6,7,9,12,13,14,17,18,22,24
3745,1,3,6,7,8,9,14,15,17,18,19,24
3746,1,2,3,4,5,6,7,9,12,14,18,21
3747,3,6,10,13,14,15,17,18,19,21,22,23
3748,4,6,7,8,10,11,12,14,19,21,22,24
3749,1,3,4,9,11,12,15,16,17,21,23,24
3750,1,2,3,5,8,12,14,16,17,18,20,22
3751,1,2,3,4,7,8,10,11,17,18,20,22
3752,1,2,8,9,10,11,13,16,17,19,21,22
3753,1,3,4,6,7,8,13,18,19,20,23,24
3754,1,3,5,7,8,12,13,14,15,17,21,22
3755,1,5,9,11,14,15,17,18,19,21,23,24
3756,3,5,6,9,10,14,15,16,18,20,22,24
3757,2,3,4,5,7,10,11,12,18,21,22,23
3758,2,3,7,10,11,12,13,15,19,20,22,23
3759,1,2,6,7,8,9,16,17,18,21,23,24
3760,1,4,6,8,10,11,15,16,18,21,22,23
3761,4,6,8,9,11,15,16,18,20,21,22,24
3762,1,4,5,6,7,12,17,18,20,22,23,24
3763,1,3,4,5,9,11,15,16,17,19,20,21
3764,1,2,3,4,5,6,7,8,10,17,20,23
3765,1,4,7,13,14,15,16,17,18,19,20,24
3766,3,7,8,9,11,13,14,18,19,21,23,24
3767,2,4,5,6,8,10,11,12,14,15,17,23
3768,1,2,6,9,11,13,14,15,16,17,20,23
3769,1,4,5,6,7,8,11,12,15,17,22,24
3770,1,3,4,7,8,9,13,16,21,22,23,24
3771,4,5,9,11,14,16,18,19,20,22,23,24
3772,1,2,4,5,6,10,14,16,17,18,20,21
3773,3,4,5,11,12,14,15,16,17,22,23,24
3774,2,3,4,5,9,11,12,14,15,18,21,23
3775,2,5,6,8,10,11,12,13,19,20,22,24
3776,1,5,6,7,13,14,15,16,18,22,23,24
3777,1,2,3,4,6,8,14,15,16,18,20,22
3778,3,4,5,10,11,13,14,17,20,21,22,23
3779,1,4,5,6,7,8,12,13,19,20,22,24
3780,1,2,8,9,10,12,13,14,15,18,21,23
3781,1,2,3,8,10,14,15,16,18,19,20,23
3782,1,3,4,7,8,11,12,16,17,18,21,24
3783,2,5,6,7,8,9,10,11,14,17,18,24
3784,4,5,6,7,8,9,10,11,15,20,22,24
3785,1,2,3,7,9,14,15,16,18,19,20,24
3786,2,3,5,8,9,10,11,12,14,15,16,18
3787,2,5,6,12,13,14,15,17,18,20,21,22
3788,1,2,3,4,7,9,10,12,16,17,22,24
3789,1,3,4,5,10,11,13,16,17,19,20,22
3790,1,4,7,9,10,11,12,13,14,16,18,24
3791,4,5,6,9,10,13,16,17,18,20,21,23
3792,1,6,7,11,12,13,14,16,18,19,20,24
3793,3,4,7,8,9,11,14,16,17,19,22,24
3794,1,4,7,8,9,11,12,14,16,17,18,24
3795,3,5,7,10,11,13,14,16,17,19,21,22
3796,2,4,5,7,10,11,13,14,16,19,20,24
3797,2,3,5,6,7,10,11,18,19,20,21,23
3798,3,4,6,10,12,14,15,16,19,20,23,24
3799,3,4,5,9,10,11,13,14,20,21,22,23
3800,2,3,6,9,12,14,15,16,20,21,22,24
3801,1,2,5,9,15,17,18,19,21,22,23,24
3802,1,3,4,7,9,10,13,14,15,20,22,23
3803,2,4,5,6,7,9,11,12,13,14,18,19
3804,1,2,6,9,10,11,12,14,19,20,23,24
3805,1,2,5,6,7,9,10,14,15,16,20,24
3806,2,5,7,8,10,13,15,17,19,20,21,24
3807,2,3,4,10,12,13,16,17,18,19,21,23
3808,1,5,7,8,12,16,18,19,21,22,23,24
3809,1,3,7,9,12,13,16,17,19,20,21,23
3810,2,3,6,7,8,9,10,12,15,17,20,23
3811,1,2,6,7,8,10,11,14,15,16,21,23
3812,1,3,6,13,14,15,16,19,20,21,23,24
3813,2,3,4,5,13,15,19,20,21,22,23,24
3814,1,3,5,8,9,10,11,15,18,20,22,24
3815,4,5,10,11,13,14,16,17,18,19,21,24
3816,3,4,6,9,10,11,14,16,19,20,21,24
3817,1,3,4,7,11,12,14,15,16,20,21,22
3818,1,3,4,5,7,8,9,11,18,20,22,23
3819,2,3,4,5,9,10,14,15,17,20,23,24
3820,1,2,7,11,12,13,14,15,16,20,21,22
3821,2,4,7,8,9,13,15,16,17,18,22,23
3822,3,5,6,7,8,11,12,13,14,19,22,23
3823,1,2,5,8,9,11,12,13,14,15,18,19
3824,3,4,5,6,7,9,13,14,16,18,22,24
3825,2,3,4,5,7,8,9,16,21,22,23,24
3826,1,6,7,9,11,13,14,17,19,20,22,23
3827,5,9,10,11,12,14,15,16,17,20,21,24
3828,3,4,9,11,15,16,18,19,21,22,23,24
3829,1,2,6,9,10,11,15,16,19,21,22,24
3830,1,2,3,6,8,9,11,13,16,17,21,22
3831,3,4,7,8,9,10,12,14,16,21,22,24
3832,1,2,4,9,10,13,15,16,17,19,21,23
3833,1,4,8,9,12,17,18,19,21,22,23,24
3834,2,3,5,6,7,9,13,14,15,19,21,23
3835,1,5,6,7,8,9,12,15,17,18,19,23
3836,1,3,6,8,11,12,13,14,15,19,20,21
3837,2,6,7,10,11,12,13,19,20,21,22,24
3838,1,2,5,7,8,9,10,16,17,21,22,23
3839,2,3,5,6,8,11,13,14,15,17,22,24
3840,1,2,4,5,7,11,12,14,16,17,19,22
3841,3,4,7,9,10,12,15,16,18,19,22,23
3842,1,2,3,4,5,6,7,9,10,11,12,23
3843,3,4,6,7,10,12,13,14,19,20,23,24
3844,1,2,4,6,8,9,12,17,18,21,22,23
3845,2,3,4,6,8,11,12,15,17,19,22,23
3846,1,3,6,7,9,11,12,16,17,19,22,24
3847,3,4,5,10,11,13,14,15,16,20,23,24
3848,1,2,9,10,12,14,16,18,19,20,22,24
3849,1,2,3,4,5,6,12,18,20,21,23,24
3850,2,4,5,7,8,9,10,11,13,16,17,24
3851,2,4,7,10,11,12,13,15,18,20,21,23
3852,2,5,6,7,8,9,10,12,14,16,17,21
3853,1,3,5,6,7,9,10,12,14,16,23,24
3854,1,3,5,6,7,10,12,14,17,19,22,24
3855,2,4,6,9,12,13,14,15,17,22,23,24
3856,1,3,5,8,9,10,11,12,16,19,21,23
3857,3,4,5,6,7,8,11,12,16,19,22,24
3858,3,6,7,8,10,14,15,16,20,22,23,24
3859,1,3,5,7,8,10,11,16,17,18,19,22
3860,2,6,10,11,12,13,14,15,16,18,19,23
3861,1,7,8,10,11,14,15,16,18,19,23,24
3862,2,4,5,6,7,10,11,13,15,18,21,23
3863,2,6,7,9,10,11,12,14,15,16,17,24
3864,5,8,10,11,12,13,14,15,16,20,21,24
3865,1,2,4,6,12,13,14,17,18,20,22,24
3866,2,3,4,6,7,10,12,18,19,21,23,24
3867,1,4,5,7,13,14,15,16,18,20,21,23
3868,1,2,6,7,9,10,11,13,14,15,21,23
3869,5,6,7,9,10,11,15,16,18,22,23,24
3870,1,3,4,6,12,14,15,16,19,21,22,24
3871,2,5,7,8,12,13,15,16,20,22,23,24
3872,2,7,9,10,12,13,15,16,17,18,21,23
3873,2,9,11,13,14,15,16,17,18,22,23,24
3874,2,7,8,9,11,12,15,16,17,21,22,23
3875,2,3,4,6,7,8,10,11,12,14,16,23
3876,3,7,9,10,11,12,15,17,18,19,21,23
3877,2,3,6,9,12,14,15,17,18,20,22,24
3878,1,4,7,8,9,10,11,12,14,16,20,22
3879,3,4,7,8,10,12,13,14,15,21,23,24
3880,2,3,4,5,7,10,12,13,15,18,20,24
3881,1,6,7,8,9,12,15,16,17,20,21,22
3882,1,4,6,7,9,10,11,12,13,22,23,24
3883,1,2,4,5,8,9,10,12,14,15,19,22
3884,2,3,4,6,9,11,13,14,20,21,22,23
3885,1,4,5,10,11,12,14,15,16,20,23,24
3886,1,2,5,7,8,10,11,17,19,20,22,24
3887,1,2,5,6,9,10,12,15,16,17,20,24
3888,2,5,6,9,11,12,15,16,18,19,20,24
3889,3,5,6,9,14,15,16,17,18,19,23,24
3890,1,2,5,8,10,13,14,16,18,20,22,23
3891,1,3,6,7,8,12,13,14,20,21,23,24
3892,1,2,5,7,9,13,15,16,18,21,23,24
3893,3,7,9,10,13,14,15,17,18,21,22,23
3894,1,4,6,8,12,13,14,16,17,18,21,23
3895,2,3,6,7,10,11,15,16,17,19,21,24
3896,1,6,7,8,10,12,13,14,15,16,18,20
3897,1,3,4,5,7,9,13,16,19,20,21,22
3898,1,3,5,8,9,12,16,19,20,21,22,24
3899,1,5,7,8,10,13,14,16,18,20,22,23
3900,1,2,4,5,7,9,11,12,13,16,17,20
3901,1,3,8,10,13,14,17,18,20,21,23,24
3902,3,4,5,7,9,11,12,14,15,21,22,24
3903,3,6,9,10,11,14,16,18,19,20,22,23
3904,1,2,4,5,6,8,11,12,14,18,20,23
3905,1,4,5,6,8,10,12,13,15,17,19,20
3906,1,3,4,8,10,11,13,15,16,18,20,22
3907,1,7,9,11,12,13,15,16,19,21,22,23
3908,1,3,4,6,11,12,13,15,18,20,21,22
3909,3,5,6,7,8,11,15,16,19,21,22,23
3910,3,5,8,9,10,12,16,19,20,21,22,24
3911,3,4,6,9,10,11,15,16,17,19,23,24
3912,2,3,4,5,7,8,9,12,13,18,22,24
3913,1,2,3,5,6,11,12,14,15,19,20,22
3914,4,7,9,12,14,15,16,17,18,21,22,24
3915,1,2,11,12,14,15,18,19,20,21,23,24
3916,5,6,7,8,9,10,11,17,19,21,23,24
3917,1,2,3,5,6,7,8,16,17,19,20,21
3918,1,5,7,8,10,12,13,14,17,20,23,24
3919,3,5,6,11,12,13,14,17,19,20,21,22
3920,1,3,4,5,6,7,8,13,15,17,22,23
3921,6,7,9,10,12,15,17,18,19,20,21,23
3922,1,4,5,6,7,9,10,13,16,18,20,24
3923,1,2,6,8,9,13,14,15,19,20,21,23
3924,1,2,6,7,11,12,13,15,18,19,21,24
3925,1,3,6,7,10,12,13,14,15,20,22,23
3926,2,4,5,6,10,11,12,13,14,17,22,24
3927,2,5,8,10,11,12,14,16,17,19,22,24
3928,1,5,7,10,11,12,14,17,18,19,21,22
3929,3,4,7,8,11,12,13,14,19,21,22,24
3930,2,3,7,8,10,11,13,14,16,17,18,24
3931,1,4,5,7,9,10,12,14,15,16,23,24
3932,2,3,7,8,9,11,13,15,16,17,19,23
3933,1,2,5,6,7,8,10,11,19,21,22,24
3934,1,4,6,7,10,12,16,17,20,22,23,24
3935,2,7,8,9,10,12,13,16,19,21,22,24
3936,1,2,4,5,6,7,8,9,13,15,16,18
3937,2,3,5,7,13,14,15,16,21,22,23,24
3938,1,3,4,5,8,9,12,19,20,21,22,24
3939,5,6,7,9,12,13,15,17,18,20,21,22
3940,2,3,4,5,8,10,13,15,18,20,21,22
3941,4,6,7,9,10,13,16,17,21,22,23,24
3942,1,4,6,10,12,14,15,16,18,20,21,22
3943,3,4,7,8,10,11,13,19,20,21,22,23
3944,4,6,7,8,9,11,12,14,17,18,21,22
3945,1,2,3,5,6,7,13,16,17,18,20,22
3946,1,2,4,7,12,15,16,17,20,21,22,23
3947,4,6,7,8,10,13,14,15,16,20,21,24
3948,1,3,4,10,11,12,13,14,15,16,18,20
3949,1,3,10,12,14,15,18,19,20,21,22,23
3950,7,8,13,15,16,17,18,20,21,22,23,24
3951,5,6,7,9,10,12,14,15,16,19,21,23
3952,3,5,10,11,12,13,14,15,17,18,20,21
3953,1,5,9,10,14,15,16,18,19,22,23,24
3954,2,6,7,9,13,15,16,17,20,21,23,24
3955,1,4,5,8,9,10,11,13,16,17,18,22
3956,2,4,5,7,8,10,12,13,16,19,22,23
3957,3,7,9,10,11,13,14,15,18,19,22,24
3958,4,5,6,7,13,15,17,18,19,20,23,24
3959,1,3,5,7,9,11,12,18,20,21,22,24
3960,1,2,5,6,7,8,10,16,21,22,23,24
3961,1,2,4,6,8,10,14,16,17,18,19,22
3962,1,4,5,9,10,11,12,14,17,21,22,24
3963,2,3,4,8,9,10,11,12,13,16,18,22
3964,1,2,3,5,6,8,11,14,16,18,23,24
3965,1,2,6,9,11,12,13,15,16,17,22,24
3966,1,2,3,4,5,6,8,12,13,16,21,23
3967,1,4,5,7,10,11,12,16,18,21,22,24
3968,1,3,5,6,11,12,14,16,17,18,20,21
3969,1,2,5,6,8,10,13,14,15,18,21,24
3970,4,6,7,8,9,11,15,16,17,19,21,23
3971,2,3,4,5,6,8,10,13,14,16,17,22
3972,4,5,7,8,9,15,16,18,20,21,23,24
3973,5,6,8,10,11,12,13,16,20,21,22,23
3974,2,6,8,9,12,13,15,17,19,20,21,22
3975,1,3,5,10,11,12,14,18,19,20,21,24
3976,2,3,4,5,6,7,8,12,14,16,20,21
3977,1,3,6,7,8,9,10,11,13,17,20,21
3978,1,2,3,4,7,9,11,12,14,17,20,22
3979,3,4,5,7,8,9,10,11,14,20,21,23
3980,2,4,6,7,8,10,11,12,15,16,18,22
3981,2,4,7,8,10,11,14,15,17,19,20,22
3982,4,6,8,9,12,13,14,16,17,20,23,24
3983,4,5,6,8,11,12,13,14,15,17,19,21
3984,1,2,3,8,10,12,13,16,18,21,22,24
3985,2,3,4,5,7,9,12,14,17,18,20,21
3986,2,5,6,7,10,11,13,16,18,19,21,24
3987,1,4,6,10,11,12,13,14,15,16,20,22
3988,3,4,5,6,8,13,14,15,17,18,22,23
3989,1,3,4,8,11,14,15,17,18,19,20,23
3990,2,4,5,6,7,11,14,17,21,22,23,24
3991,2,3,5,7,10,11,12,13,15,17,23,24
3992,1,2,3,6,8,9,10,11,16,18,21,23
3993,2,5,6,7,8,9,13,14,17,19,21,23
3994,5,6,7,8,10,16,17,18,20,21,22,24
3995,3,5,8,10,11,12,15,16,17,18,19,23
3996,1,6,7,8,9,11,16,19,21,22,23,24
3997,1,2,4,5,10,15,16,17,19,22,23,24
3998,3,5,11,12,15,16,17,20,21,22,23,24
3999,3,4,5,9,11,13,17,19,21,22,23,24
4000,2,8,9,10,13,15,16,17,20,21,23,24
4001,1,7,8,11,12,14,16,18,19,20,21,23
4002,2,3,5,6,7,8,12,13,15,18,22,23
4003,1,2,5,6,7,8,9,10,11,13,14,17
4004,1,2,4,5,6,7,8,12,13,15,20,22
4005,1,3,4,5,6,7,9,11,15,18,21,24
4006,2,3,4,5,6,7,11,13,14,17,18,24
4007,5,6,7,8,9,13,16,17,18,19,22,24
4008,2,4,5,7,8,9,17,18,20,21,22,24
4009,1,3,5,6,7,8,11,14,17,19,20,24
4010,2,5,8,11,12,13,15,17,18,20,21,23
4011,3,4,5,7,9,10,17,18,19,21,23,24
4012,1,5,6,7,8,9,11,13,16,18,21,22
4013,1,2,4,6,7,8,11,13,14,18,20,22
4014,2,4,5,8,10,12,13,17,20,21,22,23
4015,2,4,6,8,10,12,15,17,18,20,22,24
4016,1,4,5,7,8,10,11,18,20,21,23,24
4017,1,3,6,9,11,14,15,20,21,22,23,24
4018,1,3,4,6,10,12,13,17,19,20,21,22
4019,1,2,3,5,6,9,12,17,18,19,20,22
4020,1,2,3,7,8,10,11,14,15,16,19,24
4021,2,4,8,11,12,13,17,19,21,22,23,24
4022,2,4,6,9,10,11,15,16,17,19,21,24
4023,2,4,8,9,10,14,15,16,18,20,23,24
4024,2,4,6,7,8,9,11,13,15,17,19,21
4025,4,7,8,10,12,15,16,18,19,21,22,23
4026,1,6,7,9,10,11,12,15,16,20,21,24
4027,2,3,4,6,7,11,12,13,15,17,21,22
4028,4,5,6,7,9,10,15,17,18,21,23,24
4029,2,3,4,6,9,10,11,12,14,15,20,21
4030,2,4,5,6,7,8,11,12,19,22,23,24
4031,1,2,3,5,6,7,8,12,17,19,23,24
4032,2,4,5,6,7,13,14,17,19,20,21,23
4033,1,4,6,8,9,10,11,14,15,18,19,24
4034,2,3,4,5,8,10,14,18,19,20,22,23
4035,1,2,3,5,9,10,11,14,15,17,18,22
4036,3,6,7,8,9,13,14,15,16,18,20,22
4037,1,2,4,6,10,13,15,17,18,21,22,23
4038,2,3,7,8,12,13,14,15,18,21,22,24
4039,1,3,5,9,10,12,14,17,18,19,20,24
4040,2,4,8,9,10,13,14,15,17,19,20,23
4041,4,5,6,8,13,14,17,18,20,21,23,24
4042,4,5,6,7,10,11,12,13,14,18,22,23
4043,4,5,7,9,10,13,14,15,16,17,22,23
4044,1,2,3,4,5,7,10,12,14,15,18,23
4045,2,4,5,6,7,9,10,14,17,18,23,24
4046,1,2,7,11,12,13,14,16,18,20,21,22
4047,1,2,7,8,9,10,13,17,18,19,20,23
4048,2,3,4,7,9,12,14,16,18,20,21,24
4049,2,4,7,9,10,12,14,16,17,18,19,22
4050,1,2,3,4,5,9,10,11,15,18,20,24
4051,1,3,7,9,12,13,15,16,17,20,23,24
4052,1,2,5,7,8,9,10,11,12,19,23,24
4053,2,4,5,7,9,10,13,16,17,18,19,24
4054,1,2,5,8,12,14,17,18,19,20,21,23
4055,3,4,7,9,11,13,15,16,17,19,21,24
4056,1,2,4,5,10,11,12,16,17,19,22,24
4057,2,4,5,6,7,9,13,16,17,18,19,22
4058,2,6,7,8,9,12,13,15,16,17,21,23
4059,5,6,7,8,9,10,14,15,16,17,20,23
4060,1,3,4,5,6,7,9,11,15,20,23,24
4061,2,3,4,5,7,8,9,12,16,17,21,22
4062,3,4,7,9,10,14,15,18,20,22,23,24
4063,3,4,6,9,10,13,14,17,18,20,22,24
4064,1,2,3,6,8,9,10,12,13,15,23,24
4065,1,3,5,11,13,14,17,18,19,21,23,24
4066,6,10,11,12,14,15,16,18,20,21,22,23
4067,1,2,4,5,6,7,14,15,16,17,22,24
4068,2,3,8,10,14,18,19,20,21,22,23,24
4069,5,6,7,10,12,13,16,18,19,20,21,23
4070,1,2,4,7,8,10,11,15,16,18,21,22
4071,1,4,5,6,9,10,12,15,17,18,19,22
4072,5,7,11,12,14,16,17,18,19,20,22,23
4073,2,3,5,7,11,12,13,17,18,20,21,24
4074,2,5,7,9,10,11,12,15,17,19,22,24
4075,2,4,5,6,7,9,11,18,19,20,22,24
4076,2,3,4,7,8,13,17,18,19,20,21,24
4077,1,2,3,5,6,8,11,14,16,21,22,24
4078,2,3,4,8,11,12,14,15,18,19,22,23
4079,3,7,8,9,10,11,13,16,19,21,23,24
4080,1,3,5,7,8,9,10,12,18,21,23,24
4081,1,4,10,12,14,15,16,19,20,22,23,24
4082,1,2,5,9,10,11,13,14,16,20,21,23
4083,1,3,5,6,7,11,13,14,15,16,17,20
4084,1,2,7,10,13,14,15,18,19,21,23,24
4085,2,4,5,6,7,10,11,12,15,17,19,24
4086,2,3,4,5,6,8,10,11,14,16,23,24
4087,1,4,5,7,8,9,12,14,15,17,19,23
4088,2,6,7,8,11,13,15,16,17,20,22,24
4089,3,4,7,10,11,12,13,14,17,19,22,24
4090,6,7,8,10,16,17,19,20,21,22,23,24
4091,1,3,7,8,10,12,15,17,19,22,23,24
4092,2,3,7,8,10,12,13,14,15,21,23,24
4093,1,4,5,6,7,10,12,15,16,18,19,23
4094,3,5,6,7,8,9,10,11,13,21,22,24
4095,1,3,4,7,8,9,12,17,18,19,22,24
4096,1,2,5,10,12,13,16,17,18,19,21,24
4097,2,4,8,10,11,12,13,14,15,18,20,22
4098,1,2,5,8,9,11,17,18,19,20,22,23
4099,1,2,3,7,10,13,14,15,17,21,23,24
4100,1,2,3,7,13,16,17,19,20,22,23,24
4101,1,2,3,4,8,9,10,11,14,20,21,23
4102,1,3,6,9,12,13,14,15,17,18,19,24
4103,7,8,9,11,12,13,14,15,18,20,22,24
4104,2,3,6,7,9,11,13,14,15,17,19,21
4105,2,5,8,11,12,13,14,15,16,17,18,21
4106,4,5,7,13,14,15,17,19,20,21,23,24
4107,1,2,3,4,5,8,11,12,14,16,19,21
4108,2,3,4,6,7,9,14,16,19,21,23,24
4109,2,4,7,8,9,10,13,15,17,18,21,24
4110,1,5,6,7,9,10,11,12,19,20,21,23
4111,3,4,6,9,10,13,14,15,17,18,22,23
4112,2,4,5,6,7,8,10,12,18,20,22,23
4113,1,4,6,12,13,14,15,18,21,22,23,24
4114,2,3,4,6,7,8,11,14,16,18,19,24
4115,5,7,9,11,12,13,15,16,19,21,22,24
4116,1,4,5,6,8,11,15,19,20,21,22,23
4117,2,5,8,9,10,12,15,16,17,18,21,22
4118,1,6,7,10,11,12,13,14,16,19,23,24
4119,2,3,6,7,8,9,10,12,14,15,19,23
4120,1,2,5,7,8,10,11,12,14,21,22,23
4121,1,4,7,8,9,10,12,16,17,19,20,24
4122,1,2,5,12,14,15,16,18,21,22,23,24
4123,1,3,4,5,6,9,10,11,12,17,18,24
4124,1,6,11,12,15,17,18,19,20,21,23,24
4125,3,4,6,8,9,10,12,14,15,17,21,24
4126,2,4,5,9,10,11,12,17,19,21,22,23
4127,2,3,4,5,7,8,11,12,14,19,22,24
4128,1,3,4,5,7,8,14,19,21,22,23,24
4129,1,3,4,7,12,13,14,17,19,20,22,24
4130,2,3,5,6,9,11,15,17,18,21,22,23
4131,1,2,3,4,6,9,11,12,14,15,17,20
4132,1,2,3,7,8,9,10,11,12,18,19,20
4133,2,3,7,9,10,12,13,14,16,19,20,22
4134,2,4,8,10,11,13,15,17,19,21,22,24
4135,1,4,7,9,12,14,15,16,17,18,21,23
4136,1,2,4,5,6,8,11,17,19,20,22,23
4137,1,3,4,6,8,9,12,14,15,17,18,24
4138,2,3,6,7,11,12,15,16,17,20,23,24
4139,6,7,9,10,13,15,18,19,21,22,23,24
4140,1,3,5,6,11,13,16,18,19,20,21,24
4141,1,2,3,5,6,7,12,13,14,16,18,23
4142,2,3,8,9,12,13,14,15,16,17,18,24
4143,2,4,7,9,10,11,12,13,14,15,16,18
4144,1,2,3,4,9,11,13,14,16,22,23,24
4145,2,5,8,11,12,14,15,16,17,18,20,21
4146,1,4,7,8,11,14,15,16,17,21,22,24
4147,1,2,4,5,6,7,9,13,16,20,22,24
4148,8,9,12,13,14,15,16,17,18,19,20,23
4149,2,3,5,6,8,10,11,13,14,16,20,23
4150,3,4,5,7,8,10,14,16,18,19,20,23
4151,1,5,6,7,13,14,15,16,17,18,19,22
4152,1,4,6,7,8,11,12,14,15,17,22,23
4153,1,3,5,10,11,13,14,18,19,21,22,23
4154,3,4,6,10,11,12,15,19,20,21,22,23
4155,2,3,4,5,6,8,9,10,15,19,20,23
4156,1,2,4,5,6,7,8,10,11,14,17,20
4157,5,7,8,10,11,12,13,14,15,16,18,23
4158,1,6,10,11,12,14,15,16,17,21,22,23
4159,1,2,3,5,8,12,14,16,17,21,22,23
4160,4,7,8,9,11,12,15,17,19,21,22,23
4161,1,3,5,6,9,13,15,17,19,20,21,23
4162,4,5,6,8,9,10,11,13,18,19,22,23
4163,1,3,8,9,10,11,12,15,18,21,23,24
4164,1,4,6,7,8,12,13,16,19,20,22,24
4165,2,3,5,8,9,11,13,17,18,20,21,24
4166,1,6,8,11,14,18,19,20,21,22,23,24
4167,2,3,4,7,9,12,14,17,18,21,23,24
4168,3,4,6,11,12,13,16,18,20,21,22,23
4169,3,6,7,8,11,12,15,16,17,20,21,22
4170,4,7,9,11,12,13,14,17,20,21,23,24
4171,1,4,5,9,10,12,14,16,17,18,19,22
4172,2,3,5,7,8,10,14,15,17,18,22,23
4173,2,5,6,7,8,9,10,12,15,16,17,21
4174,1,6,10,11,12,13,14,15,16,17,18,23
4175,2,4,5,9,13,14,16,17,18,21,23,24
4176,3,4,5,6,9,12,14,16,17,20,22,23
4177,3,5,8,10,13,14,18,19,20,21,22,24
4178,1,3,5,8,9,10,12,14,15,17,21,24
4179,1,2,5,7,11,12,14,15,16,17,22,23
4180,2,7,10,14,15,16,17,19,21,22,23,24
4181,4,5,6,7,9,10,11,16,17,18,20,22
4182,1,5,7,8,9,10,12,14,17,19,20,22
4183,1,2,3,9,10,14,16,17,18,20,21,22
4184,2,3,4,8,9,10,14,15,17,20,22,23
4185,3,7,9,10,14,15,16,18,19,20,21,24
4186,2,3,4,5,7,10,11,12,15,17,21,22
4187,1,3,4,6,7,11,12,15,16,20,23,24
4188,3,4,7,11,12,13,14,17,18,19,21,24
4189,2,5,6,8,10,12,15,16,18,20,21,23
4190,4,5,6,8,12,13,14,16,20,21,23,24
4191,2,3,4,9,10,14,16,18,21,22,23,24
4192,1,2,7,8,9,10,13,14,16,19,20,22
4193,1,2,3,7,8,9,10,13,15,17,20,24
4194,2,5,6,8,11,12,14,18,19,20,21,23
4195,1,3,4,7,10,12,14,15,17,18,19,21
4196,1,2,3,4,7,9,10,13,14,18,19,20
4197,8,9,10,12,13,14,15,16,17,20,23,24
4198,1,2,3,9,10,12,14,16,18,19,21,23
4199,2,4,5,7,8,11,14,18,19,20,21,23
4200,2,5,6,7,13,14,18,19,20,21,22,23
4201,1,6,7,9,10,11,12,14,15,22,23,24
4202,2,3,6,8,9,11,12,13,17,18,22,24
4203,1,9,10,11,12,15,16,17,19,22,23,24
4204,3,4,5,6,7,8,12,17,20,21,22,23
4205,1,2,10,12,14,17,19,20,21,22,23,24
4206,2,3,4,6,11,13,16,17,18,22,23,24
4207,2,3,4,10,12,13,14,15,18,19,22,23
4208,2,3,4,6,8,9,11,14,15,17,20,23
4209,2,6,7,8,9,11,12,15,16,21,23,24
4210,1,2,4,5,6,8,9,15,18,19,20,24
4211,2,5,7,8,12,14,15,16,17,20,22,24
4212,4,10,11,14,15,16,17,19,20,21,22,23
4213,1,3,5,7,9,10,12,13,14,15,20,21
4214,3,5,6,7,8,14,15,16,17,20,21,22
4215,1,2,4,7,8,9,11,13,14,20,21,23
4216,1,2,3,5,6,8,11,13,17,18,20,24
4217,1,5,6,7,8,12,13,16,17,21,23,24
4218,2,5,7,9,10,15,16,19,20,21,23,24
4219,1,2,3,6,7,9,11,17,18,19,23,24
4220,1,2,7,8,9,13,14,16,18,19,21,24
4221,2,4,5,9,10,13,16,17,18,20,21,24
4222,2,3,5,6,7,8,12,13,15,21,22,24
4223,1,2,3,8,9,14,19,20,21,22,23,24
4224,1,2,4,8,9,11,13,14,18,19,20,23
4225,2,3,9,10,11,12,14,15,17,18,20,22
4226,1,3,8,10,13,14,15,17,19,20,22,23
4227,1,4,5,10,13,15,16,17,18,20,22,23
4228,4,6,9,10,12,13,15,17,20,22,23,24
4229,2,3,5,8,9,10,15,18,19,22,23,24
4230,1,5,6,7,10,12,13,14,15,16,17,24
4231,2,4,5,6,7,8,10,13,15,18,22,23
4232,1,3,7,9,10,12,13,14,15,18,19,21
4233,2,5,6,8,9,10,14,15,17,18,20,21
4234,1,3,5,8,11,12,16,17,20,21,23,24
4235,1,7,11,12,13,14,15,16,17,19,22,24
4236,2,5,6,9,10,13,14,19,20,22,23,24
4237,6,9,10,11,13,14,15,17,18,19,21,22
4238,1,2,6,9,13,15,17,18,20,21,23,24
4239,1,3,5,6,9,11,12,13,15,18,19,23
4240,2,3,4,6,10,14,15,16,20,21,22,23
4241,3,4,5,6,9,11,12,16,18,20,23,24
4242,1,3,6,7,13,14,15,16,17,18,21,23
4243,2,3,6,9,12,13,14,15,16,19,20,21
4244,1,2,3,5,8,9,10,12,14,15,20,23
4245,2,3,4,5,6,9,12,13,14,17,19,23
4246,1,5,7,8,9,14,15,17,19,22,23,24
4247,3,4,6,9,11,12,13,14,16,20,21,22
4248,2,4,5,7,9,10,11,13,15,19,20,24
4249,2,4,5,6,8,12,14,16,19,20,21,23
4250,1,4,6,7,11,15,17,19,20,22,23,24
4251,1,4,6,8,10,11,17,18,19,20,22,24
4252,3,5,6,7,8,10,11,12,13,19,20,21
4253,4,5,6,8,10,12,13,14,16,20,22,23
4254,2,3,5,10,16,17,18,20,21,22,23,24
4255,1,2,8,9,10,11,12,13,16,20,21,24
4256,3,5,8,11,12,13,16,17,18,19,20,24
4257,4,6,7,10,11,13,14,18,20,21,23,24
4258,1,2,7,8,9,11,15,16,20,21,22,23
4259,1,2,7,10,13,14,15,18,20,21,22,24
4260,2,3,5,6,8,9,10,14,18,19,20,21
4261,1,2,4,6,7,9,10,11,12,13,17,24
4262,1,2,6,7,8,12,13,15,16,17,19,21
4263,1,2,6,7,10,13,14,16,17,19,22,23
4264,5,6,7,8,10,11,14,15,19,20,22,23
4265,1,5,6,8,10,14,15,16,20,21,23,24
4266,1,3,7,8,10,11,12,16,17,18,19,20
4267,1,5,6,7,10,12,14,17,19,20,21,22
4268,1,3,5,6,7,8,10,11,12,17,18,20
4269,3,4,5,6,8,10,12,15,18,20,21,23
4270,2,5,6,9,12,13,15,18,19,21,22,23
4271,1,2,4,5,9,11,13,17,18,22,23,24
4272,3,5,8,10,11,13,14,17,19,20,21,24
4273,1,3,10,11,12,13,15,16,18,19,23,24
4274,4,5,6,8,9,10,11,13,14,16,19,20
4275,3,5,7,9,10,12,13,15,16,17,18,24
4276,1,3,4,8,11,12,13,15,16,18,19,22
4277,1,3,4,7,8,10,12,19,20,22,23,24
4278,2,3,6,8,9,11,13,15,16,20,21,24
4279,1,4,7,8,9,14,15,16,17,18,21,22
4280,1,5,6,9,12,14,16,17,20,21,22,23
4281,1,4,7,10,11,13,14,16,19,20,21,22
4282,1,2,3,4,5,7,9,12,17,18,23,24
4283,1,2,3,4,6,8,11,13,14,15,21,23
4284,2,3,4,5,6,7,8,12,14,16,18,22
4285,1,4,5,6,8,9,14,15,17,18,19,20
4286,1,2,3,4,6,10,14,15,16,18,20,22
4287,2,3,5,8,10,13,15,17,18,20,21,24
4288,2,4,5,8,10,12,13,15,17,19,20,21
4289,1,2,3,4,7,9,13,16,19,20,22,24
4290,3,4,7,8,9,13,14,16,19,21,23,24
4291,2,4,6,7,9,12,15,16,18,19,20,24
4292,4,5,7,8,9,10,14,16,17,18,20,22
4293,3,4,6,7,9,12,16,17,18,20,22,23
4294,1,3,6,9,11,12,13,15,17,18,19,23
4295,1,3,7,9,10,11,13,14,17,18,21,24
4296,1,2,3,4,5,7,10,11,12,19,23,24
4297,4,5,6,7,10,11,16,17,19,20,22,23
4298,1,2,5,7,11,13,14,15,16,21,23,24
4299,1,5,8,9,10,11,12,14,16,18,20,24
4300,5,6,7,11,14,15,16,17,19,21,23,24
4301,2,4,7,12,13,14,15,16,20,21,22,23
4302,3,4,5,7,8,9,10,14,15,16,23,24
4303,1,2,4,7,10,13,15,18,19,20,22,23
4304,2,3,6,7,8,9,11,13,14,15,16,22
4305,2,3,4,5,7,9,16,18,19,21,22,23
4306,2,3,5,6,7,8,10,14,17,20,21,23
4307,2,9,10,11,13,15,16,17,19,22,23,24
4308,1,7,8,11,12,13,15,16,17,18,22,23
4309,3,8,9,10,11,13,16,17,19,21,22,24
4310,7,9,10,12,13,14,17,18,19,20,23,24
4311,1,2,3,4,5,6,7,10,11,12,15,24
4312,3,5,8,11,12,13,15,16,17,19,22,24
4313,1,4,5,7,9,10,11,13,14,17,21,22
4314,4,7,9,10,11,12,14,18,19,22,23,24
4315,3,4,5,7,9,10,11,15,19,20,21,22
4316,1,6,8,10,11,12,15,17,21,22,23,24
4317,2,5,9,12,15,17,18,19,20,22,23,24
4318,2,3,4,7,9,10,11,13,16,18,21,24
4319,1,7,9,10,11,13,15,16,18,21,23,24
4320,1,4,6,7,8,11,12,13,20,21,22,24
4321,1,4,7,9,11,12,15,16,17,19,20,22
4322,2,4,12,14,15,17,18,19,20,21,22,23
4323,1,4,6,8,12,15,17,18,19,22,23,24
4324,3,4,6,9,12,13,14,15,16,18,20,24
4325,5,6,8,9,10,11,14,15,16,17,19,23
4326,6,7,8,9,11,12,13,14,15,20,21,24
4327,2,3,4,6,8,10,13,17,19,20,21,23
4328,3,5,6,7,8,12,14,16,17,19,21,24
4329,1,4,7,8,9,12,14,15,16,17,19,22
4330,1,2,5,6,7,9,10,13,18,20,21,22
4331,5,7,8,9,10,15,16,17,19,20,22,24
4332,4,7,8,9,10,12,13,14,15,17,21,22
4333,1,3,5,14,15,17,18,19,21,22,23,24
4334,2,6,7,9,11,12,13,15,17,20,21,24
4335,1,2,4,5,9,10,14,15,18,22,23,24
4336,2,6,8,9,10,13,15,16,17,20,21,23
4337,1,3,4,5,8,10,12,13,15,16,21,22
4338,4,5,9,11,14,15,16,17,18,19,20,21
4339,3,4,5,6,8,9,10,16,17,18,20,22
4340,5,6,8,9,10,13,14,15,19,20,23,24
4341,1,4,5,8,9,11,12,13,16,17,18,22
4342,1,4,5,6,7,9,10,13,14,19,20,21
4343,3,5,7,9,10,11,12,15,21,22,23,24
4344,3,7,11,12,13,15,17,19,20,21,22,24
4345,1,3,4,7,8,9,12,13,16,17,19,24
4346,2,6,7,8,9,10,14,17,18,19,22,23
4347,1,3,7,10,11,12,14,15,16,17,20,22
4348,1,2,6,12,14,15,16,18,19,20,21,22
4349,1,3,4,5,6,10,12,13,19,22,23,24
4350,3,5,6,7,11,12,13,14,16,18,20,23
4351,1,2,4,6,9,10,12,14,15,17,20,24
4352,3,7,8,10,12,14,15,16,19,20,22,24
4353,3,5,6,7,11,13,14,15,17,19,20,24
4354,1,2,3,4,6,9,10,14,18,19,20,24
4355,1,2,4,10,14,16,17,18,19,20,23,24
4356,2,3,5,6,7,8,9,11,13,18,20,24
4357,1,7,10,12,13,15,16,18,19,21,23,24
4358,2,4,8,11,12,13,14,16,18,21,22,24
4359,2,4,5,6,7,13,14,16,17,18,19,24
4360,2,3,7,10,12,13,16,17,18,20,22,24
4361,2,3,5,9,10,11,14,15,18,19,20,22
4362,1,3,5,6,10,12,13,14,17,21,22,23
4363,3,4,6,8,10,11,12,13,14,15,16,19
4364,2,4,7,8,9,13,14,15,16,17,21,23
4365,4,6,8,9,10,11,13,15,16,17,18,21
4366,3,4,5,8,14,15,16,18,19,20,21,22
4367,1,4,6,7,10,11,13,17,18,22,23,24
4368,5,7,8,9,10,11,12,16,17,19,20,21
4369,3,4,6,9,10,12,13,15,17,19,22,23
4370,1,3,8,9,11,15,16,17,20,21,22,24
4371,2,9,10,11,12,13,14,15,17,20,22,24
4372,2,4,5,7,11,12,15,16,17,18,20,24
4373,1,7,9,10,12,13,14,15,16,19,20,24
4374,1,2,4,6,9,12,14,16,18,20,22,24
4375,2,3,4,6,9,13,14,15,19,21,23,24
4376,1,4,5,6,11,12,13,16,17,18,21,22
4377,1,3,5,7,8,9,15,16,18,19,20,23
4378,1,3,5,8,9,10,11,13,17,20,21,23
4379,4,5,6,7,14,15,16,18,21,22,23,24
4380,2,3,4,5,6,7,12,15,18,19,21,22
4381,2,4,5,6,9,11,12,13,19,20,21,24
4382,3,6,9,11,13,15,17,18,20,21,23,24
4383,1,5,6,7,8,10,14,15,17,19,22,24
4384,1,4,5,7,10,12,14,15,16,18,19,21
4385,1,3,4,5,6,10,12,13,14,18,20,22
4386,3,4,5,8,10,11,12,13,15,17,18,22
4387,2,3,4,6,7,10,13,15,16,19,21,22
4388,1,3,5,6,7,11,18,19,21,22,23,24
4389,1,2,6,9,11,15,17,18,19,21,22,23
4390,2,3,4,6,7,8,10,12,16,17,18,22
4391,1,4,5,8,11,14,17,18,19,20,21,22
4392,3,4,5,7,10,11,14,16,17,21,22,24
4393,1,2,6,8,9,10,11,13,15,16,17,21
4394,4,6,10,11,12,13,14,16,19,20,21,24
4395,1,2,5,7,9,10,13,15,18,20,22,24
4396,1,2,4,6,8,10,11,12,14,18,22,24
4397,1,3,8,10,12,13,14,15,17,18,23,24
4398,1,4,7,8,10,13,16,18,20,21,22,23
4399,1,2,5,6,7,9,10,12,14,17,18,24
4400,3,5,8,9,11,12,14,18,19,20,21,24
4401,2,4,5,7,10,11,12,14,15,16,21,23
4402,1,5,6,7,10,12,13,15,16,20,22,24
4403,2,8,9,12,14,16,17,18,19,20,22,23
4404,1,3,4,5,9,11,12,14,21,22,23,24
4405,1,4,5,6,7,11,13,16,17,21,22,23
4406,1,3,7,8,10,11,13,14,18,19,22,24
4407,1,5,6,9,10,15,16,17,18,19,21,24
4408,2,4,5,7,9,12,15,16,19,20,22,24
4409,3,6,7,8,10,13,14,15,16,19,23,24
4410,1,2,3,7,8,10,11,13,16,18,19,21
4411,1,3,5,6,7,9,13,14,19,20,21,24
4412,2,3,5,7,8,9,11,17,18,21,23,24
4413,1,2,4,5,8,9,11,12,15,18,22,23
4414,2,6,7,8,11,13,14,16,17,19,20,22
4415,2,7,13,14,16,17,18,19,21,22,23,24
4416,4,6,8,13,14,16,18,19,20,21,22,23
4417,2,3,6,7,8,9,12,13,15,17,20,24
4418,1,2,3,6,7,10,12,14,16,19,20,24
4419,4,6,7,12,14,16,17,18,20,21,23,24
4420,2,5,6,7,9,14,16,17,18,20,23,24
4421,3,4,5,7,9,11,12,16,17,18,21,24
4422,1,4,7,9,10,11,15,16,17,18,19,23
4423,1,2,3,5,6,8,10,12,13,15,19,22
4424,6,8,9,10,14,15,16,17,18,22,23,24
4425,1,4,5,7,8,10,11,13,15,17,21,23
4426,3,6,8,9,10,11,14,15,19,21,22,23
4427,2,8,10,12,13,14,15,18,19,20,21,22
4428,2,3,7,9,11,13,15,18,20,21,22,24
4429,1,5,8,9,10,12,13,16,17,20,21,22
4430,1,5,7,9,10,13,15,16,17,21,22,24
4431,2,4,5,7,8,9,13,16,17,20,21,24
4432,1,2,3,4,9,10,12,13,16,17,18,23
4433,1,3,6,7,8,9,13,16,18,20,22,24
4434,5,8,9,10,11,14,15,16,20,21,23,24
4435,1,4,8,13,14,15,16,20,21,22,23,24
4436,2,3,4,7,8,9,14,17,18,20,21,24
4437,1,5,6,7,9,10,12,14,17,18,22,24
4438,1,7,8,9,13,14,15,16,19,21,22,23
4439,2,3,6,9,11,12,14,16,18,19,20,22
4440,2,3,4,6,10,15,18,19,20,21,23,24
4441,1,2,6,11,13,16,17,18,19,20,22,24
4442,2,5,7,8,10,13,14,15,17,18,22,24
4443,7,8,9,10,12,13,15,17,20,21,22,23
4444,1,3,4,10,11,12,14,16,18,22,23,24
4445,3,4,5,6,7,9,11,12,13,14,18,24
4446,1,3,4,8,12,13,15,16,18,19,22,24
4447,3,7,8,11,13,14,15,18,20,21,22,23
4448,2,5,8,12,13,14,15,18,19,20,23,24
4449,1,3,4,5,7,9,10,12,15,17,19,24
4450,1,5,7,8,9,13,14,15,19,20,22,24
4451,3,4,5,6,7,10,13,14,15,19,20,24
4452,1,4,6,7,10,11,15,17,19,20,22,23
4453,1,2,3,5,6,8,15,16,17,21,22,23
4454,1,5,6,7,8,9,10,13,15,16,18,22
4455,2,3,5,7,10,11,12,17,18,20,21,22
4456,1,4,5,6,8,11,12,13,15,16,19,20
4457,1,2,4,5,6,9,10,11,16,20,21,23
4458,4,5,7,8,9,13,14,15,16,21,23,24
4459,2,3,4,5,9,12,15,19,20,21,23,24
4460,1,5,8,12,13,14,15,17,18,19,21,22
4461,1,4,5,7,8,10,13,16,18,19,21,22
4462,1,3,5,7,8,9,10,16,17,18,19,21
4463,2,3,5,8,9,11,12,15,16,20,23,24
4464,2,3,5,6,9,11,12,14,15,17,21,24
4465,1,2,3,4,7,8,9,10,16,18,19,23
4466,1,3,4,8,10,11,13,14,18,19,22,23
4467,1,3,5,7,9,10,11,12,13,14,15,23
4468,2,5,9,12,13,16,17,18,19,21,22,24
4469,1,4,6,10,11,12,14,17,18,19,21,24
4470,2,3,4,5,9,11,13,14,20,21,22,23
4471,2,4,10,11,13,14,15,17,21,22,23,24
4472,1,3,4,7,8,11,12,16,17,18,19,23
4473,1,3,4,5,7,8,10,13,15,18,22,23
4474,1,9,11,12,14,15,16,17,18,19,21,22
4475,2,3,5,8,9,10,11,12,16,20,21,22
4476,1,2,3,8,9,10,11,16,17,18,19,20
4477,2,5,6,7,10,11,12,15,18,20,23,24
4478,3,4,6,7,8,9,14,17,18,20,23,24
4479,1,3,4,5,8,11,12,13,17,18,21,23
4480,2,3,4,7,9,10,16,17,18,19,21,23
4481,1,2,3,4,6,7,11,13,14,15,19,24
4482,1,2,8,10,13,14,17,18,19,20,22,23
4483,2,3,4,5,6,8,9,11,13,17,18,23
4484,2,3,5,6,7,8,9,11,13,14,21,22
4485,1,3,6,8,9,11,17,18,19,20,22,24
4486,1,3,4,6,11,14,17,18,19,21,22,23
4487,2,3,4,5,6,7,11,12,13,15,20,23
4488,1,2,3,7,9,11,13,16,19,20,21,24
4489,1,2,5,8,9,10,12,15,16,17,23,24
4490,2,4,6,7,8,10,11,14,17,18,22,24
4491,2,6,8,11,12,13,14,19,21,22,23,24
4492,2,3,5,6,7,9,14,15,18,20,21,22
4493,1,4,5,6,7,8,10,12,16,19,23,24
4494,2,4,6,8,10,11,12,15,16,18,21,24
4495,2,6,7,9,10,12,16,19,20,22,23,24
4496,1,2,7,8,9,11,13,17,18,20,22,24
4497,1,2,4,6,7,11,12,13,14,15,21,24
4498,1,5,6,7,8,12,13,15,17,18,20,24
4499,1,2,3,6,8,10,11,13,14,15,19,21
4500,1,2,3,6,7,9,15,20,21,22,23,24
4501,1,2,4,5,7,9,12,13,14,15,16,20
4502,3,6,8,10,12,13,16,17,19,22,23,24
4503,1,2,3,4,7,10,13,15,16,19,21,23
4504,2,4,6,11,13,14,16,17,18,20,22,24
4505,2,3,6,7,8,9,10,12,20,21,22,24
4506,2,5,6,8,10,11,14,16,17,21,22,23
4507,1,3,4,6,7,8,10,12,16,18,22,24
4508,1,4,5,7,8,12,14,15,16,19,21,22
4509,2,3,6,7,8,9,11,12,13,14,15,24
4510,1,2,5,7,8,14,16,17,18,19,21,23
4511,1,3,5,6,11,13,17,18,19,20,23,24
4512,1,3,6,7,8,9,11,15,17,18,20,24
4513,2,3,6,9,10,11,12,13,18,21,22,24
4514,1,8,12,13,14,15,16,17,18,19,20,22
4515,2,6,9,10,12,13,16,17,19,20,23,24
4516,1,2,3,4,6,7,8,9,13,15,22,24
4517,2,4,5,7,8,10,11,13,16,21,23,24
4518,1,2,4,6,8,9,11,15,18,20,22,24
4519,1,2,3,4,5,6,7,11,14,15,18,24
4520,2,9,10,11,12,13,14,15,16,20,21,23
4521,2,3,4,8,9,10,11,17,18,22,23,24
4522,3,4,5,6,7,9,10,11,13,15,20,23
4523,1,3,4,9,11,12,14,16,18,20,21,22
4524,4,5,7,8,9,10,11,15,16,18,19,22
4525,2,4,5,8,10,11,13,16,17,18,22,23
4526,3,4,7,8,13,14,15,16,17,18,20,22
4527,2,4,6,7,8,10,13,15,16,17,19,20
4528,4,5,6,7,8,9,11,16,18,19,22,23
4529,1,6,7,11,12,13,14,15,16,17,19,24
4530,3,5,7,9,12,13,14,15,17,18,22,24
4531,1,2,4,5,12,13,15,17,18,20,22,23
4532,3,7,9,10,11,13,15,20,21,22,23,24
4533,1,3,4,5,6,9,10,12,16,17,18,24
4534,1,4,6,7,8,9,12,15,16,17,21,24
4535,2,3,4,5,6,10,11,12,15,16,17,20
4536,1,3,5,10,11,13,14,17,18,19,21,24
4537,1,3,6,8,9,10,12,13,15,18,20,21
4538,3,4,7,8,9,10,11,14,19,21,23,24
4539,2,3,5,7,8,10,13,14,15,19,23,24
4540,2,6,7,8,10,12,18,19,20,22,23,24
4541,4,8,9,10,11,12,13,17,19,20,22,23
4542,1,3,4,9,11,12,14,15,16,19,21,23
4543,2,4,5,9,12,15,16,17,18,20,21,22
4544,2,4,6,8,12,13,15,17,18,19,20,21
4545,1,2,3,5,6,9,11,12,14,19,20,24
4546,3,4,10,11,13,15,16,17,18,19,20,24
4547,2,3,7,8,12,14,15,18,20,21,22,23
4548,3,4,5,6,9,12,13,15,17,19,20,23
4549,1,3,4,8,9,12,13,14,15,16,21,22
4550,1,4,5,8,9,10,12,16,17,18,19,23
4551,1,5,7,8,9,11,13,15,16,20,22,23
4552,2,3,4,8,9,10,11,13,14,16,22,23
4553,4,8,9,13,16,17,18,20,21,22,23,24
4554,1,4,5,6,8,9,10,12,14,18,21,22
4555,1,5,7,8,9,10,12,14,15,17,19,24
4556,2,3,4,8,9,11,12,16,18,19,22,24
4557,1,3,4,5,8,11,15,16,17,18,20,23
4558,3,4,6,10,12,16,17,18,20,21,22,23
4559,1,2,6,8,12,14,15,18,19,20,21,24
4560,2,3,6,8,10,11,13,14,18,19,23,24
4561,1,2,3,4,5,6,10,11,15,16,17,22
4562,1,5,6,7,8,10,12,13,14,15,21,24
4563,2,5,7,11,13,16,17,18,20,21,22,23
4564,1,3,5,6,9,12,13,17,18,20,22,24
4565,3,4,7,8,11,12,13,14,17,19,21,24
4566,1,2,4,5,6,10,11,14,17,19,20,21
4567,3,5,7,8,10,11,13,15,17,20,22,24
4568,2,3,4,7,9,10,11,14,17,19,21,22
4569,2,3,4,9,10,15,17,19,20,22,23,24
4570,1,2,3,4,6,7,8,10,12,15,19,23
4571,4,5,6,9,10,11,13,19,20,22,23,24
4572,1,2,4,6,12,13,15,16,19,21,23,24
4573,5,6,8,9,10,11,13,14,15,18,22,24
4574,2,4,6,7,9,10,11,13,14,16,21,23
4575,4,7,10,12,15,16,17,18,19,21,23,24
4576,1,3,5,6,8,12,16,19,20,21,23,24
4577,1,2,3,4,6,11,12,17,18,19,23,24
4578,1,2,5,6,7,10,13,19,20,22,23,24
4579,2,3,4,5,6,9,14,15,16,19,22,23
4580,1,2,5,7,8,9,10,15,16,17,20,23
4581,1,2,4,5,7,8,10,12,18,19,20,22
4582,4,5,7,8,14,15,16,17,19,20,21,23
4583,1,4,6,7,10,11,13,14,16,17,20,23
4584,1,2,3,6,7,10,12,13,16,19,23,24
4585,2,4,6,8,10,11,12,13,16,17,19,24
4586,1,2,3,5,12,13,14,15,17,19,21,22
4587,1,2,3,6,8,9,14,15,16,18,22,24
4588,1,5,7,9,10,11,12,18,19,20,21,24
4589,3,4,7,8,10,11,12,13,16,18,22,24
4590,1,6,7,9,10,12,15,17,18,21,22,23
4591,1,3,5,9,10,11,14,16,18,19,20,23
4592,2,3,5,6,7,8,12,13,16,19,21,22
4593,1,3,4,6,7,8,12,16,17,20,23,24
4594,2,3,5,8,9,11,14,17,19,21,22,24
4595,2,4,7,8,9,10,11,12,18,21,22,23
4596,3,6,8,9,11,12,13,14,15,16,18,21
4597,1,2,4,6,10,12,15,18,20,21,23,24
4598,2,3,4,7,9,12,14,18,20,21,22,23
4599,2,4,5,6,9,10,11,14,15,16,22,23
4600,2,3,5,6,13,14,16,17,19,21,22,24
4601,2,3,5,6,10,11,15,18,20,21,22,24
4602,2,3,7,8,9,10,12,13,14,15,18,20
4603,2,3,4,5,9,10,11,13,14,16,17,18
4604,1,3,6,7,9,12,14,15,17,19,21,22
4605,2,6,7,8,9,10,13,15,17,18,19,24
4606,4,5,7,11,13,14,18,20,21,22,23,24
4607,3,5,7,8,9,10,11,12,15,17,21,22
4608,1,4,6,7,8,9,11,14,17,19,22,24
4609,1,2,3,4,5,8,9,12,14,15,19,20
4610,2,3,5,6,7,11,12,14,15,18,19,24
4611,1,2,3,5,6,7,8,9,12,14,21,23
4612,4,7,8,9,11,13,14,15,16,18,20,22
4613,2,4,5,12,13,14,16,17,18,19,23,24
4614,1,2,3,6,12,15,16,17,18,19,22,24
4615,1,3,4,5,7,10,16,18,19,20,21,24
4616,1,2,6,8,9,12,14,16,20,21,23,24
4617,1,2,3,5,6,8,14,15,18,19,22,24
4618,2,3,4,6,7,10,11,15,16,17,20,21
4619,2,3,4,5,8,11,15,16,19,20,21,22
4620,2,4,5,7,9,13,18,19,20,21,22,23
4621,4,5,6,7,8,10,11,13,18,20,21,24
4622,1,2,3,4,7,8,9,11,12,15,19,24
4623,3,5,6,7,8,15,16,18,20,21,22,24
4624,3,6,7,9,11,12,14,15,16,17,19,20
4625,3,5,6,8,9,12,13,15,16,22,23,24
4626,1,2,3,4,5,6,11,12,16,21,22,24
4627,1,3,6,8,9,11,12,13,14,18,21,23
4628,1,5,6,8,9,11,12,13,14,16,17,19
4629,6,8,10,11,12,14,15,16,19,21,23,24
4630,1,2,5,6,7,11,14,15,16,19,22,23
4631,2,3,4,5,9,11,12,18,20,21,22,23
4632,1,2,3,5,6,7,13,14,15,18,20,21
4633,2,4,11,13,14,16,17,18,19,21,22,24
4634,2,3,4,7,8,9,11,16,18,20,22,23
4635,1,2,3,4,5,7,8,16,19,20,21,24
4636,1,3,5,6,9,11,14,16,19,22,23,24
4637,1,2,6,7,8,13,15,16,17,20,22,24
4638,1,3,4,7,8,10,11,15,16,18,20,22
4639,1,4,5,6,10,11,12,15,17,19,22,24
4640,6,7,10,11,12,14,15,17,19,20,22,24
4641,1,2,3,4,6,7,9,10,12,20,23,24
4642,1,6,7,11,12,14,16,18,19,21,23,24
4643,5,7,9,11,14,15,17,18,19,20,21,23
4644,1,3,6,7,9,10,13,19,20,21,22,24
4645,6,7,8,9,10,14,17,19,21,22,23,24
4646,4,6,9,10,11,12,14,16,17,19,22,24
4647,1,3,4,7,9,10,15,16,18,19,23,24
4648,1,2,3,4,5,7,9,13,15,19,20,24
4649,1,3,4,6,8,11,12,15,17,18,20,23
4650,2,3,8,9,10,11,13,16,17,20,21,22
4651,1,4,5,6,12,13,14,16,17,20,23,24
4652,1,2,5,6,7,10,14,15,17,19,21,23
4653,1,3,6,7,9,10,12,13,14,16,19,22
4654,1,2,3,4,8,9,13,15,19,20,21,23
4655,2,6,7,11,12,13,15,16,17,18,19,24
4656,1,2,4,5,12,13,14,16,17,18,20,22
4657,1,2,3,5,8,11,12,15,17,19,22,23
4658,1,2,7,9,10,13,15,16,17,21,23,24
4659,5,6,9,10,12,13,14,16,18,20,22,24
4660,1,2,6,8,11,13,14,19,20,21,23,24
4661,3,4,5,6,8,9,10,13,16,19,23,24
4662,1,5,6,7,9,11,15,17,18,20,22,23
4663,1,5,7,9,11,17,18,19,20,22,23,24
4664,2,4,6,8,10,12,13,18,19,20,21,24
4665,1,5,10,11,12,13,14,16,18,20,21,22
4666,1,7,8,11,12,15,17,18,20,22,23,24
4667,2,6,7,10,13,15,16,18,20,21,22,23
4668,1,2,3,5,7,8,9,10,11,15,18,22
4669,2,3,6,9,10,12,15,18,20,21,22,24
4670,2,3,4,7,8,9,13,15,18,21,22,23
4671,2,3,5,6,7,8,10,12,13,17,21,23
4672,2,3,4,5,11,12,13,15,16,19,20,22
4673,2,4,5,7,9,10,14,17,18,19,21,24
4674,2,3,4,5,6,8,15,16,18,21,22,24
4675,3,4,7,8,10,11,12,13,15,18,22,24
4676,1,2,5,9,10,12,14,16,17,21,22,23
4677,2,5,7,8,10,11,14,15,16,17,20,23
4678,6,7,8,12,14,15,16,18,19,22,23,24
4679,1,4,6,7,10,11,12,13,17,21,23,24
4680,1,6,8,9,10,14,15,16,17,19,21,23
4681,1,4,6,7,8,10,12,14,15,16,17,21
4682,2,7,9,11,14,16,17,18,19,20,21,22
4683,2,3,5,6,7,8,12,13,15,18,21,24
4684,1,2,4,7,9,11,13,14,15,19,20,24
4685,3,5,6,7,9,10,12,14,15,19,22,23
4686,2,3,6,7,9,10,13,14,17,19,22,24
4687,2,4,5,7,11,12,13,14,16,19,23,24
4688,1,2,3,4,5,9,10,11,13,18,20,23
4689,7,9,11,12,13,14,15,16,18,19,21,23
4690,1,2,4,5,6,7,12,13,14,17,22,23
4691,1,2,4,6,7,9,10,11,13,19,22,24
4692,1,2,3,4,5,9,10,12,13,14,17,18
4693,1,2,3,7,8,9,10,11,18,19,22,23
4694,3,4,5,7,10,12,14,16,17,18,20,24
4695,1,2,3,6,8,10,11,13,15,18,19,20
4696,7,9,10,11,12,17,19,20,21,22,23,24
4697,1,4,6,8,10,11,13,17,18,21,22,24
4698,2,6,7,8,9,10,11,13,16,17,18,22
4699,2,3,4,9,12,13,14,16,17,18,21,24
4700,1,6,9,10,12,15,16,17,18,19,22,23
4701,2,3,5,7,9,10,11,15,17,19,22,23
4702,2,3,5,6,10,13,16,18,19,20,21,22
4703,2,5,8,9,10,13,15,17,19,22,23,24
4704,1,2,4,5,6,7,13,15,17,18,20,24
4705,1,3,4,5,7,9,10,11,15,18,20,22
4706,1,3,6,7,8,10,11,17,19,21,23,24
4707,1,2,3,4,5,6,11,13,14,15,18,22
4708,1,2,3,5,6,7,8,11,15,17,19,20
4709,1,4,7,9,10,12,16,17,18,19,20,23
4710,1,2,5,6,7,8,9,14,17,22,23,24
4711,1,2,8,9,11,12,14,17,19,20,22,23
4712,1,2,3,4,6,7,8,11,13,16,19,23
4713,1,2,3,4,8,9,10,12,17,18,21,22
4714,1,2,4,5,8,9,10,15,18,20,23,24
4715,1,2,3,6,8,10,11,12,15,17,19,20
4716,2,3,5,7,8,10,14,16,18,20,21,23
4717,1,5,6,10,11,12,14,15,18,19,22,24
4718,2,3,4,5,6,7,8,12,14,19,20,24
4719,1,2,3,6,14,15,16,19,20,22,23,24
4720,3,8,9,10,11,13,16,17,18,21,23,24
4721,1,2,4,9,10,12,14,16,20,21,22,23
4722,1,3,5,6,9,12,14,15,16,18,20,24
4723,4,5,9,10,11,13,14,16,17,18,21,22
4724,1,2,5,6,7,10,12,13,14,18,21,23
4725,2,4,5,10,12,13,14,15,17,18,19,20
4726,1,2,6,8,9,10,11,12,13,15,20,23
4727,3,6,7,8,12,13,14,17,20,21,22,24
4728,1,2,4,8,11,12,14,15,17,19,21,22
4729,1,5,6,7,8,10,11,12,19,22,23,24
4730,1,4,5,6,8,12,14,16,19,20,21,22
4731,3,5,6,7,8,9,13,15,16,17,20,21
4732,1,2,4,5,6,9,10,14,16,20,23,24
4733,1,3,4,5,8,9,11,15,17,19,21,24
4734,1,2,6,7,9,11,12,13,14,16,17,19
4735,1,2,4,8,9,12,13,14,17,22,23,24
4736,1,2,3,6,7,8,10,13,16,19,21,24
4737,2,4,5,6,7,10,11,12,17,18,22,23
4738,1,2,5,6,7,9,11,15,16,17,18,22
4739,1,2,4,6,7,8,10,11,12,13,14,24
4740,1,2,3,7,9,10,11,12,14,17,18,21
4741,1,3,5,6,12,13,14,15,18,20,21,22
4742,2,5,6,7,9,12,13,16,19,20,21,22
4743,4,6,9,11,12,13,14,17,18,20,23,24
4744,1,6,7,8,9,10,11,13,16,18,19,24
4745,2,6,7,8,10,11,13,14,15,16,18,24
4746,2,3,6,10,13,14,16,17,18,20,21,22
4747,2,5,8,10,11,13,14,15,18,20,21,24
4748,4,6,8,9,11,12,13,14,17,20,21,23
4749,2,5,9,11,12,13,14,15,17,19,20,23
4750,2,5,6,7,12,13,15,17,18,19,23,24
4751,2,7,9,10,11,12,14,15,18,19,21,24
4752,1,3,7,10,11,12,14,15,16,19,23,24
4753,1,2,3,9,12,13,14,15,18,19,20,23
4754,3,4,7,8,9,11,12,15,19,21,22,23
4755,1,4,6,7,9,11,12,13,15,19,20,24
4756,4,6,7,8,11,15,16,17,19,20,21,24
4757,1,2,3,5,7,9,10,13,14,18,19,22
4758,1,2,3,4,7,10,11,12,13,14,15,16
4759,5,7,9,12,13,14,16,18,19,21,23,24
4760,1,2,3,4,5,7,9,10,12,13,22,24
4761,1,2,5,6,9,10,11,16,19,21,23,24
4762,1,2,3,5,9,12,13,14,15,17,21,23
4763,1,2,3,4,5,7,10,11,17,19,21,23
4764,1,2,3,5,6,8,9,10,11,12,17,22
4765,1,2,5,6,7,9,12,15,18,21,22,23
4766,1,2,5,8,11,12,13,15,16,17,18,20
4767,1,2,6,8,9,10,13,14,16,17,22,24
4768,1,2,3,6,8,10,12,16,18,20,23,24
4769,1,2,3,4,9,12,14,15,19,20,23,24
4770,1,2,3,4,5,7,8,10,12,13,20,21
4771,1,2,3,4,5,8,9,12,17,18,19,23
4772,1,2,3,4,5,6,11,12,18,21,22,24
4773,1,2,4,5,6,11,12,16,17,21,23,24
4774,2,4,5,9,11,12,13,16,18,19,20,24
4775,2,3,4,6,7,9,11,12,13,20,21,22
4776,1,2,3,5,6,10,14,15,17,19,20,21
4777,2,4,7,8,9,10,11,12,15,18,19,20
4778,3,4,5,8,12,13,14,16,17,18,20,21
4779,1,3,4,5,11,12,14,16,21,22,23,24
4780,2,4,5,6,7,8,10,14,17,21,22,23
4781,1,2,3,4,7,8,9,15,18,20,21,22
4782,1,4,5,7,9,13,15,17,19,20,21,22
4783,1,2,3,5,6,8,10,11,15,21,22,23
4784,1,4,6,9,11,13,14,15,16,20,21,23
4785,1,3,5,7,10,14,17,18,19,20,21,24
4786,1,3,4,5,11,13,14,18,19,20,21,22
4787,1,2,4,6,9,10,13,14,19,22,23,24
4788,2,5,8,10,12,13,17,18,19,20,21,24
4789,2,4,10,11,12,13,14,16,17,18,22,24
4790,2,3,4,6,7,8,9,11,13,14,17,18
4791,1,3,5,6,7,13,14,15,20,21,22,23
4792,3,5,6,7,8,10,13,17,19,21,22,23
4793,1,2,3,4,5,6,16,17,19,20,22,24
4794,4,7,10,13,14,15,16,17,21,22,23,24
4795,1,2,7,8,14,15,17,18,19,21,22,23
4796,1,2,3,5,8,11,13,14,15,16,19,20
4797,4,8,10,11,13,14,15,16,18,19,20,24
4798,3,4,6,7,9,10,14,16,17,18,19,20
4799,2,3,5,7,8,11,14,15,16,17,22,23
4800,1,4,5,7,8,13,16,18,20,21,22,23
4801,1,2,3,6,7,9,10,11,14,15,19,23
4802,2,4,5,9,12,13,15,16,17,21,23,24
4803,3,5,7,8,9,10,11,14,17,18,20,24
4804,2,4,8,9,10,11,12,16,19,20,21,23
4805,1,3,6,7,8,10,11,12,13,15,18,20
4806,1,2,5,10,11,12,13,14,15,18,19,23
4807,2,3,6,9,11,13,14,15,17,20,21,22
4808,1,2,5,7,12,13,14,15,18,19,22,24
4809,2,4,5,8,9,13,14,15,16,17,22,23
4810,6,8,10,11,14,16,18,19,20,21,22,24
4811,4,8,9,13,14,15,16,17,19,20,22,23
4812,3,5,9,11,12,13,15,16,19,21,22,23
4813,2,7,8,11,13,14,15,17,20,21,22,23
4814,1,4,5,7,8,13,16,17,18,20,21,23
4815,2,4,5,9,10,12,15,17,20,21,23,24
4816,1,2,3,5,6,9,11,12,13,14,17,19
4817,4,6,7,9,10,14,15,17,18,19,20,21
4818,1,2,6,8,9,11,12,13,17,18,22,24
4819,2,5,6,8,11,12,14,15,17,18,21,22
4820,3,5,8,9,12,14,15,19,20,21,22,24
4821,4,7,8,9,12,13,14,16,17,19,21,22
4822,1,3,4,7,8,14,15,18,19,22,23,24
4823,1,4,6,7,8,9,11,12,15,17,20,23
4824,1,2,3,4,6,7,14,16,18,20,21,22
4825,3,7,8,10,12,14,15,17,19,21,22,24
4826,4,5,8,9,10,13,15,19,20,22,23,24
4827,1,2,6,9,11,12,14,16,18,20,21,24
4828,1,3,4,7,9,12,15,17,18,19,23,24
4829,4,5,8,9,10,14,15,18,19,20,23,24
4830,1,4,5,7,9,10,11,12,15,17,20,24
4831,1,3,7,9,12,13,15,16,19,20,21,22
4832,2,4,7,8,11,12,13,14,17,19,23,24
4833,1,2,6,7,8,12,13,16,18,20,22,23
4834,5,6,8,10,12,14,16,18,19,20,21,22
4835,2,5,6,10,11,13,16,19,20,22,23,24
4836,2,3,5,8,11,13,15,16,18,19,22,23
4837,1,2,4,5,7,9,11,12,17,19,20,24
4838,3,4,5,6,11,13,14,15,17,18,19,20
4839,1,2,5,6,10,11,16,17,18,20,22,23
4840,1,4,6,10,11,12,13,14,17,19,22,24
4841,2,3,4,6,9,10,11,14,17,18,21,24
4842,3,6,8,9,13,14,15,17,18,19,20,21
4843,2,4,5,6,8,10,11,16,20,21,23,24
4844,1,2,5,6,10,12,13,15,20,22,23,24
4845,2,5,6,7,10,13,14,19,20,21,22,23
4846,2,3,5,7,8,9,10,15,18,19,22,23
4847,2,3,6,9,10,14,15,17,19,20,22,24
4848,1,2,6,7,8,10,11,13,18,19,20,23
4849,4,6,7,8,9,13,14,15,16,20,22,24
4850,1,5,9,11,12,14,15,17,18,21,22,23
4851,1,3,4,7,8,12,15,17,18,21,22,23
4852,1,2,3,5,8,10,13,14,16,18,22,23
4853,3,7,9,10,12,13,14,16,18,19,21,24
4854,2,4,6,7,9,11,12,15,16,17,18,22
4855,1,2,3,5,6,7,9,11,18,19,21,22
4856,3,4,5,8,9,12,13,14,15,18,20,22
4857,2,5,7,9,10,12,13,17,18,19,20,23
4858,5,6,11,12,14,15,16,18,20,22,23,24
4859,1,2,4,6,10,14,17,19,20,22,23,24
4860,3,4,6,8,9,11,14,15,16,17,20,22
4861,2,4,5,6,8,13,14,16,18,20,21,24
4862,1,3,4,6,9,12,15,17,20,21,22,24
4863,6,7,11,12,13,14,15,16,17,18,20,22
4864,1,8,10,12,13,14,15,17,18,19,21,22
4865,1,4,5,6,9,10,13,14,16,17,18,21
4866,1,2,3,4,5,7,9,11,15,16,18,22
4867,1,2,5,8,9,11,12,13,17,18,21,22
4868,1,2,8,10,11,16,17,18,19,20,23,24
4869,1,5,6,8,11,12,14,15,17,21,23,24
4870,2,3,4,7,10,12,13,14,16,17,18,20
4871,1,3,5,7,8,9,10,11,12,16,17,18
4872,1,2,4,5,6,8,10,12,13,17,18,19
4873,1,3,5,6,9,12,14,15,17,18,19,24
4874,2,6,7,10,11,16,17,18,20,22,23,24
4875,1,4,6,9,10,12,14,15,16,19,20,24
4876,3,4,5,7,9,10,13,17,18,22,23,24
4877,2,4,5,8,9,13,15,16,20,21,22,24
4878,1,2,4,6,7,8,9,14,17,21,23,24
4879,2,5,7,11,13,14,15,16,18,20,21,24
4880,3,4,7,12,13,15,16,18,19,20,21,22
4881,1,3,7,9,10,13,14,15,18,21,22,24
4882,2,3,8,10,14,15,17,18,20,21,23,24
4883,1,4,5,7,9,11,12,13,16,20,21,22
4884,2,3,6,9,10,11,12,13,15,17,21,22
4885,3,4,6,7,9,10,12,13,18,19,20,24
4886,3,4,6,9,10,13,14,17,18,19,20,21
4887,2,4,6,7,9,12,13,15,16,17,19,20
4888,4,5,6,10,11,13,14,16,19,21,22,24
4889,2,4,6,8,11,13,14,16,17,18,20,24
4890,3,4,7,9,11,12,13,14,19,21,23,24
4891,1,2,3,4,5,7,8,9,12,15,16,24
4892,1,3,4,7,10,11,13,14,15,17,23,24
4893,1,2,8,11,12,15,16,17,18,19,20,23
4894,1,2,4,5,7,9,11,12,15,22,23,24
4895,2,3,6,9,10,12,13,14,16,17,19,22
4896,1,5,7,8,13,14,15,16,19,20,22,24
4897,1,4,5,8,9,10,12,15,17,19,20,22
4898,1,3,4,5,7,10,14,15,16,19,20,24
4899,7,8,9,11,14,18,19,20,21,22,23,24
4900,2,3,5,6,8,9,10,11,15,16,18,23
4901,1,3,4,6,7,11,12,13,14,16,20,23
4902,1,5,7,8,9,10,11,14,16,18,20,24
4903,1,2,3,5,8,10,11,16,20,22,23,24
4904,1,2,3,8,9,12,17,18,19,20,21,23
4905,3,6,8,9,11,13,15,16,18,19,21,22
4906,3,5,7,10,11,12,15,19,20,21,23,24
4907,1,5,6,7,8,9,12,13,15,16,18,21
4908,1,2,4,8,11,12,16,18,20,21,23,24
4909,1,5,8,11,12,13,14,15,18,19,20,21
4910,1,4,6,7,8,13,14,17,20,21,22,24
4911,3,4,5,11,14,15,16,17,18,19,22,23
4912,1,4,7,8,11,12,18,19,21,22,23,24
4913,1,5,8,9,11,14,15,16,18,20,22,23
4914,1,3,5,6,7,8,13,14,15,17,18,20
4915,1,2,7,8,10,12,13,14,15,16,17,18
4916,2,4,6,8,9,11,13,14,18,19,22,24
4917,3,5,9,14,15,16,18,19,20,22,23,24
4918,3,5,6,7,9,10,14,15,17,21,23,24
4919,2,5,6,9,10,11,12,14,16,18,19,21
4920,2,3,4,7,8,9,12,13,15,16,20,22
4921,1,2,3,6,7,8,9,13,17,21,22,23
4922,2,4,6,8,9,10,12,15,17,18,22,23
4923,3,4,5,7,8,9,15,18,21,22,23,24
4924,1,2,4,5,7,11,12,15,19,22,23,24
4925,1,3,4,7,8,10,11,12,13,15,21,23
4926,4,5,6,7,9,10,11,16,17,20,22,23
4927,1,2,3,4,5,10,11,12,13,15,22,23
4928,3,5,7,8,9,10,11,12,19,20,21,22
4929,1,3,5,6,8,9,11,12,18,19,20,22
4930,1,2,3,4,8,10,11,13,14,16,17,23
4931,4,7,8,9,10,11,12,14,16,20,21,24
4932,1,3,7,8,9,10,11,14,17,18,19,24
4933,2,4,5,7,11,12,13,18,19,21,22,24
4934,3,6,8,9,12,13,15,18,20,21,22,24
4935,2,3,4,5,6,9,11,12,14,15,16,24
4936,5,6,7,8,11,12,16,17,18,19,21,24
4937,3,6,7,10,13,14,15,18,19,20,21,24
4938,1,4,10,11,13,14,17,18,21,22,23,24
4939,3,4,6,8,9,10,11,14,17,20,22,23
4940,1,2,3,4,6,9,15,19,20,21,22,23
4941,5,7,9,12,13,15,18,19,20,21,22,24
4942,1,3,5,7,8,13,15,16,19,21,23,24
4943,4,5,9,10,11,12,13,16,17,18,21,24
4944,1,2,3,6,7,9,10,17,19,21,23,24
4945,3,5,6,9,10,12,13,14,15,16,22,23
4946,2,3,4,6,8,12,13,14,17,18,19,21
4947,2,3,4,5,8,11,14,16,20,22,23,24
4948,6,8,13,14,15,17,18,19,20,21,22,23
4949,3,4,7,8,9,10,13,14,15,17,22,24
4950,3,5,6,8,9,12,13,14,20,21,22,24
4951,2,3,5,6,8,13,14,16,17,18,20,21
4952,5,7,8,11,12,16,18,20,21,22,23,24
4953,1,2,3,9,11,12,15,16,17,18,22,23
4954,3,4,5,6,10,11,15,18,20,21,22,23
4955,1,3,6,9,10,11,12,13,14,15,18,22
4956,1,2,9,10,11,12,14,17,18,20,23,24
4957,5,8,9,12,13,14,15,16,18,20,21,24
4958,2,5,6,11,12,14,15,18,19,21,23,24
4959,1,4,6,7,8,15,16,17,18,20,21,23
4960,5,8,9,14,15,16,18,19,20,22,23,24
4961,3,5,7,12,13,15,16,17,18,20,22,24
4962,1,5,7,8,11,16,18,19,20,21,22,23
4963,1,5,6,8,11,12,14,17,18,20,22,23
4964,2,3,7,10,11,12,13,14,15,16,17,20
4965,1,3,4,9,10,11,14,15,18,19,21,22
4966,2,3,5,6,7,9,10,11,16,19,22,23
4967,2,7,8,9,10,11,15,16,18,19,21,22
4968,2,3,4,5,7,9,16,17,21,22,23,24
4969,2,3,5,7,9,12,15,18,19,20,22,24
4970,1,2,5,6,7,9,11,13,18,21,23,24
4971,1,3,4,10,11,12,13,14,15,17,18,20
4972,1,7,10,11,12,13,14,15,16,19,20,21
4973,1,3,5,8,10,11,13,18,21,22,23,24
4974,1,3,4,5,6,7,11,12,13,19,21,23
4975,3,4,5,6,8,9,11,16,17,19,22,24
4976,5,7,8,9,11,12,14,16,17,19,23,24
4977,3,5,8,10,12,13,14,15,19,20,21,23
4978,1,2,6,7,8,10,11,14,15,18,19,22
4979,2,3,4,5,9,10,11,12,17,22,23,24
4980,1,2,4,8,10,12,15,18,19,20,21,24
4981,1,4,7,8,11,15,16,17,20,21,22,24
4982,1,2,3,5,11,12,14,15,17,19,20,21
4983,2,5,6,7,10,14,16,17,18,19,20,24
4984,3,5,7,12,14,15,18,19,20,21,22,24
4985,2,6,9,10,11,13,15,17,18,19,20,23
4986,1,4,7,8,14,16,17,19,21,22,23,24
4987,2,6,9,10,13,15,18,19,20,21,22,23
4988,3,4,6,9,10,11,12,13,14,17,20,21
4989,2,3,4,5,9,10,14,18,19,21,22,23
4990,6,10,11,12,13,14,15,16,18,22,23,24
4991,1,3,4,6,9,10,12,15,17,19,22,23
4992,3,4,5,7,8,17,18,19,21,22,23,24
4993,1,2,3,5,13,14,15,17,18,19,20,21
4994,1,2,4,6,8,11,14,16,18,19,20,23
4995,1,4,6,8,12,13,14,16,17,19,21,24
4996,1,2,3,4,5,7,8,10,12,15,19,20
4997,3,4,5,6,7,8,10,11,12,16,21,22
4998,4,7,8,14,15,16,17,19,20,21,23,24
4999,3,4,8,10,11,14,17,18,21,22,23,24
5000,3,5,8,9,10,12,14,17,18,22,23,24
5001,4,6,7,8,10,12,13,15,17,18,20,23
5002,1,3,5,6,11,14,15,16,18,19,22,23
5003,2,5,7,8,11,12,13,15,17,18,21,23
5004,3,8,9,11,12,14,16,17,18,19,20,23
5005,1,4,6,8,9,10,12,14,15,17,21,23
5006,2,4,5,6,7,9,13,14,15,16,19,23
5007,1,4,6,9,10,12,14,16,17,19,22,24
5008,1,2,4,5,7,8,10,13,15,17,21,24
5009,1,4,5,6,9,11,14,15,17,18,20,23
5010,1,2,8,9,10,11,13,14,16,17,18,24
5011,7,8,9,11,12,13,14,15,16,18,20,23
5012,2,3,5,6,8,10,13,14,15,18,20,22
5013,2,3,6,7,12,13,14,15,16,17,20,21
5014,2,4,7,8,9,10,13,15,16,17,18,22
5015,2,3,7,8,10,11,12,13,15,20,21,23
5016,2,3,7,8,9,12,13,15,16,18,19,22
5017,1,2,3,6,8,13,14,16,18,20,22,23
5018,3,4,7,13,14,17,19,20,21,22,23,24
5019,1,6,11,12,13,15,16,17,18,21,22,23
5020,1,6,8,10,12,13,14,15,16,17,18,19
5021,2,3,4,5,8,9,11,14,15,16,19,23
5022,5,6,9,10,11,12,13,15,16,17,19,23
5023,1,2,3,4,6,9,11,13,15,16,18,23
5024,2,3,5,6,9,10,11,12,14,16,19,24
5025,1,3,5,8,9,12,13,16,17,20,21,22
5026,3,4,5,6,7,8,11,15,16,17,20,21
5027,3,4,5,7,8,10,13,16,19,21,23,24
5028,1,2,3,4,5,6,9,10,14,16,18,22
5029,2,3,4,5,6,8,14,18,19,22,23,24
5030,1,4,5,6,11,13,15,16,21,22,23,24
5031,2,5,6,7,12,13,15,16,17,19,20,24
5032,1,2,7,11,12,14,15,17,19,22,23,24
5033,1,3,5,8,9,13,14,15,17,20,21,24
5034,1,2,4,6,8,10,14,18,19,21,22,24
5035,2,4,5,8,9,10,16,18,19,21,22,24
5036,1,4,6,7,10,11,12,17,19,20,22,24
5037,1,3,4,6,8,15,16,17,19,21,22,24
5038,2,3,9,14,15,16,17,19,20,22,23,24
5039,1,4,5,6,7,11,14,19,21,22,23,24
5040,3,5,7,9,10,12,13,15,16,19,20,22
5041,1,4,6,7,8,11,14,16,17,18,22,24
5042,2,3,6,7,9,13,17,18,19,20,22,23
5043,3,5,7,8,9,10,11,12,13,18,19,23
5044,5,6,10,11,14,16,17,18,20,21,23,24
5045,1,2,3,9,11,12,14,15,16,17,18,22
5046,1,8,13,14,15,16,17,19,20,21,22,24
5047,2,6,9,13,14,15,16,17,18,19,20,23
5048,1,2,7,8,11,13,14,15,16,18,19,21
5049,3,7,8,11,12,16,17,19,20,21,23,24
5050,3,5,6,8,9,10,11,12,15,19,20,23
5051,4,6,7,9,10,13,14,15,16,17,18,23
5052,2,4,5,6,7,10,11,13,16,17,21,22
5053,3,4,7,8,10,14,16,18,20,21,22,23
5054,1,3,4,5,10,11,14,19,20,21,22,23
5055,2,3,4,6,9,10,13,18,19,21,22,23
5056,1,2,6,9,12,13,15,16,20,21,22,23
5057,2,5,6,7,8,11,16,17,19,21,23,24
5058,1,2,4,6,9,11,12,14,16,20,22,24
5059,3,5,6,7,10,12,15,16,18,20,21,22
5060,3,4,7,9,12,14,15,16,18,19,20,23
5061,1,2,9,10,11,12,13,17,18,20,22,24
5062,1,2,4,5,6,7,8,9,10,12,17,22
5063,3,4,10,11,12,15,16,19,20,21,22,23
5064,1,2,4,5,6,8,12,13,17,18,19,21
5065,1,2,6,10,12,13,14,15,17,18,19,24
5066,3,5,6,7,10,11,13,14,15,19,20,21
5067,1,2,6,8,13,14,15,16,17,18,21,23
5068,3,5,7,8,10,11,13,15,18,19,21,23
5069,2,4,5,6,8,9,10,14,17,19,21,23
5070,2,3,4,7,10,12,13,16,17,19,20,22
5071,1,4,6,7,8,10,13,15,16,17,18,24
5072,2,3,5,9,10,11,12,13,15,19,20,24
5073,1,2,5,7,13,14,16,17,18,19,20,22
5074,3,4,5,6,7,10,14,16,19,21,22,23
5075,2,3,5,6,7,9,12,15,17,19,22,23
5076,1,2,3,7,8,10,11,13,15,17,19,23
5077,2,4,5,6,11,13,16,18,20,21,22,23
5078,2,6,10,13,15,16,17,18,20,21,22,23
5079,3,4,7,8,10,11,12,15,17,18,21,22
5080,1,2,3,5,7,8,16,17,19,20,21,24
5081,1,2,3,7,8,13,14,15,16,18,22,23
5082,1,8,9,11,12,13,14,16,17,19,21,22
5083,1,2,6,7,9,10,11,12,15,17,18,19
5084,1,2,4,5,6,7,8,9,12,15,20,23
5085,1,8,9,10,11,12,17,19,20,22,23,24
5086,2,3,4,5,6,7,10,12,13,14,18,24
5087,3,4,6,7,8,9,11,15,16,17,20,23
5088,1,3,6,9,10,13,14,18,19,20,21,23
5089,2,4,5,6,8,12,15,16,17,19,21,22
5090,1,5,6,7,11,14,16,17,18,19,23,24
5091,1,3,5,6,8,9,11,12,16,18,19,23
5092,3,4,8,10,11,12,13,15,16,20,21,23
5093,2,3,4,7,11,12,16,17,18,21,23,24
5094,3,5,6,7,12,15,18,19,20,22,23,24
5095,2,3,5,8,11,12,13,16,19,20,23,24
5096,1,2,4,6,9,10,11,13,16,18,20,21
5097,1,2,3,4,5,7,9,11,13,14,18,22
5098,2,3,6,7,8,9,12,13,15,17,19,21
5099,2,3,5,7,8,9,14,17,19,21,22,23
5100,5,6,9,11,12,14,16,18,19,22,23,24
5101,1,2,3,4,10,13,15,16,18,19,20,23
5102,1,3,4,5,8,10,11,13,16,20,21,22
5103,1,2,3,4,5,6,7,8,12,20,23,24
5104,3,4,5,10,11,12,15,16,18,20,21,24
5105,1,2,8,14,15,16,17,18,21,22,23,24
5106,1,4,7,9,12,13,15,16,17,19,20,23
5107,2,4,5,8,10,11,14,15,17,18,19,20
5108,4,6,8,9,11,13,14,15,17,18,22,24
5109,2,3,4,5,8,10,12,16,20,22,23,24
5110,5,6,7,9,12,14,15,19,20,21,22,24
5111,1,4,7,8,9,10,11,12,17,18,19,20
5112,2,3,4,6,9,10,12,13,16,19,20,24
5113,4,8,11,13,14,17,18,20,21,22,23,24
5114,1,4,5,7,10,11,12,13,15,20,22,23
5115,3,6,7,10,11,12,14,15,16,17,18,21
5116,2,6,11,13,15,16,17,18,19,20,21,23
5117,1,3,8,9,11,15,18,19,20,21,22,23
5118,1,2,9,11,13,15,16,17,18,20,23,24
5119,2,4,8,9,14,16,17,18,19,20,22,23
5120,1,2,5,6,12,14,15,16,17,18,22,23
5121,6,7,9,10,11,12,16,18,19,20,21,24
5122,2,3,4,5,6,8,9,11,13,16,21,22
5123,2,4,7,9,13,15,18,19,20,22,23,24
5124,2,4,6,7,8,9,11,14,17,20,22,23
5125,1,2,5,6,7,11,13,17,20,21,22,24
5126,2,3,7,11,13,14,16,17,19,20,21,24
5127,3,5,6,10,11,13,14,15,17,18,19,21
5128,1,6,7,8,9,11,13,15,18,19,22,24
5129,2,5,8,9,10,13,14,15,16,17,19,22
5130,1,2,6,7,8,9,11,13,14,15,21,24
5131,1,4,8,10,11,12,15,16,18,21,23,24
5132,1,2,4,5,6,7,9,11,17,18,23,24
5133,2,5,6,7,10,12,13,17,18,20,22,24
5134,1,2,3,4,5,6,8,11,14,18,20,23
5135,1,2,5,7,8,11,12,13,16,17,20,22
5136,1,3,5,8,9,11,15,16,17,18,21,24
5137,1,6,8,10,12,13,14,15,18,19,22,23
5138,3,6,7,10,11,14,16,17,18,19,20,23
5139,1,4,7,10,11,12,13,14,16,18,19,20
5140,1,3,9,10,12,13,14,18,19,21,22,23
5141,1,2,3,4,5,6,7,8,18,19,21,23
5142,4,6,8,11,12,13,15,18,20,22,23,24
5143,1,2,4,5,6,9,13,15,16,21,22,23
5144,5,9,11,12,16,17,19,20,21,22,23,24
5145,1,3,5,8,11,12,13,16,17,22,23,24
5146,3,4,5,6,9,11,12,13,17,20,21,22
5147,1,3,5,6,9,11,12,14,17,19,20,24
5148,4,5,11,12,13,14,15,17,21,22,23,24
5149,2,5,7,9,12,15,17,19,21,22,23,24
5150,2,4,8,9,11,13,14,16,17,18,19,20
5151,6,9,12,13,14,15,16,17,18,19,21,24
5152,2,3,5,10,12,13,17,18,20,21,23,24
5153,7,9,10,11,15,16,18,19,20,21,22,24
5154,3,4,5,6,9,11,14,15,17,18,19,23
5155,2,3,10,11,12,13,15,19,20,21,23,24
5156,2,3,5,6,12,14,15,16,17,19,20,22
5157,1,3,5,6,7,9,10,12,14,18,21,24
5158,2,4,5,7,8,11,12,17,18,19,21,22
5159,2,3,7,9,10,11,13,14,18,19,21,22
5160,4,7,9,10,11,12,16,18,21,22,23,24
5161,1,3,6,7,11,13,14,16,17,18,21,24
5162,2,3,6,10,11,12,13,17,18,21,22,23
5163,2,5,6,10,11,15,18,19,20,21,22,23
5164,2,3,4,5,6,10,12,13,16,18,19,22
5165,3,4,5,6,11,12,14,15,18,19,21,22
5166,2,4,6,7,9,10,11,12,16,19,22,23
5167,1,2,6,10,12,13,14,15,18,19,21,24
5168,1,3,6,7,8,13,14,15,18,19,21,22
5169,1,4,6,7,11,13,14,15,17,20,22,23
5170,3,4,11,12,13,14,15,16,17,18,21,24
5171,3,4,6,9,10,11,12,13,14,15,19,21
5172,1,3,4,5,8,10,11,14,18,20,23,24
5173,1,2,3,9,12,13,15,17,19,21,22,23
5174,2,5,6,7,9,10,11,13,15,17,22,24
5175,3,5,6,7,11,14,15,16,20,21,23,24
5176,2,3,4,5,8,10,11,13,15,16,21,24
5177,1,2,3,4,5,7,8,9,10,12,15,24
5178,1,3,4,5,8,9,12,13,14,15,19,21
5179,2,4,5,7,8,9,13,14,15,20,23,24
5180,1,2,5,6,11,12,15,17,19,20,22,24
5181,3,4,6,7,8,9,13,17,19,20,21,24
5182,1,5,9,10,11,12,16,17,18,21,22,23
5183,4,7,8,10,11,14,15,17,18,21,22,23
5184,1,2,4,5,10,11,14,17,18,20,22,23
5185,1,3,4,7,9,10,11,15,16,17,23,24
5186,1,2,3,6,8,10,12,15,17,21,23,24
5187,2,4,7,8,10,11,15,16,17,19,20,21
5188,6,7,8,9,10,13,14,18,19,20,21,23
5189,1,3,4,5,7,9,11,13,14,15,16,23
5190,1,2,3,5,7,8,10,14,18,19,20,24
5191,1,2,8,10,13,15,17,18,21,22,23,24
5192,1,7,8,10,11,12,13,14,18,19,20,21
5193,2,3,4,9,10,11,12,13,16,20,21,23
5194,1,8,12,13,14,15,16,19,20,22,23,24
5195,1,2,3,4,5,6,8,9,14,15,17,20
5196,1,3,4,6,10,11,13,14,20,21,23,24
5197,1,4,6,7,8,9,12,14,18,20,22,24
5198,3,5,7,9,11,13,14,16,17,20,22,23
5199,1,2,5,7,11,12,13,15,17,19,20,22
5200,1,2,4,5,6,8,11,16,17,22,23,24
5201,1,2,6,7,10,16,17,19,21,22,23,24
5202,1,2,3,5,10,12,13,16,20,21,22,23
5203,1,2,4,5,6,9,12,14,17,18,21,22
5204,1,5,6,7,8,9,10,11,13,15,16,24
5205,1,3,8,12,13,14,15,16,20,21,22,24
5206,2,4,5,7,11,12,13,14,16,18,19,22
5207,1,2,3,4,6,8,10,11,13,17,22,23
5208,2,4,12,13,15,16,17,20,21,22,23,24
5209,1,3,9,11,14,16,17,18,20,21,22,23
5210,3,5,6,8,9,11,12,13,14,17,18,23
5211,1,2,3,4,8,9,12,15,16,20,21,22
5212,4,6,7,9,10,11,12,14,15,17,19,20
5213,2,4,6,7,8,9,10,12,14,19,20,24
5214,6,7,10,13,15,17,19,20,21,22,23,24
5215,1,2,3,4,7,10,11,13,17,19,20,23
5216,1,3,6,10,11,13,16,20,21,22,23,24
5217,1,3,5,6,8,10,11,16,18,20,22,23
5218,1,2,3,6,8,9,14,15,16,20,21,22
5219,1,5,6,9,10,15,16,18,20,21,22,24
5220,1,2,4,6,8,9,11,12,13,15,17,22
5221,3,4,9,10,12,13,14,16,17,22,23,24
5222,4,5,6,7,10,11,17,19,20,21,23,24
5223,1,4,5,6,7,12,14,16,18,19,22,23
5224,3,4,8,9,10,11,12,17,19,21,22,24
5225,2,6,11,12,14,15,16,17,20,21,22,23
5226,2,3,5,6,8,13,14,16,17,19,23,24
5227,5,6,7,9,13,14,17,19,20,22,23,24
5228,1,5,7,8,9,10,13,14,16,18,20,21
5229,2,4,5,7,8,10,16,19,21,22,23,24
5230,2,4,6,9,10,11,12,15,17,20,22,24
5231,1,3,6,7,9,10,12,14,18,19,22,23
5232,1,2,5,6,7,8,11,13,14,19,20,23
5233,1,2,3,4,7,9,14,15,16,17,18,23
5234,1,5,10,11,13,14,15,16,18,19,22,23
5235,2,3,6,7,8,10,12,13,18,21,23,24
5236,3,4,10,11,12,13,14,15,16,17,18,20
5237,1,2,3,5,8,11,12,15,18,19,21,23
5238,1,2,3,4,9,12,13,15,16,20,23,24
5239,1,2,3,4,7,11,12,13,16,17,21,22
5240,2,3,4,5,6,7,8,13,18,19,21,22
5241,5,6,7,9,11,12,13,15,17,18,19,20
5242,1,6,10,11,12,15,17,18,19,20,22,24
5243,2,3,6,8,9,12,15,16,18,19,20,21
5244,1,3,4,5,9,11,12,13,16,17,19,21
5245,4,5,7,8,10,11,15,16,18,20,22,24
5246,1,2,4,7,8,10,12,15,17,18,21,22
5247,1,2,4,9,10,14,15,16,19,21,22,23
5248,2,4,5,8,9,12,13,14,15,16,18,19
5249,2,3,4,6,7,9,10,16,17,20,23,24
5250,1,3,6,8,9,13,16,17,18,19,20,23
5251,2,3,6,8,9,12,13,15,16,19,21,23
5252,2,3,5,9,13,14,15,18,21,22,23,24
5253,1,4,5,6,7,8,9,14,15,16,21,24
5254,1,3,6,7,9,14,16,17,19,21,22,23
5255,1,2,4,6,8,9,12,13,14,18,22,23
5256,4,5,6,7,8,10,11,15,17,19,21,23
5257,1,3,4,5,8,11,13,14,18,20,22,23
5258,2,3,4,5,6,7,9,11,14,17,18,22
5259,1,2,5,6,7,8,9,10,14,20,21,22
5260,2,6,7,9,12,13,17,19,20,21,23,24
5261,1,3,6,7,10,13,14,15,16,17,20,21
5262,2,3,5,8,12,16,17,18,19,20,21,24
5263,4,6,9,12,14,16,17,18,19,20,21,24
5264,1,3,4,5,6,8,12,15,18,19,21,23
5265,1,3,5,7,8,9,10,11,13,19,20,21
5266,1,3,4,8,9,10,11,15,17,20,21,24
5267,1,3,6,9,10,14,15,17,19,20,23,24
5268,1,2,3,5,7,8,9,11,13,18,22,23
5269,1,2,3,4,5,8,9,12,13,18,23,24
5270,1,3,4,5,6,8,10,13,15,16,19,23
5271,4,6,7,8,9,11,14,15,17,21,23,24
5272,3,7,8,9,12,13,15,17,19,20,22,24
5273,1,2,4,8,9,11,15,16,18,19,21,24
5274,2,3,7,9,12,14,17,18,19,21,23,24
5275,1,6,7,8,10,12,13,15,16,17,21,22
5276,1,2,3,5,7,8,10,12,17,22,23,24
5277,1,2,4,7,10,12,14,18,19,20,23,24
5278,4,7,9,10,11,12,13,14,15,22,23,24
5279,2,6,7,8,10,13,15,17,19,20,21,23
5280,1,3,7,9,10,13,17,18,20,21,22,24
5281,1,2,6,8,9,10,11,15,17,21,23,24
5282,1,3,4,12,13,14,16,18,19,22,23,24
5283,6,8,9,12,15,16,17,18,19,20,21,24
5284,2,4,6,7,10,13,14,16,17,18,21,23
5285,1,4,6,7,11,14,15,16,17,19,20,21
5286,4,5,6,9,11,15,16,18,19,21,23,24
5287,2,3,4,6,8,10,15,16,18,21,22,24
5288,1,2,3,4,8,11,12,16,17,21,22,24
5289,2,6,8,10,12,13,14,15,16,17,20,22
5290,1,3,6,7,8,9,10,12,15,18,22,24
5291,2,6,7,8,9,10,12,13,14,17,21,22
5292,2,4,5,6,7,8,11,12,13,14,15,21
5293,3,4,5,6,7,11,14,15,17,19,22,24
5294,3,4,7,10,14,15,16,17,18,19,21,24
5295,1,2,3,5,6,8,14,15,18,20,23,24
5296,1,2,6,7,8,9,11,16,20,22,23,24
5297,3,5,6,7,8,9,14,16,18,20,21,24
5298,2,4,5,7,12,15,16,17,18,19,20,24
5299,1,2,6,8,9,11,12,14,17,19,20,24
5300,3,6,7,9,10,12,13,15,16,17,18,24
5301,1,5,6,7,10,11,13,15,18,21,23,24
5302,1,4,7,10,12,13,15,16,18,22,23,24
5303,2,3,4,6,11,12,14,16,18,19,21,22
5304,2,3,4,6,12,13,14,15,19,20,23,24
5305,3,5,7,8,9,12,13,17,19,20,21,23
5306,2,3,7,8,12,14,15,16,17,19,22,24
5307,3,5,6,9,14,15,16,18,19,21,22,24
5308,1,3,7,8,9,10,11,12,15,16,17,18
5309,4,7,9,10,14,15,17,18,19,20,22,24
5310,1,2,4,6,9,10,11,15,17,19,20,21
5311,2,3,5,7,11,13,16,17,18,21,22,24
5312,2,3,8,12,13,14,17,18,19,20,21,24
5313,3,4,6,7,8,9,11,12,15,16,21,24
5314,1,3,5,6,8,9,10,12,15,16,19,22
5315,3,5,11,13,15,16,17,18,20,22,23,24
5316,1,2,6,7,11,13,14,15,18,19,22,24
5317,3,6,7,9,11,12,14,15,16,18,19,23
5318,1,6,7,8,9,10,11,14,16,17,18,20
5319,2,3,6,8,9,12,14,15,17,20,23,24
5320,4,5,6,7,11,13,15,18,19,20,23,24
5321,1,2,4,9,12,13,15,16,17,18,19,22
5322,1,6,11,13,15,16,17,19,21,22,23,24
5323,1,2,7,11,12,15,17,18,19,21,23,24
5324,1,4,5,7,8,11,12,16,18,20,21,22
5325,5,9,10,11,13,14,16,17,18,21,22,24
5326,5,6,9,10,11,16,18,19,20,21,22,24
5327,2,3,4,6,7,9,10,11,13,17,19,23
5328,2,3,4,8,11,13,15,16,17,20,22,24
5329,3,5,7,8,12,13,14,16,17,18,21,24
5330,1,2,9,10,11,13,14,18,19,20,22,24
5331,3,4,6,7,8,11,12,18,19,21,22,24
5332,1,3,6,8,11,14,15,16,18,20,21,22
5333,1,6,7,8,11,12,14,15,16,17,18,24
5334,1,4,5,8,9,10,12,13,14,15,17,20
5335,1,2,5,6,7,10,11,12,20,21,22,23
5336,1,3,6,7,8,11,12,13,14,18,22,23
5337,1,3,5,6,7,10,12,13,15,16,18,23
5338,2,4,6,7,8,9,12,13,15,19,21,23
5339,3,7,8,10,11,14,15,18,20,21,23,24
5340,2,8,9,11,12,13,17,18,19,20,22,23
5341,3,7,8,9,13,15,16,17,18,19,20,24
5342,1,5,6,7,8,11,13,14,15,17,20,23
5343,1,3,4,5,7,8,9,14,17,18,20,24
5344,2,5,6,7,8,12,13,15,21,22,23,24
5345,1,2,6,8,10,11,12,15,18,19,22,24
5346,2,3,4,6,7,11,12,13,17,18,20,24
5347,1,2,4,7,9,11,15,16,17,18,20,24
5348,1,3,4,5,7,8,9,12,15,19,20,22
5349,2,5,7,8,9,10,11,14,19,20,23,24
5350,2,6,7,8,9,10,11,13,15,17,18,22
5351,2,3,4,8,9,10,12,14,17,19,20,21
5352,1,4,7,12,14,15,16,19,20,22,23,24
5353,1,5,7,9,14,15,16,18,19,21,22,23
5354,1,4,5,6,8,10,11,14,16,19,21,22
5355,3,4,5,6,8,10,11,12,14,17,18,24
5356,1,4,7,12,14,15,17,19,20,21,22,24
5357,1,2,4,8,9,10,12,14,15,18,19,23
5358,4,5,8,9,10,12,17,18,19,20,21,24
5359,1,2,3,4,5,10,12,15,17,21,23,24
5360,2,4,5,6,7,8,9,13,17,18,20,21
5361,2,3,4,5,9,11,13,14,19,20,21,24
5362,2,3,8,10,13,14,16,17,20,21,23,24
5363,4,5,6,9,11,13,14,17,19,20,22,24
5364,2,3,5,6,7,9,16,19,20,22,23,24
5365,1,4,5,6,10,13,15,16,18,19,20,23
5366,1,4,8,9,12,14,15,19,21,22,23,24
5367,2,3,5,8,9,10,12,14,15,17,21,24
5368,1,4,6,7,10,11,14,18,19,20,21,23
5369,3,5,7,9,10,11,12,13,17,18,21,22
5370,1,2,8,9,10,15,17,18,19,20,23,24
5371,1,2,5,6,10,11,12,17,18,19,21,22
5372,2,4,8,9,13,14,16,17,20,22,23,24
5373,3,7,10,11,12,13,14,15,16,18,23,24
5374,3,5,7,9,11,13,14,15,16,19,22,23
5375,1,2,3,10,11,15,16,18,20,21,22,24
5376,1,3,5,7,8,10,13,15,19,20,21,22
5377,1,4,6,7,8,15,16,18,20,21,22,24
5378,1,2,5,6,8,9,12,13,15,19,21,22
5379,1,3,6,10,12,13,14,15,16,17,22,23
5380,1,2,3,4,8,9,11,12,13,14,15,23
5381,1,3,4,7,8,11,13,14,21,22,23,24
5382,1,2,3,4,7,12,13,15,16,19,20,21
5383,1,4,5,6,9,10,12,15,16,18,20,23
5384,1,4,6,7,8,10,12,13,14,17,22,23
5385,1,2,6,7,9,10,11,12,15,16,19,22
5386,1,3,4,6,7,12,15,17,20,22,23,24
5387,1,2,4,6,8,10,13,15,17,19,21,24
5388,3,5,10,11,13,14,15,17,18,22,23,24
5389,1,3,4,8,9,11,13,14,17,19,20,23
5390,4,5,8,9,12,13,14,15,17,18,19,24
5391,2,3,7,12,15,16,17,18,20,22,23,24
5392,2,6,7,8,9,11,15,17,18,21,23,24
5393,1,4,7,8,9,10,11,12,14,16,19,23
5394,1,5,7,8,9,10,11,15,17,20,22,24
5395,4,8,9,10,11,13,16,17,18,20,22,23
5396,2,4,8,9,11,13,14,17,18,19,21,22
5397,1,5,6,7,8,9,10,12,13,21,22,24
5398,1,2,5,10,11,12,14,19,20,21,22,24
5399,4,6,8,9,10,12,13,14,15,16,18,21
5400,1,2,3,7,8,9,11,13,14,15,22,24
5401,4,5,7,8,10,13,16,17,19,20,22,23
5402,1,2,5,6,7,11,12,14,15,16,17,22
5403,1,5,6,7,8,9,10,12,13,15,18,21
5404,2,3,4,6,7,8,12,13,14,15,21,24
5405,1,5,6,8,9,12,14,15,18,19,23,24
5406,4,5,6,7,8,9,10,11,12,21,22,24
5407,3,4,8,10,11,14,17,18,19,20,22,24
5408,2,3,7,9,12,13,17,18,20,22,23,24
5409,1,2,4,5,6,8,9,12,15,19,23,24
5410,2,5,6,9,10,11,12,15,18,19,20,21
5411,1,4,7,8,9,11,13,14,16,22,23,24
5412,3,5,6,7,11,14,15,18,19,20,22,24
5413,1,2,5,7,8,9,12,13,14,18,19,20
5414,1,2,3,4,5,9,12,14,20,21,22,23
5415,1,2,5,7,8,9,10,15,16,18,20,23
5416,2,3,7,9,11,12,14,15,16,18,19,22
5417,4,6,7,8,9,10,12,13,17,22,23,24
5418,1,2,6,12,13,17,18,19,21,22,23,24
5419,1,2,5,6,9,10,14,16,19,20,22,23
5420,3,6,10,11,12,13,16,17,20,21,23,24
5421,1,4,5,7,10,15,16,17,18,22,23,24
5422,1,2,5,6,8,12,13,14,17,18,19,22
5423,2,4,6,8,11,13,15,17,18,19,20,24
5424,3,4,5,10,12,14,16,17,18,19,20,22
5425,1,2,3,7,9,10,14,18,21,22,23,24
5426,2,3,4,7,8,12,15,18,20,21,22,24
5427,1,2,4,5,8,11,14,15,17,18,22,24
5428,2,6,9,11,13,15,16,19,20,21,23,24
5429,3,4,5,6,7,9,10,12,14,16,18,23
5430,1,2,4,7,9,10,14,15,16,19,22,23
5431,2,4,7,8,10,11,14,16,18,19,20,21
5432,1,2,5,11,12,14,16,17,18,19,20,23
5433,3,4,5,7,10,12,14,15,16,21,22,24
5434,4,5,7,9,11,12,15,16,17,20,23,24
5435,7,8,13,14,15,16,17,18,20,21,22,23
5436,4,6,7,9,10,12,13,16,19,20,21,23
5437,5,6,7,10,13,14,15,16,18,21,23,24
5438,1,2,4,5,6,8,9,10,15,18,21,24
5439,1,7,8,10,12,14,16,17,19,20,21,24
5440,1,2,5,6,9,10,11,13,16,18,19,24
5441,1,2,5,6,9,10,13,15,16,17,18,24
5442,2,5,6,8,9,10,14,19,20,21,22,23
5443,3,4,6,8,9,10,11,14,17,18,20,21
5444,4,5,6,7,10,11,14,18,19,20,21,23
5445,1,2,4,6,7,10,12,13,15,20,21,23
5446,1,2,4,5,6,7,8,12,15,21,22,23
5447,1,4,5,6,13,14,17,18,19,20,21,23
5448,3,4,5,8,9,10,11,12,15,19,21,23
5449,6,7,10,13,14,16,17,18,19,21,22,24
5450,2,3,4,5,7,8,9,12,15,18,23,24
5451,6,11,13,14,15,16,18,19,20,21,22,24
5452,1,7,9,10,11,13,14,15,16,17,20,24
5453,1,4,7,9,10,11,12,13,14,19,20,24
5454,2,3,4,6,7,8,9,10,11,15,16,17
5455,1,2,3,4,5,7,8,10,13,14,15,22
5456,1,2,4,6,7,10,11,13,14,16,19,23
5457,1,5,7,10,12,13,14,17,18,20,22,23
5458,2,3,5,10,12,15,16,19,21,22,23,24
5459,1,2,5,7,8,12,13,15,16,20,23,24
5460,1,3,5,8,11,12,13,16,17,19,23,24
5461,1,4,6,7,8,10,12,15,18,20,21,24
5462,1,2,3,6,11,13,16,17,20,21,23,24
5463,1,2,4,10,11,12,13,15,18,19,20,24
5464,2,4,7,8,12,13,14,15,17,19,21,24
5465,1,3,4,6,7,11,16,17,19,20,23,24
5466,1,7,8,9,11,14,15,16,17,18,21,24
5467,1,3,6,10,11,12,14,16,18,20,21,22
5468,1,4,5,6,7,11,16,17,19,21,22,23
5469,2,3,4,5,8,11,16,17,19,22,23,24
5470,2,4,5,7,8,9,10,14,15,17,20,22
5471,1,3,5,6,11,14,17,19,21,22,23,24
5472,2,3,7,8,11,12,13,15,16,17,18,24
5473,1,6,7,10,13,14,15,16,18,19,22,24
5474,3,5,8,9,11,12,13,14,15,16,20,21
5475,2,3,6,8,10,13,14,15,16,17,20,21
5476,1,5,6,10,13,15,16,19,20,21,22,23
5477,2,5,6,8,13,14,15,19,21,22,23,24
5478,1,2,4,5,7,8,9,11,16,17,18,19
5479,1,2,3,4,5,6,9,11,13,15,18,19
5480,3,4,5,6,7,8,9,12,15,16,18,24
5481,7,11,12,13,15,16,17,19,20,21,23,24
5482,1,2,6,7,11,12,13,14,16,17,20,24
5483,2,4,6,7,8,10,12,16,17,18,19,23
5484,2,3,7,9,10,12,14,16,17,19,23,24
5485,4,7,8,9,15,16,17,18,20,21,22,24
5486,2,6,8,10,15,16,17,20,21,22,23,24
5487,1,5,6,7,8,11,15,16,21,22,23,24
5488,1,2,4,7,11,12,15,16,17,20,23,24
5489,3,4,7,9,12,14,16,17,19,22,23,24
5490,2,6,9,10,13,14,15,18,19,20,21,24
5491,1,4,5,6,7,11,12,13,15,16,22,24
5492,2,4,6,7,10,12,14,15,16,18,22,23
5493,1,2,3,6,8,9,11,12,15,16,18,24
5494,3,6,9,11,12,13,16,18,19,20,23,24
5495,1,3,4,7,8,12,14,15,16,19,20,22
5496,7,8,9,10,12,14,15,18,21,22,23,24
5497,1,2,9,10,11,12,13,17,19,22,23,24
5498,3,4,5,8,9,12,13,14,18,22,23,24
5499,1,3,4,5,8,11,12,18,21,22,23,24
5500,1,2,5,6,9,11,17,19,20,21,22,23
5501,1,2,3,4,7,9,10,11,18,20,21,24
5502,1,2,5,7,9,11,13,15,17,21,23,24
5503,3,4,5,7,8,10,11,15,16,18,19,20
5504,1,6,7,8,10,13,15,16,19,22,23,24
5505,1,2,6,8,9,10,12,13,15,18,19,20
5506,2,4,7,10,12,13,14,15,20,21,22,24
5507,3,4,5,8,9,13,14,17,20,21,22,24
5508,2,4,6,7,9,12,14,16,19,20,21,23
5509,1,2,3,4,7,8,10,11,12,16,19,23
5510,2,7,10,11,12,13,14,16,19,20,21,22
5511,1,3,5,11,13,16,18,19,20,21,23,24
5512,2,3,4,5,9,10,11,19,21,22,23,24
5513,1,3,9,11,15,16,17,20,21,22,23,24
5514,1,4,6,7,8,11,13,14,17,19,20,23
5515,1,2,3,5,11,13,14,15,17,22,23,24
5516,1,2,4,8,11,14,15,17,18,19,21,24
5517,2,5,6,7,8,9,10,11,13,16,19,20
5518,3,4,7,9,10,11,12,14,18,19,21,22
5519,2,3,6,8,9,11,15,16,17,20,22,24
5520,1,3,5,10,13,14,17,19,20,21,23,24
5521,1,3,4,5,7,9,12,16,17,19,21,23
5522,1,3,5,6,10,12,16,17,18,19,20,24
5523,2,4,5,6,11,13,15,16,17,18,23,24
5524,1,2,3,5,7,8,9,11,16,17,19,20
5525,1,4,5,8,12,13,14,17,19,20,22,23
5526,1,4,5,6,8,10,12,14,19,21,22,23
5527,1,3,5,7,12,14,16,18,19,21,23,24
5528,6,7,8,12,14,15,17,19,20,21,23,24
5529,2,4,5,6,7,14,16,17,18,19,22,24
5530,1,2,3,4,7,8,10,11,15,17,18,21
5531,4,5,6,9,11,12,13,16,18,19,20,22
5532,1,2,5,6,8,11,12,14,15,19,21,23
5533,1,3,5,7,8,13,15,19,20,21,23,24
5534,1,5,6,7,10,11,12,16,17,18,19,20
5535,3,5,7,8,9,13,14,15,16,18,19,23
5536,1,6,11,12,13,14,17,18,20,21,22,24
5537,2,3,4,5,6,7,8,11,13,14,16,20
5538,1,2,5,7,9,11,13,15,19,20,22,24
5539,3,5,7,10,11,12,13,15,18,19,21,24
5540,1,2,3,4,5,9,10,11,17,19,20,24
5541,2,3,4,5,6,7,11,14,17,20,22,23
5542,1,2,9,10,13,14,15,18,19,22,23,24
5543,3,4,7,8,10,11,12,14,17,19,21,24
5544,2,3,7,8,9,12,15,19,20,22,23,24
5545,1,3,4,6,8,11,12,13,16,19,23,24
5546,1,2,3,6,7,10,11,12,15,20,22,24
5547,1,2,4,5,7,9,12,14,16,22,23,24
5548,4,6,7,9,11,12,15,16,19,20,23,24
5549,4,7,10,11,12,13,14,15,16,18,22,23
5550,1,2,4,10,11,12,13,15,16,19,21,24
5551,1,5,6,7,9,11,12,13,15,17,18,22
5552,3,6,8,9,10,11,12,14,17,18,21,22
5553,1,2,3,9,10,12,16,18,20,21,23,24
5554,3,5,6,8,11,13,14,17,19,20,21,23
5555,1,2,3,4,5,6,8,9,15,16,20,21
5556,1,2,3,8,10,13,14,15,16,17,22,24
5557,1,5,6,7,9,11,12,14,16,17,19,20
5558,1,2,3,8,10,11,13,14,18,20,22,23
5559,2,3,5,8,11,12,13,14,16,20,21,23
5560,1,6,10,11,12,13,14,17,18,21,22,23
5561,1,2,5,6,12,13,15,18,19,22,23,24
5562,3,4,13,14,15,17,18,19,21,22,23,24
5563,2,4,5,7,8,9,12,14,19,20,21,22
5564,1,2,5,6,7,10,13,14,16,18,20,21
5565,2,3,4,5,7,9,10,14,15,19,20,24
5566,1,2,3,8,9,11,12,14,18,19,20,24
5567,1,2,3,4,6,7,8,9,14,18,21,22
5568,1,2,3,4,6,7,8,9,13,16,17,23
5569,1,4,6,9,10,12,16,18,19,20,22,24
5570,2,3,4,6,7,8,10,11,12,14,19,24
5571,1,2,4,5,7,10,12,13,14,15,23,24
5572,1,3,5,6,10,13,14,15,18,19,20,23
5573,2,3,6,7,10,11,12,14,19,22,23,24
5574,2,4,5,6,9,12,14,15,17,19,21,22
5575,3,4,5,6,9,10,13,16,17,19,23,24
5576,1,2,4,7,8,9,11,12,14,17,18,22
5577,1,2,5,6,7,8,10,11,14,15,20,21
5578,1,5,6,9,10,14,16,19,20,22,23,24
5579,1,3,5,6,9,11,15,17,19,21,22,24
5580,2,4,5,6,8,9,10,14,15,16,18,19
5581,1,2,4,5,7,8,10,15,16,18,20,23
5582,2,3,4,5,6,8,11,12,16,19,22,23
5583,1,5,8,9,10,11,14,16,19,21,22,23
5584,1,2,9,10,11,12,13,15,18,20,21,24
5585,1,4,5,6,8,11,13,15,21,22,23,24
5586,2,3,6,7,8,10,12,13,14,18,19,20
5587,2,5,6,9,10,11,12,15,16,17,18,23
5588,3,4,5,7,8,9,10,12,13,19,21,22
5589,1,3,6,8,9,10,13,14,20,22,23,24
5590,1,2,3,5,7,8,10,12,16,18,19,23
5591,2,3,6,10,11,12,14,18,19,22,23,24
5592,5,7,8,9,10,11,13,15,16,17,23,24
5593,2,4,6,8,13,14,15,17,18,19,20,24
5594,1,3,4,7,13,14,17,18,19,22,23,24
5595,1,2,3,5,6,8,13,14,15,20,22,23
5596,2,4,5,7,10,11,14,17,18,20,21,24
5597,5,7,8,9,10,15,16,17,18,20,22,24
5598,2,3,4,5,6,9,10,13,18,22,23,24
5599,1,4,5,8,10,11,12,15,20,21,22,24
5600,2,5,6,9,10,12,13,15,17,19,22,24
5601,1,3,4,5,6,8,14,15,16,17,22,24
5602,3,7,10,11,12,13,14,16,17,18,21,22
5603,1,2,3,4,5,7,11,13,14,17,20,23
5604,1,3,6,8,9,12,14,15,16,22,23,24
5605,2,4,5,9,12,14,15,17,18,19,22,23
5606,2,3,9,10,11,15,16,18,19,20,22,23
5607,2,3,5,6,7,9,12,13,14,15,18,23
5608,1,3,4,5,7,9,12,13,15,19,20,24
5609,1,2,4,5,6,11,12,14,17,18,21,24
5610,1,3,4,5,6,10,12,13,15,18,21,24
5611,4,7,9,10,11,13,16,17,18,19,23,24
5612,2,3,5,6,7,10,11,12,19,20,23,24
5613,4,6,7,9,12,13,15,17,20,21,22,23
5614,3,5,6,7,11,12,13,15,16,17,21,23
5615,1,3,4,9,12,13,14,16,17,20,23,24
5616,1,6,7,8,9,10,11,14,17,21,22,24
5617,1,3,4,8,10,12,18,19,20,22,23,24
5618,1,3,4,6,7,11,14,15,16,18,19,24
5619,2,4,5,8,12,13,18,19,20,21,22,24
5620,1,2,3,4,5,8,10,12,13,15,16,20
5621,1,2,5,8,9,14,15,16,18,19,20,24
5622,1,3,7,10,12,14,17,18,19,20,23,24
5623,2,5,7,8,9,10,12,15,18,19,20,23
5624,1,4,5,6,8,9,10,13,19,20,23,24
5625,3,7,8,9,10,11,13,15,17,19,22,24
5626,2,3,6,9,10,11,12,13,14,19,20,24
5627,1,4,5,7,9,14,16,18,19,20,22,24
5628,1,5,6,7,9,10,15,17,19,20,21,22
5629,2,3,5,6,7,9,15,17,18,20,22,24
5630,2,5,9,10,13,16,17,18,19,20,21,22
5631,1,3,6,7,8,12,16,17,18,19,22,24
5632,1,3,4,5,10,15,16,18,19,21,23,24
5633,1,2,3,7,8,9,10,13,14,18,19,22
5634,6,10,13,14,15,16,17,18,19,20,22,24
5635,1,2,6,9,14,15,16,18,19,21,22,23
5636,2,3,6,10,11,13,15,17,20,21,22,24
5637,2,4,8,10,12,13,14,15,17,19,22,24
5638,1,6,7,8,9,12,13,14,16,19,21,24
5639,2,6,7,10,12,16,17,18,19,20,23,24
5640,3,6,7,12,13,14,15,18,19,21,22,23
5641,5,6,7,9,13,14,15,16,17,20,21,24
5642,3,4,5,7,10,11,14,16,17,18,20,21
5643,2,6,8,9,12,14,15,16,17,19,22,24
5644,1,4,5,6,9,11,13,16,17,18,19,23
5645,1,5,6,7,8,11,13,14,16,18,22,23
5646,1,2,5,7,10,12,13,15,17,19,21,23
5647,2,3,5,6,7,9,11,16,17,19,22,23
5648,1,2,3,4,8,11,12,17,18,19,21,22
5649,6,7,8,9,10,11,13,17,18,20,21,22
5650,1,3,4,5,8,10,11,12,15,16,17,21
5651,2,3,4,5,9,11,15,17,19,21,22,23
5652,3,4,5,6,7,8,11,15,20,22,23,24
5653,2,7,9,10,11,12,13,14,17,19,21,24
5654,1,4,8,9,10,11,13,14,15,16,19,24
5655,2,5,6,9,10,11,16,17,19,21,23,24
5656,2,4,9,11,13,14,15,17,19,20,21,23
5657,1,2,3,4,5,8,14,15,16,18,20,24
5658,3,6,7,8,9,12,15,16,17,20,22,23
5659,3,6,7,9,10,13,14,17,19,20,21,23
5660,1,2,5,8,10,11,13,16,20,21,23,24
5661,3,4,5,6,10,11,12,15,16,17,18,19
5662,1,2,3,6,8,11,12,16,18,19,20,24
5663,2,3,5,7,9,14,15,16,19,20,22,23
5664,2,4,5,9,10,12,15,16,18,19,22,23
5665,3,4,7,9,10,16,17,19,20,21,22,24
5666,3,6,7,9,10,12,13,15,16,17,20,23
5667,2,3,4,5,7,12,14,15,16,18,22,24
5668,1,2,3,10,12,14,15,16,17,18,20,24
5669,5,6,7,10,12,13,15,16,18,19,21,23
5670,1,2,3,5,6,9,10,14,18,20,22,23
5671,1,4,6,7,9,13,15,17,18,21,23,24
5672,1,2,4,8,10,12,13,15,21,22,23,24
5673,4,8,10,11,12,13,15,16,19,21,23,24
5674,1,2,6,7,8,13,14,15,19,21,22,23
5675,1,2,3,12,15,16,18,19,20,21,22,24
5676,2,4,5,6,8,11,14,15,17,18,20,24
5677,1,5,6,7,8,10,14,15,18,19,22,23
5678,1,2,3,4,5,8,10,15,18,20,23,24
5679,1,5,7,8,9,12,13,15,17,18,21,24
5680,4,5,6,8,11,12,13,17,19,21,23,24
5681,1,3,4,7,8,10,11,14,16,21,22,24
5682,2,4,5,8,9,10,13,17,20,21,22,24
5683,1,5,10,11,13,14,15,16,17,19,21,23
5684,1,4,5,7,12,14,15,16,18,21,23,24
5685,1,2,3,4,5,6,9,10,12,20,22,24
5686,2,4,8,9,11,12,16,17,19,22,23,24
5687,4,5,6,7,13,14,15,17,20,21,22,24
5688,1,3,8,9,10,11,12,13,17,18,20,23
5689,1,6,10,13,14,15,18,19,20,21,23,24
5690,1,4,7,11,12,15,16,17,19,21,22,24
5691,1,2,3,4,5,6,15,16,17,19,22,24
5692,1,5,6,8,9,10,12,13,16,19,22,23
5693,1,6,7,10,11,12,15,16,17,18,19,23
5694,3,4,6,7,9,11,13,14,15,19,23,24
5695,1,9,10,11,13,15,16,17,18,19,20,22
5696,2,4,6,7,8,9,10,16,18,21,23,24
5697,4,5,7,9,12,14,16,17,18,19,22,23
5698,1,2,3,4,5,6,9,13,14,15,20,21
5699,3,4,9,10,11,13,15,16,19,20,22,23
5700,5,8,10,11,12,13,14,15,16,17,18,19
5701,2,4,6,9,10,11,14,16,18,20,22,24
5702,1,2,5,9,10,11,15,16,20,22,23,24
5703,2,3,6,12,14,15,16,18,20,21,22,23
5704,2,3,10,12,14,15,16,18,21,22,23,24
5705,1,3,4,5,7,9,10,15,19,20,22,24
5706,1,3,5,10,12,14,15,16,18,21,22,23
5707,2,4,5,7,9,11,12,14,17,18,19,21
5708,1,8,9,10,12,14,16,17,18,19,23,24
5709,3,4,6,7,8,12,13,14,17,18,20,24
5710,1,3,5,9,10,11,13,14,19,21,22,24
5711,3,4,10,11,12,13,15,16,17,19,21,23
5712,1,2,3,4,5,7,9,10,11,18,20,23
5713,3,9,10,11,14,15,16,18,20,22,23,24
5714,2,5,10,11,12,13,14,17,18,19,22,23
5715,1,2,3,4,5,6,8,15,16,17,19,23
5716,2,4,5,6,10,13,15,17,18,20,21,23
5717,1,3,4,6,7,8,9,11,13,16,18,22
5718,1,4,5,6,7,8,11,15,16,17,22,23
5719,1,2,3,7,10,13,15,17,18,20,22,23
5720,1,2,3,4,5,9,10,13,16,18,19,22
5721,2,4,6,8,9,10,12,14,15,17,19,23
5722,5,6,8,9,10,12,14,15,16,18,20,23
5723,1,2,3,5,6,9,12,13,15,16,17,22
5724,1,2,4,7,10,13,14,15,17,18,19,22
5725,1,3,4,8,9,10,11,12,13,15,16,20
5726,1,2,3,5,10,12,14,15,17,20,22,23
5727,1,5,6,9,11,12,13,14,16,17,18,20
5728,1,5,7,8,12,16,17,19,20,21,22,23
5729,2,3,8,9,10,11,12,13,16,17,20,23
5730,2,10,12,13,16,17,18,19,21,22,23,24
5731,1,2,4,6,7,9,12,13,14,15,20,23
5732,1,3,6,7,9,10,16,18,19,22,23,24
5733,1,6,7,9,10,13,14,16,17,20,21,24
5734,1,5,6,7,8,13,14,15,19,21,23,24
5735,3,5,6,7,9,12,13,15,17,18,19,24
5736,1,4,6,7,8,9,10,12,14,17,18,23
5737,1,2,4,6,8,10,11,12,14,16,20,22
5738,3,4,5,6,7,10,11,13,17,18,23,24
5739,1,3,4,5,7,8,9,10,11,14,18,19
5740,5,7,10,11,12,18,19,20,21,22,23,24
5741,1,2,3,9,11,12,13,15,17,18,21,23
5742,1,5,7,10,11,12,14,15,17,18,20,24
5743,3,4,6,8,10,12,13,15,17,18,22,23
5744,1,2,3,5,7,8,9,10,17,18,19,24
5745,1,3,6,7,8,9,11,12,14,16,19,20
5746,1,2,3,4,7,8,10,13,16,18,21,24
5747,3,4,5,6,7,8,14,15,17,20,23,24
5748,2,5,6,10,11,12,14,17,19,20,21,23
5749,3,6,7,8,10,12,16,18,21,22,23,24
5750,2,5,6,9,10,11,12,14,16,18,21,24
5751,1,5,6,8,9,11,15,16,18,19,20,22
5752,1,3,6,7,9,14,15,17,18,20,21,24
5753,2,5,9,10,12,13,14,15,16,17,21,23
5754,2,3,6,7,12,14,19,20,21,22,23,24
5755,2,5,7,8,9,13,15,17,18,19,22,23
5756,3,6,11,12,14,15,16,18,20,22,23,24
5757,2,3,5,6,8,10,11,15,18,19,20,24
5758,1,2,4,5,6,9,11,13,15,17,23,24
5759,3,4,6,7,8,11,12,14,15,16,17,23
5760,1,2,3,6,8,11,12,19,20,21,22,24
5761,1,2,3,5,6,7,12,13,15,17,21,22
5762,5,8,10,11,12,13,14,16,17,21,22,24
5763,1,2,4,8,9,10,12,14,18,19,22,23
5764,2,3,5,7,9,12,13,14,15,16,18,21
5765,2,3,5,8,10,12,14,15,16,21,23,24
5766,2,3,4,5,8,10,12,13,16,18,22,24
5767,3,4,5,8,9,12,16,17,18,20,21,22
5768,1,2,3,4,8,13,15,16,19,22,23,24
5769,1,3,4,5,6,8,10,11,13,17,22,24
5770,3,5,8,9,11,12,13,14,15,19,20,24
5771,3,4,10,11,13,15,16,17,18,19,20,24
5772,3,7,8,12,13,14,15,17,18,19,22,23
5773,3,4,6,7,8,9,10,12,14,19,23,24
5774,3,4,7,10,11,12,13,16,20,22,23,24
5775,1,4,5,7,8,9,11,12,18,22,23,24
5776,1,2,4,7,8,9,13,14,15,20,22,24
5777,1,3,4,5,6,7,10,11,13,14,19,20
5778,2,3,4,5,6,7,9,13,14,16,18,20
5779,1,2,3,9,11,12,13,14,16,17,20,24
5780,1,3,4,6,7,9,11,12,13,14,15,22
5781,1,2,3,4,6,8,10,16,17,18,19,23
5782,1,3,4,7,8,9,10,11,18,20,21,23
5783,3,5,6,7,9,10,11,15,20,22,23,24
5784,2,3,5,9,10,11,12,14,19,21,22,24
5785,4,5,9,10,11,12,13,15,16,17,18,21
5786,2,6,7,10,11,13,16,17,18,20,21,24
5787,3,5,6,8,12,14,15,17,20,21,22,23
5788,1,5,6,7,10,11,12,14,16,17,20,21
5789,1,4,5,7,10,11,12,15,16,18,19,21
5790,1,3,4,5,7,8,11,12,13,16,20,21
5791,2,3,4,5,6,7,9,10,12,15,16,20
5792,1,2,5,10,12,13,15,18,19,21,22,24
5793,1,2,3,5,7,8,9,17,18,20,21,23
5794,1,2,3,4,7,10,12,13,15,18,19,24
5795,1,5,7,8,9,11,12,14,15,19,20,22
5796,8,10,11,12,13,14,15,16,17,19,21,23
5797,1,3,4,5,7,9,10,12,13,20,21,22
5798,1,4,5,7,9,10,11,12,14,15,16,19
5799,2,3,4,5,9,10,11,15,19,21,22,24
5800,1,2,3,5,6,7,9,12,14,16,17,20
5801,1,2,3,4,12,14,15,16,17,19,21,24
5802,1,6,8,12,13,14,15,16,18,19,20,24
5803,1,12,13,14,15,16,17,18,19,20,21,22
5804,1,3,4,5,6,11,13,16,17,18,23,24
5805,6,9,13,14,15,16,17,18,20,21,22,23
5806,1,2,3,5,7,9,10,12,13,21,22,24
5807,1,6,7,11,12,15,16,17,18,20,22,24
5808,1,4,5,7,8,9,11,13,15,17,21,23
5809,2,3,7,8,10,12,13,14,16,18,19,23
5810,1,2,3,6,7,10,12,13,15,16,20,21
5811,4,5,8,9,11,13,14,15,17,18,21,24
5812,3,4,5,6,8,10,13,14,16,19,20,24
5813,1,2,4,7,8,9,13,14,15,16,19,23
5814,2,4,5,8,11,13,14,15,17,19,22,23
5815,1,2,3,5,9,10,11,12,13,15,19,20
5816,1,2,4,7,9,11,12,13,14,16,19,22
5817,1,2,3,4,7,8,10,16,17,20,23,24
5818,1,3,5,6,8,9,10,13,17,18,19,23
5819,4,5,8,9,13,14,16,17,20,21,22,24
5820,2,8,10,11,12,14,15,16,20,22,23,24
5821,1,4,6,7,8,9,10,11,17,20,21,23
5822,1,6,8,10,11,12,13,15,18,19,20,21
5823,1,3,5,6,7,9,14,16,17,18,21,23
5824,1,8,9,11,12,14,17,18,19,20,21,22
5825,10,11,13,14,15,16,17,18,20,21,22,24
5826,2,3,5,8,10,11,14,18,19,20,22,24
5827,2,3,6,7,9,12,14,16,19,20,22,24
5828,3,4,6,7,13,16,17,18,19,22,23,24
5829,2,4,7,9,10,11,13,16,18,20,21,22
5830,1,3,4,5,6,7,10,17,18,19,22,24
5831,2,7,8,10,11,13,14,17,18,19,22,24
5832,2,4,5,7,8,11,14,19,20,21,23,24
5833,2,3,4,5,6,7,8,11,13,14,16,24
5834,1,2,4,8,9,10,13,14,18,19,21,24
5835,1,5,7,12,13,14,16,18,19,21,22,24
5836,1,2,3,5,6,9,10,12,13,14,15,16
5837,1,2,5,7,9,10,12,13,14,15,16,22
5838,1,2,4,6,8,9,13,14,17,21,22,24
5839,1,2,4,8,9,13,14,15,17,19,20,22
5840,2,3,4,6,8,9,13,15,18,19,20,21
5841,1,3,6,7,9,11,12,15,17,19,20,21
5842,2,3,5,7,9,11,12,14,17,18,21,24
5843,1,4,5,7,9,11,14,18,19,21,22,24
5844,2,3,6,7,9,16,17,18,20,21,22,24
5845,5,6,7,8,14,17,18,19,21,22,23,24
5846,3,5,7,8,9,10,11,17,20,21,22,23
5847,1,2,4,5,6,10,12,16,17,21,22,24
5848,2,3,6,8,12,13,15,17,18,19,20,21
5849,1,3,6,8,9,12,14,15,16,17,19,23
5850,2,3,4,5,6,9,11,13,15,16,17,18
5851,3,5,6,9,11,13,14,17,18,19,23,24
5852,1,3,5,6,7,9,13,15,16,18,19,22
5853,2,3,6,9,10,11,16,18,19,21,22,24
5854,1,4,6,8,11,12,13,15,17,18,19,24
5855,1,2,7,8,11,12,14,16,18,19,20,22
5856,1,3,4,7,8,9,10,18,19,21,22,23
5857,3,4,7,8,9,15,17,19,20,22,23,24
5858,1,2,3,7,8,10,11,13,14,15,19,22
5859,1,3,5,6,10,11,14,15,16,18,21,22
5860,2,3,4,9,10,13,15,17,20,21,22,24
5861,4,5,7,9,10,12,14,15,17,20,23,24
5862,1,2,3,5,8,9,10,12,14,17,20,21
5863,5,7,10,12,13,17,18,19,20,21,22,23
5864,2,4,9,10,11,14,15,16,17,21,23,24
5865,3,4,5,7,8,9,10,11,12,13,21,23
5866,3,6,10,12,13,14,15,16,19,20,22,23
5867,2,6,7,8,9,11,12,16,17,19,20,24
5868,1,2,9,10,12,13,15,19,20,22,23,24
5869,1,6,7,8,9,14,15,17,18,21,22,24
5870,1,2,4,6,7,9,12,14,16,18,20,22
5871,1,3,4,5,6,10,11,12,16,17,20,21
5872,2,3,6,8,10,11,13,14,15,16,18,21
5873,1,2,5,10,11,13,14,15,17,18,19,20
5874,4,6,8,9,12,13,14,15,17,18,20,24
5875,1,5,7,8,11,14,15,17,19,21,22,23
5876,5,6,9,10,12,13,15,16,17,18,22,24
5877,1,2,3,5,9,11,12,16,18,19,21,22
5878,2,3,4,6,10,11,15,16,17,20,22,24
5879,3,4,5,7,8,15,16,17,19,22,23,24
5880,1,2,3,5,6,8,12,17,18,21,22,23
5881,1,2,3,4,6,8,15,17,19,20,21,22
5882,1,2,4,5,7,8,10,12,14,16,21,24
5883,2,8,11,12,13,14,17,18,19,21,22,24
5884,4,5,6,7,8,12,15,16,17,18,22,24
5885,4,5,7,9,10,12,17,18,20,21,22,23
5886,1,2,3,6,8,9,11,12,14,15,18,24
5887,2,3,4,7,8,11,12,13,16,19,22,23
5888,3,7,9,12,13,14,16,18,19,22,23,24
5889,1,3,5,6,7,11,12,13,15,16,19,24
5890,1,4,5,7,10,11,12,13,14,18,23,24
5891,2,4,6,8,9,10,12,15,17,18,21,24
5892,1,4,5,6,8,10,12,13,14,15,21,22
5893,1,2,3,4,5,8,15,18,19,21,23,24
5894,1,4,6,7,8,13,15,16,17,18,21,22
5895,1,3,5,6,7,11,12,14,16,17,18,24
5896,4,6,7,9,10,12,13,15,19,21,22,24
5897,4,5,6,8,10,11,14,17,19,20,21,22
5898,1,2,3,4,6,8,14,15,16,18,22,23
5899,1,2,3,4,5,7,8,9,11,16,18,19
5900,1,6,7,9,10,11,12,14,15,16,19,20
5901,1,2,7,10,12,14,15,17,19,22,23,24
5902,1,4,6,7,13,15,16,19,20,21,22,24
5903,2,4,6,7,12,15,17,19,20,21,23,24
5904,1,2,3,6,7,8,10,11,13,18,22,23
5905,2,3,6,7,8,9,10,14,15,16,18,23
5906,1,3,6,7,9,13,16,20,21,22,23,24
5907,1,2,5,6,8,13,14,16,17,18,23,24
5908,3,5,6,8,9,11,13,14,16,22,23,24
5909,2,5,6,7,8,12,14,15,16,20,23,24
5910,1,3,5,7,9,12,14,16,20,21,22,23
5911,1,2,6,7,8,9,13,14,16,19,22,23
5912,1,3,6,7,8,10,11,13,15,17,19,22
5913,1,3,4,5,10,13,16,17,18,20,22,24
5914,2,3,5,9,10,11,14,15,16,18,19,22
5915,1,2,3,6,8,11,13,15,16,18,20,23
5916,1,2,5,8,9,12,13,14,15,16,17,24
5917,4,8,9,10,11,13,15,16,19,22,23,24
5918,4,5,6,7,8,9,13,14,16,18,20,22
5919,1,3,6,9,10,11,13,15,16,19,22,23
5920,1,4,5,6,13,14,16,17,18,19,23,24
5921,1,7,10,11,12,13,14,15,20,21,23,24
5922,1,2,4,5,9,12,15,17,20,21,22,24
5923,1,2,3,4,6,7,10,13,18,19,23,24
5924,2,4,5,6,7,8,12,14,18,19,21,22
5925,2,5,8,10,11,12,13,15,16,19,21,22
5926,1,2,6,8,9,11,12,15,16,19,20,24
5927,1,2,4,5,12,13,15,16,17,18,19,20
5928,2,3,4,5,7,9,12,13,16,18,20,23
5929,2,6,7,9,14,15,16,17,19,20,23,24
5930,1,2,3,4,7,13,14,18,19,21,23,24
5931,1,2,3,5,7,8,10,13,18,20,21,22
5932,2,7,9,10,11,13,14,15,16,20,21,24
5933,1,2,4,5,6,8,15,16,17,18,20,24
5934,1,3,6,9,10,15,16,17,18,20,21,22
5935,1,3,4,5,6,7,8,11,12,15,18,23
5936,1,2,4,6,7,9,10,13,15,16,18,23
5937,2,3,5,7,8,11,16,17,18,19,20,24
5938,2,4,6,7,8,14,15,18,19,20,22,24
5939,2,4,5,7,10,13,14,15,18,19,20,21
5940,1,2,4,7,9,15,16,17,18,19,23,24
5941,4,6,7,8,9,11,12,13,20,21,22,24
5942,1,3,5,6,7,8,15,16,20,21,22,23
5943,2,3,4,6,7,8,10,14,16,17,19,20
5944,1,2,3,5,7,8,11,12,14,16,21,22
5945,1,2,3,4,6,7,13,14,15,16,20,22
5946,1,4,6,9,11,13,14,16,17,20,22,24
5947,2,3,4,9,11,14,15,16,17,18,23,24
5948,1,2,4,5,7,10,12,19,20,21,23,24
5949,5,6,8,10,11,13,14,17,18,19,20,22
5950,1,3,4,5,6,10,11,12,14,15,19,20
5951,2,4,6,9,10,12,14,15,17,22,23,24
5952,1,2,4,9,12,14,15,16,17,18,22,23
5953,2,5,6,9,10,11,14,15,19,21,22,23
5954,2,4,6,7,12,14,17,18,21,22,23,24
5955,1,4,5,7,10,12,14,15,16,17,23,24
5956,1,6,7,8,10,11,12,16,17,18,22,24
5957,1,4,5,7,8,12,15,16,17,18,19,22
5958,3,4,9,11,14,15,16,17,20,21,22,24
5959,1,2,3,4,5,6,7,9,12,13,19,21
5960,1,6,8,11,12,13,14,16,17,19,22,23
5961,2,3,6,7,10,13,15,16,18,19,21,24
5962,3,4,5,10,11,14,15,17,20,21,23,24
5963,2,9,12,13,14,16,17,18,19,21,22,23
5964,2,3,4,5,6,8,12,13,14,16,19,24
5965,1,2,7,8,10,11,17,18,19,20,21,24
5966,2,3,5,6,8,16,17,18,21,22,23,24
5967,1,2,3,4,7,8,9,13,16,17,22,24
5968,1,4,6,7,9,10,13,14,17,19,20,22
5969,2,4,6,8,9,12,15,16,19,22,23,24
5970,3,8,10,11,13,16,17,18,20,21,23,24
5971,5,6,7,8,10,11,12,14,17,18,23,24
5972,1,3,4,6,7,11,12,14,15,17,21,22
5973,2,4,5,10,13,14,16,19,20,21,23,24
5974,1,2,3,4,6,7,8,10,14,15,21,24
5975,1,2,3,6,7,8,10,14,18,21,23,24
5976,1,4,5,10,12,16,17,18,19,21,22,23
5977,7,12,13,14,15,16,17,18,20,22,23,24
5978,1,2,4,6,9,10,12,18,20,21,22,23
5979,2,3,5,6,8,10,11,12,16,21,23,24
5980,1,7,8,10,11,14,18,19,20,21,22,24
5981,3,5,6,7,9,10,12,14,16,21,22,24
5982,1,4,5,7,8,9,13,16,20,22,23,24
5983,1,4,10,12,14,16,18,19,21,22,23,24
5984,1,4,5,6,7,12,15,18,20,21,22,24
5985,1,4,5,6,9,11,12,14,16,17,20,22
5986,2,7,8,9,10,11,16,17,19,21,23,24
5987,1,2,8,10,12,13,14,17,20,21,23,24
5988,1,5,6,7,10,13,14,15,17,19,23,24
5989,1,2,4,7,8,10,12,13,15,19,20,21
5990,4,8,11,13,14,15,17,18,19,20,22,24
5991,2,3,4,5,8,9,10,11,13,15,17,24
5992,1,2,4,7,12,15,16,18,19,20,23,24
5993,2,3,5,6,8,9,10,11,20,21,23,24
5994,1,2,3,9,12,16,17,18,20,21,22,23
5995,4,5,6,7,8,11,14,15,20,21,23,24
5996,3,9,11,12,13,16,17,18,20,22,23,24
5997,1,2,5,7,8,10,11,12,16,19,21,23
5998,4,6,7,8,9,10,12,13,15,18,23,24
5999,5,6,8,9,11,12,13,17,19,22,23,24
6000,2,3,4,7,8,9,11,13,14,17,21,23
6001,1,2,4,5,6,11,12,13,19,22,23,24
6002,1,2,4,7,8,10,13,16,17,21,22,24
6003,2,4,5,8,9,11,13,14,15,17,21,22
6004,4,5,6,8,9,10,13,16,17,21,23,24
6005,1,3,5,6,11,12,14,15,17,19,21,24
6006,1,2,3,9,11,12,14,15,16,20,22,23
6007,1,2,3,4,5,8,9,12,13,16,17,19
6008,1,3,6,7,8,10,13,17,18,20,22,23
6009,6,8,9,11,12,14,17,18,19,20,21,23
6010,5,8,9,10,11,12,13,14,17,21,22,24
6011,4,6,9,10,11,13,14,18,19,20,21,23
6012,2,3,7,8,12,13,14,15,16,18,21,23
6013,1,2,5,6,7,9,13,15,16,18,20,21
6014,1,2,3,5,9,12,14,15,19,20,22,24
6015,1,2,3,5,7,11,12,18,19,20,22,24
6016,1,4,5,8,11,13,14,15,19,20,23,24
6017,3,4,6,7,10,11,12,13,15,17,19,24
6018,3,4,5,11,14,15,16,17,20,21,22,23
6019,1,2,12,14,16,18,19,20,21,22,23,24
6020,3,6,8,9,13,14,15,18,20,22,23,24
6021,1,4,5,7,9,11,12,13,15,16,23,24
6022,4,5,6,7,8,9,11,13,15,18,19,24
6023,1,2,3,4,5,6,10,12,14,20,21,22
6024,1,3,6,8,9,13,15,17,18,19,20,22
6025,5,6,9,11,12,14,15,16,19,20,21,22
6026,1,3,4,5,8,9,10,11,18,19,21,22
6027,2,3,4,8,11,12,14,17,18,19,20,21
6028,1,2,3,4,7,11,14,16,17,18,21,24
6029,3,5,8,11,12,13,14,15,16,19,22,23
6030,1,2,4,6,8,11,12,16,17,18,21,24
6031,2,3,7,9,11,12,14,17,19,20,21,23
6032,3,6,7,8,9,11,14,17,18,19,21,22
6033,1,2,3,4,6,9,11,12,13,14,20,23
6034,2,5,6,8,13,14,15,16,17,18,19,24
6035,2,3,4,6,7,9,10,12,16,17,18,20
6036,1,2,4,6,10,16,17,18,19,21,22,24
6037,1,2,4,9,10,11,13,15,16,17,19,24
6038,1,2,4,6,8,10,11,14,19,20,22,23
6039,1,6,7,8,9,10,11,15,18,19,20,22
6040,1,5,7,9,10,12,13,14,19,20,23,24
6041,3,5,7,8,10,11,12,15,16,17,18,24
6042,1,2,3,7,8,10,11,13,14,17,22,23
6043,1,4,6,8,10,12,14,15,19,20,22,23
6044,2,3,5,12,15,16,17,18,20,21,22,24
6045,3,4,7,12,14,15,16,17,18,20,23,24
6046,1,3,7,8,9,11,13,16,17,18,19,20
6047,1,5,7,10,11,13,17,18,20,21,22,23
6048,1,2,5,7,12,16,17,18,20,21,23,24
6049,1,4,5,6,8,9,12,14,18,21,23,24
6050,7,8,9,10,12,15,17,18,19,21,23,24
6051,1,4,5,6,7,8,9,10,11,14,16,22
6052,2,4,5,11,12,16,18,19,20,22,23,24
6053,1,2,3,4,5,7,10,15,17,18,23,24
6054,2,3,4,5,6,11,16,18,20,22,23,24
6055,1,2,3,6,9,10,11,18,19,20,23,24
6056,1,3,5,8,9,10,12,13,14,16,21,23
6057,1,2,4,5,6,8,10,11,14,15,16,23
6058,3,5,6,9,10,14,16,17,18,19,20,24
6059,1,5,7,8,9,11,13,17,18,21,23,24
6060,1,7,9,10,12,13,14,15,17,19,20,21
6061,1,4,5,6,7,11,12,14,15,16,18,21
6062,1,3,4,5,7,8,10,11,12,13,19,23
6063,1,3,6,7,10,11,12,14,17,20,23,24
6064,1,3,7,9,10,11,12,13,14,16,21,22
6065,1,2,7,8,10,11,14,19,21,22,23,24
6066,2,4,5,6,9,10,11,12,15,18,20,23
6067,1,3,7,9,10,12,14,18,19,20,21,24
6068,3,4,5,6,7,9,13,14,17,19,22,24
6069,1,2,3,5,6,8,10,14,17,20,21,24
6070,1,3,5,8,10,11,14,15,16,19,22,24
6071,1,3,4,5,6,7,10,14,20,21,22,24
6072,3,5,8,9,10,12,13,15,16,17,22,23
6073,6,10,12,13,14,16,17,18,19,22,23,24
6074,1,5,7,10,11,12,13,17,18,20,21,23
6075,1,2,3,6,9,13,14,15,16,17,18,21
6076,1,4,5,7,8,10,13,14,15,16,19,21
6077,1,2,3,7,10,11,12,14,16,18,22,24
6078,2,5,6,7,8,12,13,15,16,17,21,24
6079,2,3,4,7,8,9,12,13,17,19,20,22
6080,2,4,5,6,8,11,12,15,17,19,20,21
6081,2,4,6,8,9,10,12,13,16,20,23,24
6082,3,4,5,6,7,8,9,10,13,15,20,24
6083,2,4,6,7,8,13,15,16,17,19,20,23
6084,1,2,4,11,12,16,17,18,20,22,23,24
6085,2,5,6,9,10,11,13,16,21,22,23,24
6086,3,5,8,11,12,13,15,16,17,18,21,24
6087,2,4,6,7,11,12,14,15,20,21,23,24
6088,1,3,5,6,7,10,11,14,15,20,21,22
6089,2,3,4,8,10,11,13,14,15,19,21,23
6090,2,6,7,9,10,15,17,18,19,20,21,23
6091,3,5,6,8,9,10,15,17,19,20,21,24
6092,2,3,4,8,9,11,12,16,18,19,23,24
6093,1,2,4,5,9,14,16,18,20,21,22,24
6094,4,6,8,9,10,11,13,14,16,18,19,22
6095,2,4,5,6,11,12,13,16,19,20,21,24
6096,1,4,5,6,7,10,15,16,17,19,22,24
6097,2,3,4,8,10,13,15,17,18,19,20,23
6098,1,2,3,4,7,10,14,15,17,19,20,22
6099,2,4,6,7,10,11,12,13,16,19,20,21
6100,4,5,6,10,11,12,13,15,18,19,23,24
6101,2,6,9,10,13,14,15,16,18,20,22,23
6102,1,3,5,9,13,14,15,18,19,20,23,24
6103,1,4,5,6,8,10,11,13,14,15,17,18
6104,2,4,5,6,7,8,9,10,12,13,19,22
6105,2,3,5,6,8,11,12,13,14,15,17,21
6106,1,3,5,6,9,10,12,15,17,18,20,21
6107,2,6,8,10,11,12,13,15,16,17,21,24
6108,5,8,9,14,15,16,17,18,19,20,22,24
6109,1,2,5,8,9,10,11,12,13,14,16,18
6110,1,2,3,4,6,8,12,14,17,20,21,23
6111,2,3,5,9,10,11,12,16,19,20,21,22
6112,2,3,5,7,9,13,14,18,19,21,22,24
6113,1,3,4,5,7,9,10,13,16,18,21,24
6114,3,6,7,8,9,10,14,15,17,18,21,24
6115,2,3,6,7,10,13,15,17,19,21,22,24
6116,3,5,11,12,13,16,17,18,21,22,23,24
6117,1,3,5,6,9,12,13,14,16,17,22,24
6118,1,2,7,9,11,13,14,16,19,20,21,22
6119,3,5,7,8,10,11,15,16,17,19,20,23
6120,2,6,8,10,12,14,16,17,19,21,22,24
6121,1,4,10,11,13,14,15,16,17,19,21,23
6122,2,3,4,5,9,12,14,15,18,21,23,24
6123,1,2,3,4,6,8,11,12,13,14,15,21
6124,1,3,7,11,12,13,14,15,16,19,20,22
6125,2,4,7,8,10,12,13,16,17,20,22,23
6126,1,3,10,11,12,15,16,17,18,20,21,22
6127,2,3,6,9,11,12,17,18,19,20,22,24
6128,2,4,5,6,9,10,12,13,15,19,22,23
6129,4,7,9,10,13,17,18,19,21,22,23,24
6130,1,2,3,4,5,8,12,14,16,22,23,24
6131,4,5,6,7,8,9,10,11,12,22,23,24
6132,1,2,3,4,7,11,12,14,18,19,21,23
6133,1,5,8,10,13,14,15,16,19,20,22,23
6134,2,3,4,9,10,11,12,13,14,16,18,20
6135,1,2,3,6,7,9,12,14,17,19,20,23
6136,1,4,5,6,10,15,16,17,18,19,20,21
6137,1,3,4,7,9,10,12,13,14,16,22,24
6138,1,2,11,12,14,16,17,18,19,20,22,24
6139,2,3,4,5,7,14,18,19,20,21,22,24
6140,1,2,3,4,7,10,14,16,18,21,22,23
6141,3,5,7,8,10,11,12,14,15,18,21,24
6142,1,3,5,8,10,13,14,17,20,21,22,24
6143,1,2,4,5,10,12,15,19,20,21,23,24
6144,2,4,6,9,10,12,13,15,18,21,22,24
6145,2,3,5,7,10,15,16,17,18,19,21,23
6146,2,3,5,6,7,8,14,15,16,20,23,24
6147,5,6,7,8,9,12,13,14,15,18,23,24
6148,1,4,6,7,8,11,12,15,18,19,23,24
6149,5,6,7,9,10,11,12,15,16,18,20,24
6150,3,4,6,7,8,11,12,13,15,19,21,23
6151,2,3,4,6,7,9,11,14,18,21,23,24
6152,3,5,6,7,8,10,11,12,15,16,18,20
6153,5,6,8,10,11,13,14,15,16,20,23,24
6154,4,6,7,9,10,12,13,14,15,18,21,22
6155,1,2,3,5,6,8,12,15,17,19,22,24
6156,3,7,11,12,13,14,17,19,20,22,23,24
6157,1,5,6,7,8,9,12,16,17,18,20,23
6158,1,3,5,7,8,11,12,14,16,17,20,21
6159,4,7,11,12,13,15,16,17,19,21,22,24
6160,4,6,8,12,13,14,16,17,18,19,20,23
6161,2,4,7,9,10,12,13,14,16,17,19,21
6162,1,3,5,7,8,13,15,17,18,19,20,22
6163,1,2,3,5,7,8,9,10,18,19,20,21
6164,1,6,9,11,12,14,17,18,19,20,23,24
6165,1,7,8,11,12,13,15,17,18,22,23,24
6166,1,2,5,9,11,12,15,16,18,19,20,21
6167,3,4,6,11,12,13,14,16,18,19,22,24
6168,3,4,7,8,10,12,13,14,20,22,23,24
6169,1,2,6,8,10,14,16,17,18,22,23,24
6170,3,4,5,6,8,9,10,12,14,17,19,21
6171,1,3,4,5,8,9,10,15,16,18,19,20
6172,2,5,7,10,11,13,15,16,17,19,23,24
6173,1,3,4,5,8,12,15,16,17,20,22,24
6174,2,4,5,6,11,13,14,16,19,21,23,24
6175,6,8,9,10,12,13,15,17,18,19,21,22
6176,2,3,4,8,11,12,13,15,19,20,22,24
6177,1,2,4,7,9,11,12,13,14,18,20,22
6178,1,2,3,6,10,13,17,18,20,21,22,24
6179,1,2,5,6,11,14,15,17,19,20,21,23
6180,1,2,6,7,9,14,16,17,18,20,21,23
6181,3,4,5,9,12,13,14,15,20,21,22,24
6182,1,2,3,5,6,10,12,13,14,17,21,22
6183,1,3,4,5,7,9,10,15,18,19,21,23
6184,1,2,4,5,7,8,10,15,17,20,21,22
6185,2,4,5,7,10,16,17,19,20,21,22,23
6186,1,2,3,6,7,12,15,16,18,20,21,23
6187,1,3,6,8,10,12,13,15,16,18,19,23
6188,1,2,6,7,9,10,11,12,15,17,20,22
6189,2,3,6,8,10,11,15,17,18,20,21,22
6190,1,4,5,6,7,9,13,16,18,19,21,23
6191,2,6,11,12,14,16,17,18,20,21,22,24
6192,1,3,7,9,11,12,14,16,17,18,23,24
6193,2,3,4,8,10,12,15,16,17,18,19,20
6194,2,6,7,9,11,14,15,18,19,20,22,23
6195,1,2,4,7,8,10,12,13,15,16,20,24
6196,1,2,4,10,11,12,13,15,16,19,21,23
6197,1,2,4,5,7,9,11,15,16,19,20,21
6198,1,4,5,6,8,10,13,14,15,16,21,23
6199,2,3,5,6,7,8,14,15,18,20,21,24
6200,2,3,4,5,10,11,14,15,17,18,19,24
6201,2,8,9,10,11,12,14,19,20,21,22,23
6202,1,2,4,5,6,7,8,10,14,15,21,23
6203,1,4,5,7,8,9,12,14,16,17,19,23
6204,2,3,7,8,10,14,16,17,18,20,21,23
6205,1,4,5,6,8,10,12,14,15,17,20,22
6206,2,4,5,9,10,12,13,16,17,19,21,24
6207,2,3,5,7,8,12,13,17,18,19,21,24
6208,1,3,8,9,13,15,16,18,19,20,21,24
6209,2,4,5,6,9,10,11,13,18,20,21,23
6210,2,3,6,8,9,12,14,15,17,19,22,24
6211,7,9,11,15,16,17,18,19,21,22,23,24
6212,2,3,4,5,6,7,9,12,17,18,19,20
6213,1,2,4,5,6,10,12,13,14,16,18,23
6214,3,4,5,8,11,12,13,15,16,17,18,19
6215,1,5,7,8,12,15,16,18,19,20,21,22
6216,1,2,4,5,7,10,14,15,16,17,20,22
6217,1,2,6,11,12,13,14,16,19,22,23,24
6218,1,2,4,7,8,9,10,11,14,15,20,21
6219,1,3,4,5,6,8,9,12,14,18,20,23
6220,3,4,7,8,12,13,14,16,18,20,22,24
6221,1,2,7,14,15,16,17,18,19,20,21,22
6222,1,4,6,7,8,10,11,12,13,14,23,24
6223,1,3,6,7,9,12,13,15,16,18,20,21
6224,4,5,8,10,11,14,16,17,19,20,22,23
6225,1,2,3,6,11,12,13,18,19,22,23,24
6226,2,3,5,7,11,12,14,16,17,18,19,23
6227,1,2,3,7,8,12,13,17,19,22,23,24
6228,1,2,3,7,9,10,11,12,15,20,21,22
6229,1,3,4,6,7,12,13,16,18,20,21,23
6230,1,3,4,5,11,12,14,15,17,21,22,24
6231,1,2,5,7,8,9,10,11,14,18,21,22
6232,2,3,4,5,6,7,13,14,15,16,22,23
6233,1,4,5,7,8,14,15,18,19,20,21,23
6234,3,4,7,9,11,14,16,19,20,22,23,24
6235,2,4,8,13,14,15,17,18,19,20,23,24
6236,2,4,6,8,13,14,17,20,21,22,23,24
6237,2,4,6,7,8,10,12,15,16,17,22,24
6238,1,2,3,6,7,9,11,15,18,19,21,23
6239,1,3,4,5,8,9,12,13,17,21,22,24
6240,1,2,7,9,10,11,14,17,20,21,22,23
6241,1,2,3,4,5,7,11,12,14,16,17,18
6242,2,4,5,8,10,12,15,16,17,20,22,24
6243,3,4,6,7,11,13,14,18,19,22,23,24
6244,1,2,3,5,7,10,11,12,16,17,21,23
6245,2,3,4,5,8,9,10,11,13,20,21,24
6246,2,5,6,7,10,12,14,15,21,22,23,24
6247,5,6,7,11,12,13,14,17,19,21,22,23
6248,3,4,7,8,9,11,13,14,18,21,23,24
6249,1,6,9,10,12,13,14,17,19,20,21,24
6250,1,2,6,9,14,15,16,18,19,21,22,24
6251,1,2,5,7,8,12,13,15,19,21,23,24
6252,1,2,4,6,7,11,12,13,16,17,18,23
6253,4,5,6,7,9,10,11,15,17,18,21,22
6254,1,4,5,6,9,10,11,12,14,15,18,22
6255,3,4,5,6,13,15,17,19,21,22,23,24
6256,2,3,4,5,7,9,11,14,18,19,21,23
6257,1,3,4,6,7,8,10,14,17,18,19,21
6258,3,4,8,9,11,12,13,14,15,16,17,19
6259,1,5,6,8,9,10,12,14,16,17,21,22
6260,1,3,7,9,10,14,15,17,18,21,22,23
6261,2,3,6,7,10,11,12,17,20,22,23,24
6262,1,3,4,5,12,14,15,17,20,21,23,24
6263,3,5,6,12,13,14,15,16,19,20,21,23
6264,1,4,7,8,11,13,14,15,16,17,21,22
6265,1,3,4,5,6,7,11,12,13,17,20,21
6266,1,3,4,6,9,12,17,18,19,21,22,23
6267,1,3,4,9,11,12,13,15,17,20,21,24
6268,1,5,8,11,14,16,17,18,20,21,23,24
6269,2,7,8,10,11,12,14,15,17,18,20,23
6270,1,2,3,7,9,10,12,15,16,17,21,23
6271,1,2,4,6,8,9,12,13,15,20,23,24
6272,1,2,4,6,8,9,11,17,18,19,20,24
6273,1,3,10,12,12,14,15,18,19,20,21,24
6274,3,4,5,6,8,10,12,14,16,18,19,21
6275,7,9,10,11,12,14,15,17,18,19,22,24
6276,1,5,7,8,10,13,15,18,19,20,21,22
6277,1,4,5,6,7,8,9,10,11,16,20,22
6278,1,2,3,4,6,7,11,12,14,16,17,19
6279,1,4,7,11,12,13,15,16,17,20,22,23
6280,1,4,7,8,14,15,17,18,20,21,22,23
6281,2,3,5,9,10,11,12,15,16,19,20,24
6282,2,4,8,9,10,12,14,15,17,18,21,23
6283,1,3,4,5,7,13,15,17,18,19,21,22
6284,1,2,3,6,10,11,13,14,15,20,21,22
6285,2,4,5,10,11,12,15,16,17,18,19,23
6286,2,5,6,7,9,12,13,14,16,20,21,24
6287,1,3,6,8,10,12,13,14,15,18,21,24
6288,3,7,8,10,11,13,15,17,18,20,22,24
6289,1,3,4,7,9,10,11,12,15,16,20,23
6290,3,4,5,7,11,15,16,17,18,19,20,21
6291,1,2,3,6,8,15,18,19,21,22,23,24
6292,3,6,7,8,9,12,13,14,16,21,23,24
6293,1,2,3,4,5,7,9,10,12,16,21,22
6294,5,6,8,9,10,11,13,15,17,19,20,22
6295,1,3,4,6,7,9,13,14,15,22,23,24
6296,2,3,6,9,10,11,16,18,19,21,23,24
6297,1,3,5,6,7,8,9,10,12,15,18,22
6298,2,3,5,8,9,10,11,13,19,21,22,24
6299,1,5,6,7,9,12,13,15,16,17,20,24
6300,1,3,9,10,11,13,15,16,20,22,23,24
6301,1,3,5,7,8,9,11,16,17,20,23,24
6302,1,5,6,7,8,11,13,15,16,21,23,24
6303,3,4,6,7,8,10,16,17,18,21,22,23
6304,1,2,4,8,9,11,16,18,19,20,21,24
6305,1,3,6,7,8,11,12,16,18,21,22,23
6306,1,3,4,6,8,10,13,14,16,17,22,24
6307,1,3,7,8,9,15,16,17,19,22,23,24
6308,1,2,3,5,7,9,10,12,13,14,17,24
6309,2,3,7,8,9,11,12,14,15,17,23,24
6310,1,2,7,8,9,11,12,16,17,18,21,23
6311,2,3,5,6,9,13,15,16,17,19,23,24
6312,3,4,5,6,12,14,15,18,21,22,23,24
6313,1,2,3,8,11,12,14,15,16,21,22,24
6314,1,2,8,9,11,12,14,15,19,20,22,23
6315,2,4,5,9,10,14,17,18,20,22,23,24
6316,2,4,5,6,7,8,9,12,14,16,18,23
6317,1,3,6,7,9,10,14,15,16,17,18,24
6318,2,3,4,6,8,10,11,14,17,18,21,23
6319,4,5,6,9,10,11,16,17,19,22,23,24
6320,1,2,3,10,11,12,14,17,18,19,20,21
6321,1,3,4,7,10,11,12,15,17,18,19,23
6322,2,3,8,12,14,16,19,20,21,22,23,24
6323,3,6,8,10,11,12,13,16,17,20,22,23
6324,2,4,6,7,11,13,14,15,16,17,19,24
6325,2,3,4,6,7,8,11,14,16,21,23,24
6326,1,2,3,5,6,8,10,14,15,16,18,19
6327,2,4,7,10,14,16,17,18,20,21,22,24
6328,1,2,3,5,6,9,10,12,13,20,21,24
6329,2,3,4,6,7,8,11,13,16,18,19,20
6330,3,4,6,8,9,13,17,18,19,20,21,24
6331,1,2,4,6,7,9,12,13,14,17,18,24
6332,1,3,4,5,7,9,10,13,15,18,21,23
6333,1,2,3,5,6,9,12,17,18,19,21,23
6334,1,3,7,8,9,13,14,17,18,19,21,24
6335,2,3,5,7,12,14,15,16,17,19,20,22
6336,2,3,4,5,6,8,11,14,17,18,20,24
6337,1,3,7,8,9,12,13,14,15,16,20,24
6338,1,4,5,6,7,9,10,11,16,17,20,22
6339,1,4,5,6,7,8,12,17,18,19,20,21
6340,1,2,3,5,7,9,10,13,14,19,20,24
6341,1,2,4,5,6,9,10,11,12,13,18,23
6342,3,4,5,7,9,10,11,14,15,22,23,24
6343,2,4,7,8,9,10,11,13,16,18,19,21
6344,3,4,6,9,11,12,13,14,17,18,20,23
6345,2,4,6,8,9,10,11,13,14,17,18,24
6346,1,6,8,11,14,15,16,17,18,20,21,22
6347,6,10,11,13,14,15,16,17,19,20,22,24
6348,4,5,7,9,11,13,16,17,18,19,22,23
6349,2,4,6,7,8,10,13,14,17,19,20,23
6350,1,2,3,9,11,12,17,18,21,22,23,24
6351,2,4,7,8,9,10,14,16,17,18,19,23
6352,3,7,8,9,10,11,13,14,15,19,21,23
6353,5,7,8,9,13,14,15,16,17,19,20,21
6354,2,4,5,7,8,10,11,14,15,20,21,24
6355,5,8,9,10,12,14,15,17,19,21,22,23
6356,2,5,7,10,11,12,15,17,18,21,23,24
6357,2,4,8,11,12,14,15,16,17,18,19,23
6358,1,3,4,7,8,12,15,16,17,18,20,23
6359,1,3,4,7,9,11,14,15,18,20,22,24
6360,4,5,8,9,11,13,14,15,16,20,21,23
6361,3,4,5,8,9,11,15,16,17,19,20,23
6362,1,2,7,10,14,16,17,18,21,22,23,24
6363,1,3,4,9,13,14,16,17,18,19,20,22
6364,3,7,8,10,11,13,14,15,18,19,20,23
6365,2,4,7,8,14,16,19,20,21,22,23,24
6366,1,3,4,7,8,11,12,14,18,21,22,24
6367,1,2,3,4,6,7,10,11,14,15,16,24
6368,1,2,6,8,9,10,12,15,16,18,19,20
6369,2,6,12,13,14,15,16,17,19,21,22,24
6370,1,3,4,5,8,9,10,12,14,17,21,23
6371,3,4,5,7,11,14,15,16,20,21,22,24
6372,4,8,9,10,11,15,16,17,18,19,21,22
6373,1,3,7,9,10,13,14,15,19,22,23,24
6374,4,5,6,8,9,11,12,14,19,20,21,24
6375,1,5,6,8,12,13,15,16,19,20,21,22
6376,1,2,3,8,9,10,14,15,16,21,22,23
6377,1,4,6,8,10,11,13,14,15,20,21,23
6378,1,2,3,4,5,6,8,10,11,13,17,20
6379,1,3,9,11,12,14,16,18,19,21,22,23
6380,2,4,5,7,8,11,18,20,21,22,23,24
6381,3,4,7,9,10,11,12,14,17,21,22,24
6382,2,3,4,5,7,10,11,16,20,22,23,24
6383,1,2,3,9,13,14,17,18,19,21,23,24
6384,2,3,4,5,6,7,9,10,12,14,19,24
6385,1,3,5,7,10,12,16,17,18,22,23,24
6386,1,2,5,6,7,9,11,16,18,21,22,23
6387,2,5,10,12,13,16,17,19,21,22,23,24
6388,3,4,8,9,11,12,13,14,20,22,23,24
6389,3,4,5,7,8,10,11,13,15,17,22,24
6390,2,3,5,7,8,10,12,14,17,19,22,24
6391,2,3,8,10,12,15,17,18,19,20,22,23
6392,3,4,6,8,10,11,12,17,20,21,23,24
6393,1,4,5,11,13,14,17,18,20,22,23,24
6394,1,3,4,6,7,11,12,15,17,19,20,23
6395,4,6,7,8,9,11,12,14,17,18,19,21
6396,1,2,3,7,12,16,17,18,19,20,21,23
6397,2,5,7,8,10,11,14,15,17,19,21,23
6398,2,5,6,8,12,13,14,15,16,17,18,19
6399,2,3,5,6,8,9,11,12,14,15,16,20
6400,1,2,3,5,6,7,8,9,10,13,15,19
6401,2,3,6,8,12,13,14,15,19,20,21,24
6402,4,6,7,11,15,17,18,19,21,22,23,24
6403,2,3,4,6,7,8,13,14,17,19,20,23
6404,1,3,4,5,9,10,14,15,16,18,23,24
6405,1,2,3,6,10,11,13,14,16,18,23,24
6406,1,2,4,5,6,10,11,12,13,14,15,20
6407,1,3,7,11,12,13,15,18,21,22,23,24
6408,2,3,4,5,6,7,9,10,11,12,14,24
6409,1,2,9,12,13,16,17,20,21,22,23,24
6410,1,4,5,6,7,8,10,11,14,16,18,22
6411,1,6,7,9,11,13,14,16,17,19,23,24
6412,3,4,6,9,12,13,15,16,17,19,20,21
6413,1,7,9,12,15,16,17,20,21,22,23,24
6414,3,4,8,9,10,11,12,14,15,22,23,24
6415,3,4,5,8,11,12,13,14,17,20,22,23
6416,1,4,5,6,12,14,15,17,18,21,22,24
6417,2,7,9,12,13,15,16,18,19,20,23,24
6418,4,5,8,11,14,15,16,17,18,21,22,23
6419,2,4,6,7,8,11,12,13,15,16,22,24
6420,1,2,5,7,9,11,13,14,15,17,18,23
6421,1,3,6,7,9,11,13,14,15,16,17,18
6422,1,2,5,6,8,12,15,16,17,19,21,22
6423,2,7,8,11,12,13,14,16,18,22,23,24
6424,4,5,7,8,10,11,13,14,16,17,21,24
6425,3,5,7,8,9,11,18,19,20,21,22,24
6426,1,2,3,6,8,9,11,14,16,18,19,24
6427,1,2,4,6,9,12,13,16,18,19,23,24
6428,2,6,7,8,9,10,11,14,18,19,20,21
6429,1,3,4,5,8,9,11,12,13,18,23,24
6430,4,5,7,9,10,13,14,18,19,20,22,23
6431,6,7,8,9,10,12,13,15,16,19,22,23
6432,1,7,9,10,12,13,14,15,16,17,20,21
6433,3,5,7,9,12,13,14,15,17,18,23,24
6434,2,3,6,8,13,14,15,17,19,20,22,24
6435,1,4,9,11,12,16,17,19,20,21,22,23
6436,2,3,6,7,9,12,13,16,17,19,20,21
6437,2,3,6,8,10,11,12,15,16,17,22,23
6438,1,2,3,4,5,6,8,9,10,11,12,24
6439,1,2,7,10,11,12,16,17,20,21,23,24
6440,4,5,8,11,12,16,17,18,19,21,23,24
6441,1,2,4,5,6,9,10,16,17,18,20,21
6442,1,2,3,4,5,7,10,12,14,17,23,24
6443,1,8,9,13,14,15,17,19,20,21,22,24
6444,3,6,8,9,11,12,13,14,16,19,20,22
6445,4,6,8,9,11,14,15,18,20,22,23,24
6446,1,2,3,6,8,12,13,15,18,21,22,23
6447,1,2,5,7,11,14,15,17,18,19,21,24
6448,3,4,5,10,11,14,16,19,20,21,23,24
6449,2,6,7,8,10,11,13,14,15,17,18,19
6450,4,6,8,9,12,13,16,17,20,22,23,24
6451,1,2,3,8,9,10,11,12,13,14,18,19
6452,2,3,5,6,9,11,12,13,15,18,21,22
6453,2,3,5,6,11,12,13,14,15,21,22,24
6454,2,4,6,7,9,11,14,16,18,20,21,22
6455,3,4,6,7,8,9,15,16,20,22,23,24
6456,5,6,7,9,10,13,15,16,17,18,21,24
6457,4,5,7,9,10,12,14,16,17,19,22,23
6458,3,4,7,8,9,10,13,14,15,19,22,23
6459,1,2,5,8,10,13,15,18,20,22,23,24
6460,1,3,6,8,11,12,13,14,17,19,20,21
6461,3,8,9,11,12,14,15,16,17,19,22,24
6462,2,4,5,6,7,9,10,14,16,21,23,24
6463,1,4,7,8,11,12,14,16,20,21,23,24
6464,1,2,9,10,11,12,14,16,18,22,23,24
6465,1,3,5,8,11,12,13,16,17,19,20,22
6466,4,6,7,8,11,12,15,16,19,21,22,23
6467,1,4,6,8,9,11,13,15,16,18,19,21
6468,1,3,5,6,7,8,10,13,16,17,21,22
6469,1,4,7,8,9,12,13,15,16,17,23,24
6470,1,3,6,8,9,10,12,18,19,20,22,23
6471,3,4,5,6,7,8,11,14,16,17,18,20
6472,2,3,4,5,9,11,12,13,15,16,19,20
6473,3,4,5,7,11,14,15,16,19,20,21,23
6474,1,2,4,10,11,12,13,14,16,17,18,23
6475,1,3,4,5,6,7,8,12,18,19,21,23
6476,3,4,5,7,10,11,12,14,16,17,22,24
6477,2,3,5,7,9,12,15,18,19,20,23,24
6478,1,2,3,8,10,12,14,15,16,19,21,23
6479,4,6,7,8,9,11,16,17,18,19,20,21
6480,1,7,8,9,12,13,14,15,17,19,20,23
6481,1,2,4,5,8,12,13,15,17,18,20,21
6482,2,3,4,9,11,13,15,16,19,21,23,24
6483,1,3,5,6,7,11,13,15,20,21,22,24
6484,1,2,7,9,10,12,13,15,16,22,23,24
6485,2,5,6,7,8,11,13,15,20,21,22,24
6486,3,5,7,8,11,12,13,15,19,20,22,23
6487,3,4,6,7,13,14,16,17,19,20,21,22
6488,2,6,7,8,9,11,16,19,20,22,23,24
6489,2,3,4,5,8,10,14,15,16,18,19,22
6490,1,2,3,4,5,14,15,16,17,21,22,24
6491,2,5,6,7,8,11,12,13,16,19,20,21
6492,1,2,3,7,9,11,13,14,15,21,22,24
6493,2,4,7,8,9,11,12,17,18,20,23,24
6494,1,2,4,11,13,16,17,19,20,21,22,24
6495,2,3,4,8,9,10,11,12,15,16,19,21
6496,2,4,5,6,10,11,14,16,17,18,21,24
6497,1,2,5,8,9,11,12,13,18,19,23,24
6498,1,5,7,8,11,12,14,15,16,20,23,24
6499,1,3,4,5,7,8,11,12,13,19,21,24
6500,1,4,5,8,9,11,15,17,18,19,23,24
6501,1,2,4,5,8,9,11,14,17,18,20,24
6502,3,7,8,11,13,15,17,19,20,21,23,24
6503,3,4,5,7,8,9,10,12,13,15,16,19
6504,2,4,5,6,10,11,12,13,15,16,22,23
6505,1,4,7,9,11,12,13,14,15,17,19,23
6506,1,2,3,6,7,10,11,12,17,21,23,24
6507,1,3,4,11,12,13,15,16,17,20,22,23
6508,1,2,3,6,9,10,14,15,17,18,20,21
6509,3,4,5,6,8,9,11,13,14,15,17,19
6510,3,6,7,9,10,11,15,16,17,18,22,24
6511,2,5,8,11,12,14,15,16,18,21,23,24
6512,1,5,7,8,10,12,13,16,17,18,21,22
6513,2,4,6,8,11,13,16,18,19,21,22,24
6514,1,3,7,8,10,14,16,18,19,20,21,22
6515,4,5,8,9,11,12,13,14,15,17,18,23
6516,3,4,7,8,9,10,14,16,18,19,20,21
6517,2,4,5,6,10,11,14,15,17,19,20,24
6518,3,4,5,6,8,11,12,14,17,19,20,22
6519,1,2,3,5,7,11,12,14,15,21,22,24
6520,1,2,5,6,9,10,11,13,14,17,19,22
6521,2,3,4,7,11,13,14,15,16,17,21,24
6522,1,2,4,7,11,12,13,14,18,19,21,24
6523,4,6,7,8,12,13,14,17,19,20,23,24
6524,4,6,7,8,10,11,13,15,16,20,21,24
6525,1,2,3,8,14,17,18,19,20,21,23,24
6526,3,4,5,8,10,12,13,15,16,19,20,22
6527,1,3,4,9,10,15,17,19,20,21,22,23
6528,1,2,3,5,9,11,13,17,18,19,21,23
6529,3,4,5,6,7,10,12,13,15,17,20,22
6530,2,4,6,7,9,13,14,16,18,20,21,23
6531,2,3,9,12,14,15,16,17,19,21,22,24
6532,4,5,7,8,9,10,12,14,16,20,23,24
6533,2,5,6,7,11,13,14,19,20,21,22,23
6534,1,3,5,7,11,13,15,17,18,22,23,24
6535,2,3,5,6,7,8,11,19,20,21,22,23
6536,3,4,5,6,7,9,11,12,14,20,21,24
6537,8,10,11,12,13,15,16,17,20,21,22,23
6538,2,3,4,5,6,8,13,15,17,21,22,23
6539,1,2,3,4,6,8,9,10,14,16,21,22
6540,2,3,6,7,11,12,13,18,19,20,21,22
6541,1,4,7,8,12,14,15,16,17,20,22,23
6542,2,6,9,10,11,14,16,18,19,21,22,23
6543,1,2,4,7,9,13,14,15,16,18,20,24
6544,1,4,5,6,8,9,11,13,16,18,19,20
6545,2,4,6,7,10,11,14,15,16,19,23,24
6546,1,2,8,9,10,11,14,15,17,18,19,20
6547,1,2,4,5,6,7,8,9,11,18,19,21
6548,1,3,5,14,15,16,17,19,20,21,23,24
6549,1,3,6,7,11,12,13,14,15,18,21,23
6550,2,7,10,11,14,16,18,19,20,21,22,23
6551,2,6,8,9,10,11,12,17,18,20,23,24
6552,1,2,4,7,10,11,14,15,18,20,23,24
6553,4,5,8,9,11,12,16,17,19,20,21,22
6554,3,4,6,8,9,12,14,15,17,19,20,21
6555,1,3,5,6,9,11,12,15,18,21,22,23
6556,1,3,4,5,7,10,15,16,17,21,22,23
6557,1,3,4,6,7,9,11,12,13,18,22,24
6558,4,8,9,10,11,12,13,14,15,17,18,20
6559,1,5,6,7,8,9,12,14,15,16,17,20
6560,1,2,4,5,8,10,12,13,15,19,21,23
6561,1,2,3,4,5,8,9,13,17,20,21,23
6562,1,2,3,5,7,8,14,15,17,18,19,20
6563,2,4,6,7,8,10,11,12,16,19,22,23
6564,2,5,6,9,12,13,14,15,18,20,22,23
6565,7,9,11,12,13,16,18,19,20,21,23,24
6566,1,4,5,6,9,10,11,15,16,20,23,24
6567,1,3,4,7,11,13,15,16,17,21,22,23
6568,1,3,4,7,9,13,15,16,21,22,23,24
6569,1,4,5,6,7,9,10,14,15,17,22,23
6570,1,2,3,6,9,12,13,14,16,20,21,22
6571,2,4,5,7,8,10,11,14,15,16,17,24
6572,1,5,6,7,8,9,13,14,17,20,21,23
6573,1,2,3,4,6,9,10,15,16,17,21,23
6574,1,3,6,8,9,13,14,19,20,21,23,24
6575,1,3,5,7,9,10,11,12,17,20,22,23
6576,3,6,9,11,14,15,16,17,19,21,23,24
6577,4,5,8,10,11,14,18,20,21,22,23,24
6578,2,4,6,8,11,12,14,15,18,19,21,22
6579,2,3,7,8,11,15,18,19,20,22,23,24
6580,3,4,6,7,8,10,11,12,17,21,22,24
6581,3,5,6,7,9,11,14,15,17,18,20,21
6582,1,4,5,6,9,11,14,17,18,19,21,23
6583,1,2,3,4,5,6,7,8,11,14,16,22
6584,2,5,10,12,14,15,16,17,18,19,20,24
6585,3,5,7,10,11,12,14,15,17,18,20,21
6586,2,3,4,5,6,8,10,11,15,18,21,22
6587,3,7,8,10,11,13,14,15,16,17,22,23
6588,3,4,6,8,9,11,12,13,14,17,23,24
6589,1,3,4,8,9,13,14,15,18,19,22,24
6590,1,3,4,6,10,12,16,17,19,21,22,23
6591,2,3,4,8,10,11,13,15,16,17,20,23
6592,2,3,5,6,7,9,15,16,17,19,20,22
6593,4,5,6,7,10,11,13,16,17,18,21,23
6594,1,2,3,4,9,10,12,13,15,20,21,24
6595,3,4,5,9,11,12,13,15,16,18,21,24
6596,1,2,3,7,10,11,12,13,17,19,20,22
6597,3,5,7,8,10,13,14,15,16,17,19,22
6598,2,4,5,8,11,14,16,17,20,22,23,24
6599,3,4,9,10,11,12,16,17,18,20,23,24
6600,1,2,4,5,7,8,9,11,13,20,21,24
6601,1,2,3,6,7,8,15,16,17,20,22,23
6602,6,8,9,12,13,14,16,17,19,21,22,24
6603,1,5,7,8,10,13,15,18,19,20,21,24
6604,1,4,5,8,9,10,14,15,17,21,22,24
6605,3,5,6,7,8,9,11,13,18,21,22,24
6606,1,3,5,6,8,9,10,13,16,17,19,22
6607,1,3,4,6,8,9,12,16,18,22,23,24
6608,2,3,5,9,10,11,12,16,18,19,20,21
6609,2,5,6,7,9,10,11,13,16,17,19,22
6610,2,4,5,6,8,9,10,11,13,14,21,23
6611,3,4,6,7,9,11,17,18,20,22,23,24
6612,1,2,4,8,9,11,12,13,15,21,23,24
6613,1,4,5,6,10,11,15,17,19,20,21,23
6614,3,6,7,10,12,13,15,17,18,19,20,22
6615,5,6,8,10,11,14,15,17,19,21,23,24
6616,1,2,3,5,7,9,10,12,15,17,18,23
6617,3,4,7,10,11,12,14,17,19,20,21,24
6618,2,4,6,7,9,11,12,14,15,20,21,24
6619,2,3,4,5,6,7,11,13,16,17,18,19
6620,2,3,4,10,11,12,14,16,20,22,23,24
6621,1,3,4,7,8,11,12,13,16,18,20,22
6622,1,2,3,4,5,9,12,15,16,18,21,23
6623,1,3,5,6,8,9,10,11,17,19,20,24
6624,1,4,6,9,11,12,13,17,18,20,22,23
6625,2,4,9,12,13,14,16,17,19,21,22,24
6626,1,2,5,6,8,10,11,12,14,16,21,23
6627,2,4,10,11,12,15,16,17,19,20,23,24
6628,1,3,8,12,13,15,18,19,20,21,23,24
6629,1,2,6,7,9,12,13,15,16,18,20,22
6630,1,2,4,6,8,9,10,11,12,17,18,21
6631,4,5,8,12,13,14,15,16,18,19,21,22
6632,3,4,7,9,10,14,15,17,18,19,20,24
6633,1,2,4,8,9,13,16,17,18,19,23,24
6634,3,5,6,11,12,13,14,15,18,19,22,24
6635,1,2,3,5,8,9,10,11,18,19,20,23
6636,1,3,6,7,8,9,11,12,15,17,20,23
6637,2,5,9,10,11,13,14,17,18,20,21,23
6638,2,3,5,8,9,10,14,15,16,18,20,24
6639,1,2,4,5,6,8,10,15,16,17,20,23
6640,1,2,6,7,9,11,14,17,18,21,22,23
6641,3,4,6,8,12,14,15,16,18,21,22,23
6642,1,2,3,4,8,9,10,11,13,14,22,24
6643,1,6,9,10,11,13,14,18,19,20,22,23
6644,2,3,5,6,7,8,11,12,14,15,20,23
6645,1,3,4,8,9,11,12,13,15,18,21,23
6646,1,4,5,6,11,12,13,15,16,21,22,24
6647,2,4,6,7,9,10,12,14,18,20,23,24
6648,1,2,3,4,9,11,13,14,15,19,20,22
6649,1,2,3,5,6,7,8,10,12,13,20,23
6650,3,5,6,10,11,15,17,18,19,20,22,24
6651,4,5,6,8,11,12,13,14,18,19,20,23
6652,2,3,8,9,11,14,19,20,21,22,23,24
6653,2,3,4,5,7,12,14,15,16,19,22,23
6654,1,4,5,6,9,14,16,18,19,20,22,24
6655,1,3,6,8,10,13,14,19,20,22,23,24
6656,4,5,6,9,10,11,12,14,15,19,20,23
6657,1,4,5,6,7,8,9,10,14,17,19,22
6658,3,4,5,8,9,12,13,15,17,18,19,23
6659,4,5,6,9,10,11,13,15,16,17,23,24
6660,3,4,5,6,8,9,14,17,19,21,22,23
6661,1,2,4,7,8,9,10,12,16,18,19,24
6662,1,3,4,5,6,11,12,13,14,17,19,22
6663,2,3,4,5,8,10,11,12,13,16,20,21
6664,2,3,5,7,9,12,13,15,16,17,18,19
6665,1,2,3,5,9,10,12,13,14,18,21,23
6666,1,2,3,4,5,6,9,10,14,15,18,24
6667,4,8,9,10,11,12,15,18,20,21,22,23
6668,1,4,8,12,13,14,15,16,17,18,19,21
6669,1,2,3,7,8,10,13,14,15,16,21,22
6670,5,6,9,11,12,13,15,18,19,20,21,24
6671,3,5,7,8,11,12,14,15,17,18,20,21
6672,1,3,6,7,9,10,12,14,17,20,23,24
6673,1,2,3,4,7,11,17,19,21,22,23,24
6674,3,5,7,8,9,10,15,17,18,19,20,23
6675,4,5,7,9,11,13,15,18,20,21,22,24
6676,1,2,4,6,8,10,12,13,14,18,20,23
6677,2,3,7,8,9,10,11,13,18,22,23,24
6678,3,5,7,8,9,11,12,16,18,19,20,23
6679,1,3,6,7,8,10,13,17,19,20,21,22
6680,1,2,3,4,9,10,12,13,15,16,18,23
6681,1,2,3,4,5,11,12,13,15,19,22,24
6682,1,3,4,6,9,10,13,14,18,19,21,22
6683,1,3,4,5,6,8,11,12,13,15,23,24
